sampleID,sampleshortID,source,GFPcategory,FOScategory,FullCategory,FOSraw,GFPraw,PROX1Raw,CTIP2Raw,mouse_number,mouse_birthdate,sex,exposure_type,timepoint,sort_plate,sort_date,library_date
260310_001,1,"plate 9, D1",Neg,Pos,GFPNegFOSPos,1064.985635,2392.799173,9017.333353,760.0801224,ConSameM4,6/5/2025,M,reexposed_same,3d,H3209Z16,11/3/2025,3/10/2026
260310_002,2,"plate 9, B1",Neg,Neg,GFPNegFOSNeg,58.55690645,1303.870246,4391.148507,453.1583638,ConSameM4,6/5/2025,M,reexposed_same,3d,H3209Z16,11/3/2025,3/10/2026
260310_003,3,"plate 9, C1",Neg,Neg,GFPNegFOSNeg,102.7350768,1868.462453,10794.51477,813.1230081,ConSameM4,6/5/2025,M,reexposed_same,3d,H3209Z16,11/3/2025,3/10/2026
260310_004,4,"plate 7, D1",Neg,Pos,GFPNegFOSPos,1560.843553,3064.277731,8058.421878,679.252507,ConSameM1,6/5/2025,M,reexposed_same,3d,H3209Z1B,11/3/2025,3/10/2026
260310_005,5,"plate 7, E1",Neg,Pos,GFPNegFOSPos,850.5258154,2502.865431,7532.742557,593.5229272,ConSameM1,6/5/2025,M,reexposed_same,3d,H3209Z1B,11/3/2025,3/10/2026
260310_006,6,"plate 7, F1",Pos,Pos,GFPPosFOSPos,743.1795488,15468.67536,9646.616199,567.4221043,ConSameM1,6/5/2025,M,reexposed_same,3d,H3209Z1B,11/3/2025,3/10/2026
260310_007,7,"plate 7, G1",Neg,Pos,GFPNegFOSPos,474.0031742,3205.231299,9432.12125,760.0801224,ConSameM1,6/5/2025,M,reexposed_same,3d,H3209Z1B,11/3/2025,3/10/2026
260310_008,8,"plate 7, H1",Pos,Pos,GFPPosFOSPos,1113.97386,12079.00747,7704.04392,474.0031742,ConSameM1,6/5/2025,M,reexposed_same,3d,H3209Z1B,11/3/2025,3/10/2026
260310_009,9,"plate 9, D7",Neg,Pos,GFPNegFOSPos,1426.582444,2559.78285,12079.00747,850.5258154,ConSameM4,6/5/2025,M,reexposed_same,3d,H3209Z16,11/3/2025,3/10/2026
260310_010,10,"plate 9, E7",Neg,Pos,GFPNegFOSPos,1363.846913,1394.862022,8241.677663,530.4071563,ConSameM4,6/5/2025,M,reexposed_same,3d,H3209Z16,11/3/2025,3/10/2026
260310_011,11,"plate 9, K1",Neg,Neg,GFPNegFOSNeg,91.81013479,2800.693768,4697.588817,484.7824342,ConSingleNEM7,6/2/2025,M,singleNE,3d,H3209Z16,11/3/2025,3/10/2026
260310_012,12,"plate 9, L1",Neg,Neg,GFPNegFOSNeg,109.904538,3428.911294,11291.05115,889.6491128,ConSingleNEM7,6/2/2025,M,singleNE,3d,H3209Z16,11/3/2025,3/10/2026
260310_013,13,"plate 7, M1",Pos,Neg,GFPPosFOSNeg,150.5685871,8058.421878,7532.742557,694.699322,ConSingleNEM5,6/2/2025,M,singleNE,3d,H3209Z1B,11/3/2025,3/10/2026
260310_014,14,"plate 7, N1",Pos,Neg,GFPPosFOSNeg,58.55690645,9222.395651,6582.022689,443.082273,ConSingleNEM5,6/2/2025,M,singleNE,3d,H3209Z1B,11/3/2025,3/10/2026
260310_015,15,"plate 7, O1",Pos,Neg,GFPPosFOSNeg,176.2356441,9432.12125,13516.34832,2392.799173,ConSingleNEM5,6/2/2025,M,singleNE,3d,H3209Z1B,11/3/2025,3/10/2026
260310_016,16,"plate 7, P1",Pos,Neg,GFPPosFOSNeg,137.6169331,7704.04392,8241.677663,973.3773809,ConSingleNEM5,6/2/2025,M,singleNE,3d,H3209Z1B,11/3/2025,3/10/2026
260310_017,17,"plate 9, D2",Neg,Pos,GFPNegFOSPos,607.0201742,2138.346721,8241.677663,554.8053304,ConSameM4,6/5/2025,M,reexposed_same,3d,H3209Z16,11/3/2025,3/10/2026
260310_018,18,"plate 9, B2",Neg,Neg,GFPNegFOSNeg,80.22262618,1998.854812,8620.78621,889.6491128,ConSameM4,6/5/2025,M,reexposed_same,3d,H3209Z16,11/3/2025,3/10/2026
260310_019,19,"plate 9, C2",Neg,Neg,GFPNegFOSNeg,102.7350768,2186.974655,5256.578144,530.4071563,ConSameM4,6/5/2025,M,reexposed_same,3d,H3209Z16,11/3/2025,3/10/2026
260310_020,20,"plate 7, D2",Neg,Pos,GFPNegFOSPos,995.5128609,2186.974655,6435.669751,433.2302267,ConSameM1,6/5/2025,M,reexposed_same,3d,H3209Z1B,11/3/2025,3/10/2026
260310_021,21,"plate 7, E2",Neg,Pos,GFPNegFOSPos,795.0430125,1998.854812,10319.81412,995.5128609,ConSameM1,6/5/2025,M,reexposed_same,3d,H3209Z1B,11/3/2025,3/10/2026
260310_022,22,"plate 7, F2",Pos,Neg,GFPPosFOSNeg,73.32201221,10090.35045,5256.578144,433.2302267,ConSameM1,6/5/2025,M,reexposed_same,3d,H3209Z1B,11/3/2025,3/10/2026
260310_023,23,"plate 7, G2",Neg,Pos,GFPNegFOSPos,1041.305411,2677.530182,6884.788844,507.0819188,ConSameM1,6/5/2025,M,reexposed_same,3d,H3209Z1B,11/3/2025,3/10/2026
260310_024,24,"plate 7, H2",Pos,Neg,GFPPosFOSNeg,73.32201221,12079.00747,7704.04392,554.8053304,ConSameM1,6/5/2025,M,reexposed_same,3d,H3209Z1B,11/3/2025,3/10/2026
260310_025,25,"plate 9, D8",Neg,Pos,GFPNegFOSPos,973.3773809,2559.78285,8241.677663,495.8068242,ConSameM4,6/5/2025,M,reexposed_same,3d,H3209Z16,11/3/2025,3/10/2026
260310_026,26,"plate 9, E8",Neg,Pos,GFPNegFOSPos,2392.799173,2677.530182,12634.62918,1041.305411,ConSameM4,6/5/2025,M,reexposed_same,3d,H3209Z16,11/3/2025,3/10/2026
260310_027,27,"plate 9, K2",Neg,Neg,GFPNegFOSNeg,89.76871324,3506.887831,12079.00747,909.8805365,ConSingleNEM7,6/2/2025,M,singleNE,3d,H3209Z16,11/3/2025,3/10/2026
260310_028,28,"plate 9, L2",Neg,Neg,GFPNegFOSNeg,59.88854335,2090.800041,6292.571008,554.8053304,ConSingleNEM7,6/2/2025,M,singleNE,3d,H3209Z16,11/3/2025,3/10/2026
260310_029,29,"plate 7, M2",Pos,Neg,GFPPosFOSNeg,143.947168,10319.81412,15468.67536,2677.530182,ConSingleNEM5,6/2/2025,M,singleNE,3d,H3209Z1B,11/3/2025,3/10/2026
260310_030,30,"plate 7, N2",Pos,Neg,GFPPosFOSNeg,153.9926526,9222.395651,11291.05115,995.5128609,ConSingleNEM5,6/2/2025,M,singleNE,3d,H3209Z1B,11/3/2025,3/10/2026
260310_031,31,"plate 7, O2",Pos,Pos,GFPPosFOSPos,423.5972432,7532.742557,4913.672986,507.0819188,ConSingleNEM5,6/2/2025,M,singleNE,3d,H3209Z1B,11/3/2025,3/10/2026
260310_032,32,"plate 7, P2",Pos,Neg,GFPPosFOSNeg,65.52488237,12079.00747,7704.04392,484.7824342,ConSingleNEM5,6/2/2025,M,singleNE,3d,H3209Z1B,11/3/2025,3/10/2026
260310_033,33,"plate 9, D3",Neg,Pos,GFPNegFOSPos,777.3650302,1596.338544,5139.696801,353.8572719,ConSameM4,6/5/2025,M,reexposed_same,3d,H3209Z16,11/3/2025,3/10/2026
260310_034,34,"plate 7, B3",Neg,Neg,GFPNegFOSNeg,59.88854335,2502.865431,10554.49601,973.3773809,ConSameM1,6/5/2025,M,reexposed_same,3d,H3209Z1B,11/3/2025,3/10/2026
260310_035,35,"plate 7, C3",Neg,Neg,GFPNegFOSNeg,68.53895839,2236.708432,7532.742557,869.86754,ConSameM1,6/5/2025,M,reexposed_same,3d,H3209Z1B,11/3/2025,3/10/2026
260310_036,36,"plate 7, D3",Neg,Pos,GFPNegFOSPos,1459.024216,2339.594679,12634.62918,973.3773809,ConSameM1,6/5/2025,M,reexposed_same,3d,H3209Z1B,11/3/2025,3/10/2026
260310_037,37,"plate 7, E3",Neg,Pos,GFPNegFOSPos,1089.20437,2447.213586,6152.654101,507.0819188,ConSameM1,6/5/2025,M,reexposed_same,3d,H3209Z1B,11/3/2025,3/10/2026
260310_038,38,"plate 7, F3",Pos,Neg,GFPPosFOSNeg,52.32991147,11291.05115,5256.578144,518.6134192,ConSameM1,6/5/2025,M,reexposed_same,3d,H3209Z1B,11/3/2025,3/10/2026
260310_039,39,"plate 7, G3",Neg,Pos,GFPNegFOSPos,2287.5732,3352.668585,13823.72227,1089.20437,ConSameM1,6/5/2025,M,reexposed_same,3d,H3209Z1B,11/3/2025,3/10/2026
260310_040,40,"plate 7, H3",Pos,Pos,GFPPosFOSPos,679.252507,11039.99178,7704.04392,580.325795,ConSameM1,6/5/2025,M,reexposed_same,3d,H3209Z1B,11/3/2025,3/10/2026
260310_041,41,"plate 9, D9",Neg,Pos,GFPNegFOSPos,2044.310574,3278.121151,14138.08619,1113.97386,ConSameM4,6/5/2025,M,reexposed_same,3d,H3209Z16,11/3/2025,3/10/2026
260310_042,42,"plate 9, E9",Neg,Pos,GFPNegFOSPos,831.614159,2738.419634,7532.742557,474.0031742,ConSameM4,6/5/2025,M,reexposed_same,3d,H3209Z16,11/3/2025,3/10/2026
260310_043,43,"plate 7, K3",Neg,Neg,GFPNegFOSNeg,87.77268322,2559.78285,9017.333353,777.3650302,ConSingleNEM5,6/2/2025,M,singleNE,3d,H3209Z1B,11/3/2025,3/10/2026
260310_044,44,"plate 7, L3",Neg,Neg,GFPNegFOSNeg,71.69167874,2447.213586,5025.414344,453.1583638,ConSingleNEM5,6/2/2025,M,singleNE,3d,H3209Z1B,11/3/2025,3/10/2026
260310_045,45,"plate 7, M3",Pos,Neg,GFPPosFOSNeg,44.70855412,11547.81985,5882.084376,542.4690937,ConSingleNEM5,6/2/2025,M,singleNE,3d,H3209Z1B,11/3/2025,3/10/2026
260310_046,46,"plate 7, N3",Pos,Neg,GFPPosFOSNeg,64.06792006,11547.81985,7704.04392,580.325795,ConSingleNEM5,6/2/2025,M,singleNE,3d,H3209Z1B,11/3/2025,3/10/2026
260310_047,47,"plate 7, O3",Pos,Neg,GFPPosFOSNeg,61.25046287,8816.830668,4593.136742,518.6134192,ConSingleNEM5,6/2/2025,M,singleNE,3d,H3209Z1B,11/3/2025,3/10/2026
260310_048,48,"plate 7, P3",Pos,Neg,GFPPosFOSNeg,180.2434016,8241.677663,4804.416225,593.5229272,ConSingleNEM5,6/2/2025,M,singleNE,3d,H3209Z1B,11/3/2025,3/10/2026
260310_049,49,"plate 9, D4",Neg,Pos,GFPNegFOSPos,649.3816316,3352.668585,9017.333353,664.1491559,ConSameM4,6/5/2025,M,reexposed_same,3d,H3209Z16,11/3/2025,3/10/2026
260310_050,50,"plate 7, B4",Neg,Neg,GFPNegFOSNeg,64.06792006,1596.338544,5498.375237,580.325795,ConSameM1,6/5/2025,M,reexposed_same,3d,H3209Z1B,11/3/2025,3/10/2026
260310_051,51,"plate 7, C4",Neg,Neg,GFPNegFOSNeg,102.7350768,3133.962171,7879.240831,679.252507,ConSameM1,6/5/2025,M,reexposed_same,3d,H3209Z1B,11/3/2025,3/10/2026
260310_052,52,"plate 7, D4",Neg,Pos,GFPNegFOSPos,495.8068242,3064.277731,10319.81412,694.699322,ConSameM1,6/5/2025,M,reexposed_same,3d,H3209Z1B,11/3/2025,3/10/2026
260310_053,53,"plate 7, E4",Neg,Pos,GFPNegFOSPos,726.6547637,2392.799173,9432.12125,889.6491128,ConSameM1,6/5/2025,M,reexposed_same,3d,H3209Z1B,11/3/2025,3/10/2026
260310_054,54,"plate 7, F4",Pos,Pos,GFPPosFOSPos,664.1491559,8429.10085,7879.240831,1333.521432,ConSameM1,6/5/2025,M,reexposed_same,3d,H3209Z1B,11/3/2025,3/10/2026
260310_055,55,"plate 7, G4",Neg,Pos,GFPNegFOSPos,1303.870246,2800.693768,14138.08619,995.5128609,ConSameM1,6/5/2025,M,reexposed_same,3d,H3209Z1B,11/3/2025,3/10/2026
260310_056,56,"plate 7, H4",Pos,Neg,GFPPosFOSNeg,114.9600317,13215.8089,8816.830668,620.8243607,ConSameM1,6/5/2025,M,reexposed_same,3d,H3209Z1B,11/3/2025,3/10/2026
260310_057,57,"plate 9, D10",Neg,Pos,GFPNegFOSPos,1426.582444,2186.974655,7041.355155,664.1491559,ConSameM4,6/5/2025,M,reexposed_same,3d,H3209Z16,11/3/2025,3/10/2026
260310_058,58,"plate 9, E10",Neg,Pos,GFPNegFOSPos,1669.768447,2800.693768,12634.62918,1041.305411,ConSameM4,6/5/2025,M,reexposed_same,3d,H3209Z16,11/3/2025,3/10/2026
260310_059,59,"plate 7, K4",Neg,Neg,GFPNegFOSNeg,54.73703263,2996.142741,7704.04392,554.8053304,ConSingleNEM5,6/2/2025,M,singleNE,3d,H3209Z1B,11/3/2025,3/10/2026
260310_060,60,"plate 7, L4",Neg,Neg,GFPNegFOSNeg,59.88854335,2996.142741,10090.35045,930.5720409,ConSingleNEM5,6/2/2025,M,singleNE,3d,H3209Z1B,11/3/2025,3/10/2026
260310_061,61,"plate 7, M4",Pos,Neg,GFPPosFOSNeg,180.2434016,7704.04392,4491.007186,542.4690937,ConSingleNEM5,6/2/2025,M,singleNE,3d,H3209Z1B,11/3/2025,3/10/2026
260310_062,62,"plate 7, N4",Pos,Neg,GFPPosFOSNeg,188.5344095,7704.04392,4491.007186,580.325795,ConSingleNEM5,6/2/2025,M,singleNE,3d,H3209Z1B,11/3/2025,3/10/2026
260310_063,63,"plate 7, O4",Pos,Neg,GFPPosFOSNeg,89.76871324,16924.49134,11291.05115,542.4690937,ConSingleNEM5,6/2/2025,M,singleNE,3d,H3209Z1B,11/3/2025,3/10/2026
260310_064,64,"plate 7, P4",Pos,Neg,GFPPosFOSNeg,74.98942093,13215.8089,8816.830668,530.4071563,ConSingleNEM5,6/2/2025,M,singleNE,3d,H3209Z1B,11/3/2025,3/10/2026
260310_065,65,"plate 9, D5",Neg,Pos,GFPNegFOSPos,1018.151722,2617.994622,11547.81985,995.5128609,ConSameM4,6/5/2025,M,reexposed_same,3d,H3209Z16,11/3/2025,3/10/2026
260310_066,66,"plate 7, B5",Neg,Neg,GFPNegFOSNeg,64.06792006,2738.419634,12353.695,1139.306631,ConSameM1,6/5/2025,M,reexposed_same,3d,H3209Z1B,11/3/2025,3/10/2026
260310_067,67,"plate 7, C5",Neg,Neg,GFPNegFOSNeg,80.22262618,1707.740488,5376.117475,567.4221043,ConSameM1,6/5/2025,M,reexposed_same,3d,H3209Z1B,11/3/2025,3/10/2026
260310_068,68,"plate 7, D5",Neg,Pos,GFPNegFOSPos,1998.854812,2929.52275,12079.00747,1139.306631,ConSameM1,6/5/2025,M,reexposed_same,3d,H3209Z1B,11/3/2025,3/10/2026
260310_069,69,"plate 7, E5",Neg,Pos,GFPNegFOSPos,1998.854812,2044.310574,11039.99178,1064.985635,ConSameM1,6/5/2025,M,reexposed_same,3d,H3209Z1B,11/3/2025,3/10/2026
260310_070,70,"plate 7, F5",Pos,Pos,GFPPosFOSPos,1218.814185,12353.695,5498.375237,414.1784514,ConSameM1,6/5/2025,M,reexposed_same,3d,H3209Z1B,11/3/2025,3/10/2026
260310_071,71,"plate 7, G5",Neg,Pos,GFPNegFOSPos,1596.338544,3352.668585,13215.8089,995.5128609,ConSameM1,6/5/2025,M,reexposed_same,3d,H3209Z1B,11/3/2025,3/10/2026
260310_072,72,"plate 7, H5",Pos,Neg,GFPPosFOSNeg,100.4507364,11039.99178,6292.571008,484.7824342,ConSameM1,6/5/2025,M,reexposed_same,3d,H3209Z1B,11/3/2025,3/10/2026
260310_073,73,"plate 9, D11",Neg,Pos,GFPNegFOSPos,1191.713543,1910.952975,6152.654101,463.4635939,ConSameM4,6/5/2025,M,reexposed_same,3d,H3209Z16,11/3/2025,3/10/2026
260310_074,74,"plate 9, E11",Neg,Pos,GFPNegFOSPos,909.8805365,2677.530182,4013.429375,484.7824342,ConSameM4,6/5/2025,M,reexposed_same,3d,H3209Z16,11/3/2025,3/10/2026
260310_075,75,"plate 7, K5",Neg,Neg,GFPNegFOSNeg,53.51994088,2447.213586,6015.848283,518.6134192,ConSingleNEM5,6/2/2025,M,singleNE,3d,H3209Z1B,11/3/2025,3/10/2026
260310_076,76,"plate 7, L5",Neg,Neg,GFPNegFOSNeg,59.88854335,3133.962171,9646.616199,930.5720409,ConSingleNEM5,6/2/2025,M,singleNE,3d,H3209Z1B,11/3/2025,3/10/2026
260310_077,77,"plate 7, M5",Pos,Neg,GFPPosFOSNeg,252.5478933,8816.830668,5498.375237,554.8053304,ConSingleNEM5,6/2/2025,M,singleNE,3d,H3209Z1B,11/3/2025,3/10/2026
260310_078,78,"plate 7, N5",Pos,Neg,GFPPosFOSNeg,246.932427,11547.81985,15468.67536,1191.713543,ConSingleNEM5,6/2/2025,M,singleNE,3d,H3209Z1B,11/3/2025,3/10/2026
260310_079,79,"plate 7, O5",Pos,Neg,GFPPosFOSNeg,89.76871324,11291.05115,6015.848283,507.0819188,ConSingleNEM5,6/2/2025,M,singleNE,3d,H3209Z1B,11/3/2025,3/10/2026
260310_080,80,"plate 7, P5",Pos,Neg,GFPPosFOSNeg,98.21718892,11547.81985,8429.10085,580.325795,ConSingleNEM5,6/2/2025,M,singleNE,3d,H3209Z1B,11/3/2025,3/10/2026
260310_081,81,"plate 9, D6",Neg,Pos,GFPNegFOSPos,889.6491128,1669.768447,8058.421878,507.0819188,ConSameM4,6/5/2025,M,reexposed_same,3d,H3209Z16,11/3/2025,3/10/2026
260310_082,82,"plate 7, B6",Neg,Neg,GFPNegFOSNeg,58.55690645,2287.5732,7704.04392,743.1795488,ConSameM1,6/5/2025,M,reexposed_same,3d,H3209Z1B,11/3/2025,3/10/2026
260310_083,83,"plate 7, C6",Neg,Neg,GFPNegFOSNeg,89.76871324,1707.740488,6152.654101,463.4635939,ConSameM1,6/5/2025,M,reexposed_same,3d,H3209Z1B,11/3/2025,3/10/2026
260310_084,84,"plate 7, D6",Neg,Pos,GFPNegFOSPos,1394.862022,2864.384071,14788.42336,1041.305411,ConSameM1,6/5/2025,M,reexposed_same,3d,H3209Z1B,11/3/2025,3/10/2026
260310_085,85,"plate 7, E6",Neg,Pos,GFPNegFOSPos,710.4974114,2186.974655,6731.703824,453.1583638,ConSameM1,6/5/2025,M,reexposed_same,3d,H3209Z1B,11/3/2025,3/10/2026
260310_086,86,"plate 7, F6",Pos,Neg,GFPPosFOSNeg,206.2781012,10319.81412,9017.333353,813.1230081,ConSameM1,6/5/2025,M,reexposed_same,3d,H3209Z1B,11/3/2025,3/10/2026
260310_087,87,"plate 7, G6",Neg,Pos,GFPNegFOSPos,930.5720409,2996.142741,7532.742557,507.0819188,ConSameM1,6/5/2025,M,reexposed_same,3d,H3209Z1B,11/3/2025,3/10/2026
260310_088,88,"plate 7, H6",Pos,Neg,GFPPosFOSNeg,143.947168,12921.95205,9017.333353,554.8053304,ConSameM1,6/5/2025,M,reexposed_same,3d,H3209Z1B,11/3/2025,3/10/2026
260310_089,89,"plate 9, D12",Neg,Pos,GFPNegFOSPos,593.5229272,2502.865431,6582.022689,433.2302267,ConSameM4,6/5/2025,M,reexposed_same,3d,H3209Z16,11/3/2025,3/10/2026
260310_090,90,"plate 9, E12",Neg,Pos,GFPNegFOSPos,634.9424669,3064.277731,13516.34832,973.3773809,ConSameM4,6/5/2025,M,reexposed_same,3d,H3209Z16,11/3/2025,3/10/2026
260310_091,91,"plate 7, K6",Neg,Neg,GFPNegFOSNeg,62.64335367,2447.213586,10090.35045,850.5258154,ConSingleNEM5,6/2/2025,M,singleNE,3d,H3209Z1B,11/3/2025,3/10/2026
260310_092,92,"plate 7, L6",Neg,Neg,GFPNegFOSNeg,70.09759615,3205.231299,12921.95205,1041.305411,ConSingleNEM5,6/2/2025,M,singleNE,3d,H3209Z1B,11/3/2025,3/10/2026
260310_093,93,"plate 7, M6",Pos,Neg,GFPPosFOSNeg,93.8979801,13823.72227,7704.04392,518.6134192,ConSingleNEM5,6/2/2025,M,singleNE,3d,H3209Z1B,11/3/2025,3/10/2026
260310_094,94,"plate 7, N6",Pos,Neg,GFPPosFOSNeg,184.3422992,8429.10085,7201.481925,1632.640723,ConSingleNEM5,6/2/2025,M,singleNE,3d,H3209Z1B,11/3/2025,3/10/2026
260310_095,95,"plate 7, O6",Pos,Neg,GFPPosFOSNeg,164.7391705,11547.81985,11810.42769,1113.97386,ConSingleNEM5,6/2/2025,M,singleNE,3d,H3209Z1B,11/3/2025,3/10/2026
260310_096,96,"plate 7, P6",Pos,Neg,GFPPosFOSNeg,100.4507364,8816.830668,9222.395651,463.4635939,ConSingleNEM5,6/2/2025,M,singleNE,3d,H3209Z1B,11/3/2025,3/10/2026
260310_097,97,"plate 9, F1",Pos,Neg,GFPPosFOSNeg,55.98180215,10554.49601,6435.669751,679.252507,ConSameM4,6/5/2025,M,reexposed_same,3d,H3209Z16,11/3/2025,3/10/2026
260310_098,98,"plate 9, F7",Pos,Neg,GFPPosFOSNeg,150.5685871,11547.81985,7879.240831,760.0801224,ConSameM4,6/5/2025,M,reexposed_same,3d,H3209Z16,11/3/2025,3/10/2026
260310_099,99,"plate 7, C7",Pos,Pos,GFPPosFOSPos,1333.521432,15124.72545,9646.616199,889.6491128,ConSameM1,6/5/2025,M,reexposed_same,3d,H3209Z1B,11/3/2025,3/10/2026
260310_100,100,"plate 7, D7",Neg,Pos,GFPNegFOSPos,1459.024216,2559.78285,8058.421878,530.4071563,ConSameM1,6/5/2025,M,reexposed_same,3d,H3209Z1B,11/3/2025,3/10/2026
260310_101,101,"plate 7, E7",Neg,Pos,GFPNegFOSPos,484.7824342,2186.974655,6015.848283,443.082273,ConSameM1,6/5/2025,M,reexposed_same,3d,H3209Z1B,11/3/2025,3/10/2026
260310_102,102,"plate 7, F7",Pos,Pos,GFPPosFOSPos,869.86754,14138.08619,7201.481925,474.0031742,ConSameM1,6/5/2025,M,reexposed_same,3d,H3209Z1B,11/3/2025,3/10/2026
260310_103,103,"plate 7, G7",Neg,Pos,GFPNegFOSPos,760.0801224,2447.213586,6292.571008,443.082273,ConSameM1,6/5/2025,M,reexposed_same,3d,H3209Z1B,11/3/2025,3/10/2026
260310_104,104,"plate 7, H7",Pos,Pos,GFPPosFOSPos,1165.215492,11810.42769,9865.988957,743.1795488,ConSameM1,6/5/2025,M,reexposed_same,3d,H3209Z1B,11/3/2025,3/10/2026
260310_105,105,"plate 9, M1",Pos,Pos,GFPPosFOSPos,404.9690889,11039.99178,8241.677663,777.3650302,ConSingleNEM7,6/2/2025,M,singleNE,3d,H3209Z16,11/3/2025,3/10/2026
260310_106,106,"plate 9, N1",Pos,Neg,GFPPosFOSNeg,225.6917193,27138.99431,4697.588817,423.5972432,ConSingleNEM7,6/2/2025,M,singleNE,3d,H3209Z16,11/3/2025,3/10/2026
260310_107,107,"plate 9, O1",Pos,Neg,GFPPosFOSNeg,137.6169331,12921.95205,9222.395651,607.0201742,ConSingleNEM7,6/2/2025,M,singleNE,3d,H3209Z16,11/3/2025,3/10/2026
260310_108,108,"plate 9, P1",Pos,Neg,GFPPosFOSNeg,236.0733022,7365.250123,4391.148507,530.4071563,ConSingleNEM7,6/2/2025,M,singleNE,3d,H3209Z16,11/3/2025,3/10/2026
260310_109,109,"plate 7, M7",Pos,Neg,GFPPosFOSNeg,206.2781012,9646.616199,5256.578144,795.0430125,ConSingleNEM5,6/2/2025,M,singleNE,3d,H3209Z1B,11/3/2025,3/10/2026
260310_110,110,"plate 7, N7",Pos,Neg,GFPPosFOSNeg,131.5650772,7201.481925,5376.117475,554.8053304,ConSingleNEM5,6/2/2025,M,singleNE,3d,H3209Z1B,11/3/2025,3/10/2026
260310_111,111,"plate 7, O7",Pos,Neg,GFPPosFOSNeg,180.2434016,7879.240831,9865.988957,2044.310574,ConSingleNEM5,6/2/2025,M,singleNE,3d,H3209Z1B,11/3/2025,3/10/2026
260310_112,112,"plate 7, P7",Pos,Neg,GFPPosFOSNeg,215.7666779,11810.42769,4804.416225,395.9644989,ConSingleNEM5,6/2/2025,M,singleNE,3d,H3209Z1B,11/3/2025,3/10/2026
260310_113,113,"plate 9, F2",Pos,Neg,GFPPosFOSNeg,80.22262618,9865.988957,6292.571008,433.2302267,ConSameM4,6/5/2025,M,reexposed_same,3d,H3209Z16,11/3/2025,3/10/2026
260310_114,114,"plate 9, F8",Pos,Pos,GFPPosFOSPos,554.8053304,7041.355155,3836.934408,634.9424669,ConSameM4,6/5/2025,M,reexposed_same,3d,H3209Z16,11/3/2025,3/10/2026
260310_115,115,"plate 7, C8",Pos,Pos,GFPPosFOSPos,850.5258154,12921.95205,8058.421878,495.8068242,ConSameM1,6/5/2025,M,reexposed_same,3d,H3209Z1B,11/3/2025,3/10/2026
260310_116,116,"plate 7, D8",Neg,Pos,GFPNegFOSPos,850.5258154,2339.594679,11810.42769,831.614159,ConSameM1,6/5/2025,M,reexposed_same,3d,H3209Z1B,11/3/2025,3/10/2026
260310_117,117,"plate 7, E8",Neg,Pos,GFPNegFOSPos,1868.462453,2287.5732,11810.42769,973.3773809,ConSameM1,6/5/2025,M,reexposed_same,3d,H3209Z1B,11/3/2025,3/10/2026
260310_118,118,"plate 7, F8",Pos,Pos,GFPPosFOSPos,1746.576048,12634.62918,8241.677663,495.8068242,ConSameM1,6/5/2025,M,reexposed_same,3d,H3209Z1B,11/3/2025,3/10/2026
260310_119,119,"plate 7, G8",Neg,Pos,GFPNegFOSPos,554.8053304,2044.310574,5623.413252,414.1784514,ConSameM1,6/5/2025,M,reexposed_same,3d,H3209Z1B,11/3/2025,3/10/2026
260310_120,120,"plate 7, H8",Pos,Pos,GFPPosFOSPos,1746.576048,9017.333353,9865.988957,2502.865431,ConSameM1,6/5/2025,M,reexposed_same,3d,H3209Z1B,11/3/2025,3/10/2026
260310_121,121,"plate 9, M2",Pos,Neg,GFPPosFOSNeg,71.69167874,12634.62918,8241.677663,580.325795,ConSingleNEM7,6/2/2025,M,singleNE,3d,H3209Z16,11/3/2025,3/10/2026
260310_122,122,"plate 9, N2",Pos,Neg,GFPPosFOSNeg,246.932427,9432.12125,12634.62918,1707.740488,ConSingleNEM7,6/2/2025,M,singleNE,3d,H3209Z16,11/3/2025,3/10/2026
260310_123,123,"plate 9, O2",Pos,Neg,GFPPosFOSNeg,264.164832,10554.49601,15124.72545,2287.5732,ConSingleNEM7,6/2/2025,M,singleNE,3d,H3209Z16,11/3/2025,3/10/2026
260310_124,124,"plate 9, P2",Pos,Pos,GFPPosFOSPos,414.1784514,8429.10085,4593.136742,507.0819188,ConSingleNEM7,6/2/2025,M,singleNE,3d,H3209Z16,11/3/2025,3/10/2026
260310_125,125,"plate 7, M8",Pos,Pos,GFPPosFOSPos,484.7824342,8241.677663,4804.416225,554.8053304,ConSingleNEM5,6/2/2025,M,singleNE,3d,H3209Z1B,11/3/2025,3/10/2026
260310_126,126,"plate 7, N8",Pos,Pos,GFPPosFOSPos,433.2302267,15468.67536,9432.12125,679.252507,ConSingleNEM5,6/2/2025,M,singleNE,3d,H3209Z1B,11/3/2025,3/10/2026
260310_127,127,"plate 7, O8",Pos,Neg,GFPPosFOSNeg,55.98180215,9865.988957,7201.481925,649.3816316,ConSingleNEM5,6/2/2025,M,singleNE,3d,H3209Z1B,11/3/2025,3/10/2026
260310_128,128,"plate 7, P8",Pos,Neg,GFPPosFOSNeg,220.6734069,10090.35045,13215.8089,1333.521432,ConSingleNEM5,6/2/2025,M,singleNE,3d,H3209Z1B,11/3/2025,3/10/2026
260310_129,129,"plate 9, F3",Pos,Pos,GFPPosFOSPos,726.6547637,16180.21824,9432.12125,530.4071563,ConSameM4,6/5/2025,M,reexposed_same,3d,H3209Z16,11/3/2025,3/10/2026
260310_130,130,"plate 9, A1",Neg,Neg,GFPNegFOSNeg,68.53895839,1459.024216,5623.413252,710.4974114,ConSameM4,6/5/2025,M,reexposed_same,3d,H3209Z16,11/3/2025,3/10/2026
260310_131,131,"plate 7, C9",Pos,Pos,GFPPosFOSPos,1113.97386,14138.08619,9432.12125,463.4635939,ConSameM1,6/5/2025,M,reexposed_same,3d,H3209Z1B,11/3/2025,3/10/2026
260310_132,132,"plate 7, D9",Neg,Pos,GFPNegFOSPos,973.3773809,1596.338544,6731.703824,607.0201742,ConSameM1,6/5/2025,M,reexposed_same,3d,H3209Z1B,11/3/2025,3/10/2026
260310_133,133,"plate 7, E9",Neg,Pos,GFPNegFOSPos,1191.713543,2502.865431,11291.05115,1018.151722,ConSameM1,6/5/2025,M,reexposed_same,3d,H3209Z1B,11/3/2025,3/10/2026
260310_134,134,"plate 7, F9",Pos,Pos,GFPPosFOSPos,694.699322,13823.72227,8620.78621,463.4635939,ConSameM1,6/5/2025,M,reexposed_same,3d,H3209Z1B,11/3/2025,3/10/2026
260310_135,135,"plate 7, G9",Neg,Pos,GFPNegFOSPos,1041.305411,2502.865431,11291.05115,813.1230081,ConSameM1,6/5/2025,M,reexposed_same,3d,H3209Z1B,11/3/2025,3/10/2026
260310_136,136,"plate 7, H9",Pos,Pos,GFPPosFOSPos,443.082273,12921.95205,8620.78621,567.4221043,ConSameM1,6/5/2025,M,reexposed_same,3d,H3209Z1B,11/3/2025,3/10/2026
260310_137,137,"plate 9, M3",Pos,Neg,GFPPosFOSNeg,78.43885581,10319.81412,6884.788844,474.0031742,ConSingleNEM7,6/2/2025,M,singleNE,3d,H3209Z16,11/3/2025,3/10/2026
260310_138,138,"plate 9, N3",Pos,Neg,GFPPosFOSNeg,192.8218521,9646.616199,13516.34832,2186.974655,ConSingleNEM7,6/2/2025,M,singleNE,3d,H3209Z16,11/3/2025,3/10/2026
260310_139,139,"plate 9, O3",Pos,Neg,GFPPosFOSNeg,64.06792006,9222.395651,6435.669751,443.082273,ConSingleNEM7,6/2/2025,M,singleNE,3d,H3209Z16,11/3/2025,3/10/2026
260310_140,140,"plate 9, P3",Pos,Neg,GFPPosFOSNeg,370.1343361,9222.395651,13215.8089,2287.5732,ConSingleNEM7,6/2/2025,M,singleNE,3d,H3209Z16,11/3/2025,3/10/2026
260310_141,141,"plate 7, M9",Pos,Neg,GFPPosFOSNeg,91.81013479,11810.42769,8058.421878,580.325795,ConSingleNEM5,6/2/2025,M,singleNE,3d,H3209Z1B,11/3/2025,3/10/2026
260310_142,142,"plate 7, N9",Pos,Neg,GFPPosFOSNeg,114.9600317,13215.8089,7704.04392,484.7824342,ConSingleNEM5,6/2/2025,M,singleNE,3d,H3209Z1B,11/3/2025,3/10/2026
260310_143,143,"plate 7, O9",Pos,Neg,GFPPosFOSNeg,137.6169331,8429.10085,13215.8089,1165.215492,ConSingleNEM5,6/2/2025,M,singleNE,3d,H3209Z1B,11/3/2025,3/10/2026
260310_144,144,"plate 7, P9",Pos,Neg,GFPPosFOSNeg,252.5478933,7704.04392,6292.571008,518.6134192,ConSingleNEM5,6/2/2025,M,singleNE,3d,H3209Z1B,11/3/2025,3/10/2026
260310_145,145,"plate 9, F4",Pos,Pos,GFPPosFOSPos,1394.862022,14788.42336,8620.78621,518.6134192,ConSameM4,6/5/2025,M,reexposed_same,3d,H3209Z16,11/3/2025,3/10/2026
260310_146,146,"plate 9, F10",Pos,Neg,GFPPosFOSNeg,323.4190708,8241.677663,4391.148507,760.0801224,ConSameM4,6/5/2025,M,reexposed_same,3d,H3209Z16,11/3/2025,3/10/2026
260310_147,147,"plate 7, C10",Pos,Neg,GFPPosFOSNeg,338.2960096,15820.44699,9432.12125,710.4974114,ConSameM1,6/5/2025,M,reexposed_same,3d,H3209Z1B,11/3/2025,3/10/2026
260310_148,148,"plate 7, D10",Neg,Pos,GFPNegFOSPos,1394.862022,2864.384071,9646.616199,664.1491559,ConSameM1,6/5/2025,M,reexposed_same,3d,H3209Z1B,11/3/2025,3/10/2026
260310_149,149,"plate 7, E10",Neg,Pos,GFPNegFOSPos,795.0430125,2138.346721,6292.571008,593.5229272,ConSameM1,6/5/2025,M,reexposed_same,3d,H3209Z1B,11/3/2025,3/10/2026
260310_150,150,"plate 7, F10",Pos,Neg,GFPPosFOSNeg,57.25487884,9222.395651,4913.672986,484.7824342,ConSameM1,6/5/2025,M,reexposed_same,3d,H3209Z1B,11/3/2025,3/10/2026
260310_151,151,"plate 7, G10",Neg,Pos,GFPNegFOSPos,679.252507,2617.994622,7704.04392,567.4221043,ConSameM1,6/5/2025,M,reexposed_same,3d,H3209Z1B,11/3/2025,3/10/2026
260310_152,152,"plate 7, H10",Pos,Pos,GFPPosFOSPos,1041.305411,10794.51477,6731.703824,414.1784514,ConSameM1,6/5/2025,M,reexposed_same,3d,H3209Z1B,11/3/2025,3/10/2026
260310_153,153,"plate 9, M4",Pos,Neg,GFPPosFOSNeg,122.9826226,11547.81985,6884.788844,580.325795,ConSingleNEM7,6/2/2025,M,singleNE,3d,H3209Z16,11/3/2025,3/10/2026
260310_154,154,"plate 9, N4",Pos,Neg,GFPPosFOSNeg,316.227766,12921.95205,8429.10085,518.6134192,ConSingleNEM7,6/2/2025,M,singleNE,3d,H3209Z16,11/3/2025,3/10/2026
260310_155,155,"plate 9, C7",Pos,Pos,GFPPosFOSPos,795.0430125,17703.00023,9222.395651,580.325795,ConSameM4,6/5/2025,M,reexposed_same,3d,H3209Z16,11/3/2025,3/10/2026
260310_156,156,"plate 9, P4",Pos,Neg,GFPPosFOSNeg,96.03330491,10554.49601,7365.250123,507.0819188,ConSingleNEM7,6/2/2025,M,singleNE,3d,H3209Z16,11/3/2025,3/10/2026
260310_157,157,"plate 7, M10",Pos,Neg,GFPPosFOSNeg,236.0733022,9017.333353,20720.78717,2339.594679,ConSingleNEM5,6/2/2025,M,singleNE,3d,H3209Z1B,11/3/2025,3/10/2026
260310_158,158,"plate 7, N10",Pos,Neg,GFPPosFOSNeg,378.5515249,7704.04392,4491.007186,580.325795,ConSingleNEM5,6/2/2025,M,singleNE,3d,H3209Z1B,11/3/2025,3/10/2026
260310_159,159,"plate 7, O10",Pos,Neg,GFPPosFOSNeg,309.1963617,8620.78621,6731.703824,889.6491128,ConSingleNEM5,6/2/2025,M,singleNE,3d,H3209Z1B,11/3/2025,3/10/2026
260310_160,160,"plate 7, P10",Pos,Neg,GFPPosFOSNeg,68.53895839,13516.34832,9865.988957,607.0201742,ConSingleNEM5,6/2/2025,M,singleNE,3d,H3209Z1B,11/3/2025,3/10/2026
260310_161,161,"plate 9, F5",Pos,Neg,GFPPosFOSNeg,122.9826226,10794.51477,5751.294744,518.6134192,ConSameM4,6/5/2025,M,reexposed_same,3d,H3209Z16,11/3/2025,3/10/2026
260310_162,162,"plate 9, F11",Pos,Pos,GFPPosFOSPos,726.6547637,11039.99178,4013.429375,554.8053304,ConSameM4,6/5/2025,M,reexposed_same,3d,H3209Z16,11/3/2025,3/10/2026
260310_163,163,"plate 7, C11",Pos,Neg,GFPPosFOSNeg,83.91278302,9222.395651,6731.703824,495.8068242,ConSameM1,6/5/2025,M,reexposed_same,3d,H3209Z1B,11/3/2025,3/10/2026
260310_164,164,"plate 7, D11",Neg,Pos,GFPNegFOSPos,995.5128609,2392.799173,7041.355155,679.252507,ConSameM1,6/5/2025,M,reexposed_same,3d,H3209Z1B,11/3/2025,3/10/2026
260310_165,165,"plate 7, E11",Neg,Pos,GFPNegFOSPos,1089.20437,1786.294763,4913.672986,607.0201742,ConSameM1,6/5/2025,M,reexposed_same,3d,H3209Z1B,11/3/2025,3/10/2026
260310_166,166,"plate 7, F11",Pos,Pos,GFPPosFOSPos,518.6134192,14138.08619,7201.481925,620.8243607,ConSameM1,6/5/2025,M,reexposed_same,3d,H3209Z1B,11/3/2025,3/10/2026
260310_167,167,"plate 7, G11",Neg,Pos,GFPNegFOSPos,831.614159,3586.637624,15124.72545,1089.20437,ConSameM1,6/5/2025,M,reexposed_same,3d,H3209Z1B,11/3/2025,3/10/2026
260310_168,168,"plate 7, H11",Pos,Pos,GFPPosFOSPos,1333.521432,15820.44699,7201.481925,694.699322,ConSameM1,6/5/2025,M,reexposed_same,3d,H3209Z1B,11/3/2025,3/10/2026
260310_169,169,"plate 9, M5",Pos,Neg,GFPPosFOSNeg,82.04696109,10090.35045,6582.022689,530.4071563,ConSingleNEM7,6/2/2025,M,singleNE,3d,H3209Z16,11/3/2025,3/10/2026
260310_170,170,"plate 9, N5",Pos,Neg,GFPPosFOSNeg,330.7739123,18938.42027,8058.421878,1246.531119,ConSingleNEM7,6/2/2025,M,singleNE,3d,H3209Z16,11/3/2025,3/10/2026
260310_171,171,"plate 9, O5",Pos,Neg,GFPPosFOSNeg,76.69474804,9432.12125,8429.10085,518.6134192,ConSingleNEM7,6/2/2025,M,singleNE,3d,H3209Z16,11/3/2025,3/10/2026
260310_172,172,"plate 9, P5",Pos,Pos,GFPPosFOSPos,463.4635939,10319.81412,10794.51477,1165.215492,ConSingleNEM7,6/2/2025,M,singleNE,3d,H3209Z16,11/3/2025,3/10/2026
260310_173,173,"plate 7, M11",Pos,Neg,GFPPosFOSNeg,131.5650772,7879.240831,5751.294744,353.8572719,ConSingleNEM5,6/2/2025,M,singleNE,3d,H3209Z1B,11/3/2025,3/10/2026
260310_174,174,"plate 7, N11",Pos,Neg,GFPPosFOSNeg,82.04696109,11547.81985,8620.78621,580.325795,ConSingleNEM5,6/2/2025,M,singleNE,3d,H3209Z1B,11/3/2025,3/10/2026
260310_175,175,"plate 7, O11",Pos,Neg,GFPPosFOSNeg,47.82858142,11039.99178,6731.703824,474.0031742,ConSingleNEM5,6/2/2025,M,singleNE,3d,H3209Z1B,11/3/2025,3/10/2026
260310_176,176,"plate 7, P11",Pos,Neg,GFPPosFOSNeg,143.947168,7879.240831,6435.669751,542.4690937,ConSingleNEM5,6/2/2025,M,singleNE,3d,H3209Z1B,11/3/2025,3/10/2026
260310_177,177,"plate 9, F6",Pos,Pos,GFPPosFOSPos,889.6491128,12079.00747,7532.742557,580.325795,ConSameM4,6/5/2025,M,reexposed_same,3d,H3209Z16,11/3/2025,3/10/2026
260310_178,178,"plate 9, F12",Pos,Pos,GFPPosFOSPos,443.082273,7365.250123,3836.934408,760.0801224,ConSameM4,6/5/2025,M,reexposed_same,3d,H3209Z16,11/3/2025,3/10/2026
260310_179,179,"plate 7, C12",Pos,Pos,GFPPosFOSPos,909.8805365,9432.12125,6015.848283,414.1784514,ConSameM1,6/5/2025,M,reexposed_same,3d,H3209Z1B,11/3/2025,3/10/2026
260310_180,180,"plate 7, D12",Neg,Pos,GFPNegFOSPos,2138.346721,3064.277731,13823.72227,1139.306631,ConSameM1,6/5/2025,M,reexposed_same,3d,H3209Z1B,11/3/2025,3/10/2026
260310_181,181,"plate 7, E12",Neg,Pos,GFPNegFOSPos,433.2302267,2677.530182,12921.95205,951.7340889,ConSameM1,6/5/2025,M,reexposed_same,3d,H3209Z1B,11/3/2025,3/10/2026
260310_182,182,"plate 7, F12",Pos,Neg,GFPPosFOSNeg,53.51994088,11291.05115,6435.669751,554.8053304,ConSameM1,6/5/2025,M,reexposed_same,3d,H3209Z1B,11/3/2025,3/10/2026
260310_183,183,"plate 7, G12",Neg,Pos,GFPNegFOSPos,1274.878362,3133.962171,8816.830668,518.6134192,ConSameM1,6/5/2025,M,reexposed_same,3d,H3209Z1B,11/3/2025,3/10/2026
260310_184,184,"plate 7, H12",Pos,Neg,GFPPosFOSNeg,89.76871324,11291.05115,8058.421878,760.0801224,ConSameM1,6/5/2025,M,reexposed_same,3d,H3209Z1B,11/3/2025,3/10/2026
260310_185,185,"plate 9, M6",Pos,Neg,GFPPosFOSNeg,125.7793584,11039.99178,9017.333353,530.4071563,ConSingleNEM7,6/2/2025,M,singleNE,3d,H3209Z16,11/3/2025,3/10/2026
260310_186,186,"plate 9, N6",Pos,Pos,GFPPosFOSPos,404.9690889,9865.988957,4697.588817,463.4635939,ConSingleNEM7,6/2/2025,M,singleNE,3d,H3209Z16,11/3/2025,3/10/2026
260310_187,187,"plate 9, O6",Pos,Neg,GFPPosFOSNeg,289.026391,13516.34832,8620.78621,620.8243607,ConSingleNEM7,6/2/2025,M,singleNE,3d,H3209Z16,11/3/2025,3/10/2026
260310_188,188,"plate 9, P6",Pos,Neg,GFPPosFOSNeg,96.03330491,12634.62918,9017.333353,443.082273,ConSingleNEM7,6/2/2025,M,singleNE,3d,H3209Z16,11/3/2025,3/10/2026
260310_189,189,"plate 7, M12",Pos,Neg,GFPPosFOSNeg,157.4945845,7365.250123,5139.696801,443.082273,ConSingleNEM5,6/2/2025,M,singleNE,3d,H3209Z1B,11/3/2025,3/10/2026
260310_190,190,"plate 7, N12",Pos,Pos,GFPPosFOSPos,484.7824342,8058.421878,5256.578144,634.9424669,ConSingleNEM5,6/2/2025,M,singleNE,3d,H3209Z1B,11/3/2025,3/10/2026
260310_191,191,"plate 7, O12",Pos,Neg,GFPPosFOSNeg,76.69474804,13823.72227,7704.04392,542.4690937,ConSingleNEM5,6/2/2025,M,singleNE,3d,H3209Z1B,11/3/2025,3/10/2026
260310_192,192,"plate 7, P12",Pos,Neg,GFPPosFOSNeg,172.317,7041.355155,4593.136742,580.325795,ConSingleNEM5,6/2/2025,M,singleNE,3d,H3209Z1B,11/3/2025,3/10/2026
260310_193,193,"plate 9, E1",Neg,Pos,GFPNegFOSPos,1064.985635,1910.952975,10794.51477,1089.20437,ConSameM4,6/5/2025,M,reexposed_same,3d,H3209Z16,11/3/2025,3/10/2026
260310_194,194,"plate 9, B3",Neg,Neg,GFPNegFOSNeg,53.51994088,1746.576048,7704.04392,795.0430125,ConSameM4,6/5/2025,M,reexposed_same,3d,H3209Z16,11/3/2025,3/10/2026
260310_195,195,"plate 9, C3",Neg,Neg,GFPNegFOSNeg,82.04696109,1632.640723,4913.672986,443.082273,ConSameM4,6/5/2025,M,reexposed_same,3d,H3209Z16,11/3/2025,3/10/2026
260310_196,196,"plate 8, D1",Neg,Pos,GFPNegFOSPos,664.1491559,3668.201001,10554.49601,813.1230081,ConSameM2,6/5/2025,M,reexposed_same,3d,H3209Z17,11/3/2025,3/10/2026
260310_197,197,"plate 8, E1",Neg,Pos,GFPNegFOSPos,1018.151722,2929.52275,10319.81412,1018.151722,ConSameM2,6/5/2025,M,reexposed_same,3d,H3209Z17,11/3/2025,3/10/2026
260310_198,198,"plate 8, F1",Pos,Neg,GFPPosFOSNeg,246.932427,7879.240831,5139.696801,889.6491128,ConSameM2,6/5/2025,M,reexposed_same,3d,H3209Z17,11/3/2025,3/10/2026
260310_199,199,"plate 8, G1",Neg,Pos,GFPNegFOSPos,869.86754,3506.887831,7365.250123,518.6134192,ConSameM2,6/5/2025,M,reexposed_same,3d,H3209Z17,11/3/2025,3/10/2026
260310_200,200,"plate 8, H1",Pos,Neg,GFPPosFOSNeg,316.227766,8620.78621,4198.042926,620.8243607,ConSameM2,6/5/2025,M,reexposed_same,3d,H3209Z17,11/3/2025,3/10/2026
260310_201,201,"plate 9, G1",Neg,Pos,GFPNegFOSPos,2287.5732,2559.78285,12634.62918,1018.151722,ConSameM4,6/5/2025,M,reexposed_same,3d,H3209Z16,11/3/2025,3/10/2026
260310_202,202,"plate 9, G7",Neg,Pos,GFPNegFOSPos,973.3773809,2186.974655,10794.51477,831.614159,ConSameM4,6/5/2025,M,reexposed_same,3d,H3209Z16,11/3/2025,3/10/2026
260310_203,203,"plate 9, K3",Neg,Neg,GFPNegFOSNeg,70.09759615,2502.865431,9017.333353,850.5258154,ConSingleNEM7,6/2/2025,M,singleNE,3d,H3209Z16,11/3/2025,3/10/2026
260310_204,204,"plate 9, L3",Neg,Neg,GFPNegFOSNeg,107.4607828,2236.708432,5376.117475,338.2960096,ConSingleNEM7,6/2/2025,M,singleNE,3d,H3209Z16,11/3/2025,3/10/2026
260310_205,205,"plate 8, M1",Pos,Neg,GFPPosFOSNeg,125.7793584,8058.421878,4804.416225,620.8243607,ConSingleNEM6,6/2/2025,M,singleNE,3d,H3209Z17,11/3/2025,3/10/2026
260310_206,206,"plate 8, N1",Pos,Neg,GFPPosFOSNeg,54.73703263,10794.51477,7365.250123,679.252507,ConSingleNEM6,6/2/2025,M,singleNE,3d,H3209Z17,11/3/2025,3/10/2026
260310_207,207,"plate 8, O1",Pos,Neg,GFPPosFOSNeg,71.69167874,9646.616199,6292.571008,484.7824342,ConSingleNEM6,6/2/2025,M,singleNE,3d,H3209Z17,11/3/2025,3/10/2026
260310_208,208,"plate 8, P1",Pos,Neg,GFPPosFOSNeg,220.6734069,9865.988957,9222.395651,1303.870246,ConSingleNEM6,6/2/2025,M,singleNE,3d,H3209Z17,11/3/2025,3/10/2026
260310_209,209,"plate 9, E2",Neg,Pos,GFPNegFOSPos,726.6547637,2996.142741,14788.42336,1459.024216,ConSameM4,6/5/2025,M,reexposed_same,3d,H3209Z16,11/3/2025,3/10/2026
260310_210,210,"plate 9, B4",Neg,Neg,GFPNegFOSNeg,43.71444813,1560.843553,4697.588817,542.4690937,ConSameM4,6/5/2025,M,reexposed_same,3d,H3209Z16,11/3/2025,3/10/2026
260310_211,211,"plate 9, C4",Neg,Neg,GFPNegFOSNeg,114.9600317,2502.865431,12079.00747,930.5720409,ConSameM4,6/5/2025,M,reexposed_same,3d,H3209Z16,11/3/2025,3/10/2026
260310_212,212,"plate 8, D2",Neg,Pos,GFPNegFOSPos,1018.151722,3668.201001,12079.00747,930.5720409,ConSameM2,6/5/2025,M,reexposed_same,3d,H3209Z17,11/3/2025,3/10/2026
260310_213,213,"plate 8, E2",Neg,Pos,GFPNegFOSPos,930.5720409,3278.121151,8241.677663,995.5128609,ConSameM2,6/5/2025,M,reexposed_same,3d,H3209Z17,11/3/2025,3/10/2026
260310_214,214,"plate 8, F2",Pos,Neg,GFPPosFOSNeg,51.16634266,10554.49601,4391.148507,453.1583638,ConSameM2,6/5/2025,M,reexposed_same,3d,H3209Z17,11/3/2025,3/10/2026
260310_215,215,"plate 8, G2",Neg,Pos,GFPNegFOSPos,995.5128609,3924.189758,8816.830668,593.5229272,ConSameM2,6/5/2025,M,reexposed_same,3d,H3209Z17,11/3/2025,3/10/2026
260310_216,216,"plate 8, H2",Pos,Neg,GFPPosFOSNeg,188.5344095,8241.677663,9017.333353,831.614159,ConSameM2,6/5/2025,M,reexposed_same,3d,H3209Z17,11/3/2025,3/10/2026
260310_217,217,"plate 9, G2",Neg,Pos,GFPNegFOSPos,1303.870246,2044.310574,6884.788844,580.325795,ConSameM4,6/5/2025,M,reexposed_same,3d,H3209Z16,11/3/2025,3/10/2026
260310_218,218,"plate 9, G8",Neg,Pos,GFPNegFOSPos,889.6491128,2392.799173,10554.49601,909.8805365,ConSameM4,6/5/2025,M,reexposed_same,3d,H3209Z16,11/3/2025,3/10/2026
260310_219,219,"plate 9, K4",Neg,Neg,GFPNegFOSNeg,120.2480729,1910.952975,5376.117475,423.5972432,ConSingleNEM7,6/2/2025,M,singleNE,3d,H3209Z16,11/3/2025,3/10/2026
260310_220,220,"plate 9, L4",Neg,Neg,GFPNegFOSNeg,114.9600317,2800.693768,5882.084376,542.4690937,ConSingleNEM7,6/2/2025,M,singleNE,3d,H3209Z16,11/3/2025,3/10/2026
260310_221,221,"plate 8, M2",Pos,Neg,GFPPosFOSNeg,46.76510082,12079.00747,6292.571008,580.325795,ConSingleNEM6,6/2/2025,M,singleNE,3d,H3209Z17,11/3/2025,3/10/2026
260310_222,222,"plate 8, N2",Pos,Neg,GFPPosFOSNeg,31.90848981,10319.81412,5256.578144,580.325795,ConSingleNEM6,6/2/2025,M,singleNE,3d,H3209Z17,11/3/2025,3/10/2026
260310_223,223,"plate 8, O2",Pos,Neg,GFPPosFOSNeg,282.5998162,8058.421878,4697.588817,593.5229272,ConSingleNEM6,6/2/2025,M,singleNE,3d,H3209Z17,11/3/2025,3/10/2026
260310_224,224,"plate 8, P2",Pos,Pos,GFPPosFOSPos,453.1583638,10319.81412,4804.416225,554.8053304,ConSingleNEM6,6/2/2025,M,singleNE,3d,H3209Z17,11/3/2025,3/10/2026
260310_225,225,"plate 9, E3",Neg,Pos,GFPNegFOSPos,995.5128609,2090.800041,11547.81985,1018.151722,ConSameM4,6/5/2025,M,reexposed_same,3d,H3209Z16,11/3/2025,3/10/2026
260310_226,226,"plate 8, B3",Neg,Neg,GFPNegFOSNeg,65.52488237,3064.277731,8241.677663,850.5258154,ConSameM2,6/5/2025,M,reexposed_same,3d,H3209Z17,11/3/2025,3/10/2026
260310_227,227,"plate 8, C3",Neg,Neg,GFPNegFOSNeg,76.69474804,3586.637624,10554.49601,951.7340889,ConSameM2,6/5/2025,M,reexposed_same,3d,H3209Z17,11/3/2025,3/10/2026
260310_228,228,"plate 8, D3",Neg,Pos,GFPNegFOSPos,2287.5732,4293.51021,14138.08619,1089.20437,ConSameM2,6/5/2025,M,reexposed_same,3d,H3209Z17,11/3/2025,3/10/2026
260310_229,229,"plate 8, E3",Neg,Pos,GFPNegFOSPos,951.7340889,3352.668585,7704.04392,743.1795488,ConSameM2,6/5/2025,M,reexposed_same,3d,H3209Z17,11/3/2025,3/10/2026
260310_230,230,"plate 8, F3",Pos,Neg,GFPPosFOSNeg,76.69474804,12079.00747,7041.355155,634.9424669,ConSameM2,6/5/2025,M,reexposed_same,3d,H3209Z17,11/3/2025,3/10/2026
260310_231,231,"plate 8, G3",Neg,Pos,GFPNegFOSPos,620.8243607,3428.911294,7201.481925,554.8053304,ConSameM2,6/5/2025,M,reexposed_same,3d,H3209Z17,11/3/2025,3/10/2026
260310_232,232,"plate 8, H3",Pos,Pos,GFPPosFOSPos,495.8068242,12921.95205,10319.81412,973.3773809,ConSameM2,6/5/2025,M,reexposed_same,3d,H3209Z17,11/3/2025,3/10/2026
260310_233,233,"plate 9, G3",Neg,Pos,GFPNegFOSPos,909.8805365,2392.799173,10554.49601,889.6491128,ConSameM4,6/5/2025,M,reexposed_same,3d,H3209Z16,11/3/2025,3/10/2026
260310_234,234,"plate 9, G9",Neg,Pos,GFPNegFOSPos,995.5128609,1669.768447,8058.421878,443.082273,ConSameM4,6/5/2025,M,reexposed_same,3d,H3209Z16,11/3/2025,3/10/2026
260310_235,235,"plate 8, K3",Neg,Neg,GFPNegFOSNeg,67.01497733,2800.693768,11291.05115,869.86754,ConSingleNEM6,6/2/2025,M,singleNE,3d,H3209Z17,11/3/2025,3/10/2026
260310_236,236,"plate 8, L3",Neg,Neg,GFPNegFOSNeg,67.01497733,2864.384071,7879.240831,813.1230081,ConSingleNEM6,6/2/2025,M,singleNE,3d,H3209Z17,11/3/2025,3/10/2026
260310_237,237,"plate 8, M3",Pos,Neg,GFPPosFOSNeg,82.04696109,9222.395651,6015.848283,554.8053304,ConSingleNEM6,6/2/2025,M,singleNE,3d,H3209Z17,11/3/2025,3/10/2026
260310_238,238,"plate 8, N3",Pos,Neg,GFPPosFOSNeg,57.25487884,13516.34832,7532.742557,518.6134192,ConSingleNEM6,6/2/2025,M,singleNE,3d,H3209Z17,11/3/2025,3/10/2026
260310_239,239,"plate 8, O3",Pos,Neg,GFPPosFOSNeg,64.06792006,11810.42769,9865.988957,889.6491128,ConSingleNEM6,6/2/2025,M,singleNE,3d,H3209Z17,11/3/2025,3/10/2026
260310_240,240,"plate 8, P3",Pos,Pos,GFPPosFOSPos,634.9424669,8816.830668,10794.51477,1041.305411,ConSingleNEM6,6/2/2025,M,singleNE,3d,H3209Z17,11/3/2025,3/10/2026
260310_241,241,"plate 9, E4",Neg,Pos,GFPNegFOSPos,1632.640723,2090.800041,12634.62918,995.5128609,ConSameM4,6/5/2025,M,reexposed_same,3d,H3209Z16,11/3/2025,3/10/2026
260310_242,242,"plate 8, B4",Neg,Neg,GFPNegFOSNeg,65.52488237,3352.668585,7532.742557,664.1491559,ConSameM2,6/5/2025,M,reexposed_same,3d,H3209Z17,11/3/2025,3/10/2026
260310_243,243,"plate 8, C4",Neg,Neg,GFPNegFOSNeg,85.82103543,3924.189758,8620.78621,813.1230081,ConSameM2,6/5/2025,M,reexposed_same,3d,H3209Z17,11/3/2025,3/10/2026
260310_244,244,"plate 8, D4",Neg,Pos,GFPNegFOSPos,1303.870246,3668.201001,11039.99178,930.5720409,ConSameM2,6/5/2025,M,reexposed_same,3d,H3209Z17,11/3/2025,3/10/2026
260310_245,245,"plate 8, E4",Neg,Pos,GFPNegFOSPos,1165.215492,3668.201001,7704.04392,554.8053304,ConSameM2,6/5/2025,M,reexposed_same,3d,H3209Z17,11/3/2025,3/10/2026
260310_246,246,"plate 8, F4",Pos,Neg,GFPPosFOSNeg,201.6914555,8058.421878,6292.571008,1707.740488,ConSameM2,6/5/2025,M,reexposed_same,3d,H3209Z17,11/3/2025,3/10/2026
260310_247,247,"plate 8, G4",Neg,Pos,GFPNegFOSPos,1492.203743,4491.007186,16548.171,1246.531119,ConSameM2,6/5/2025,M,reexposed_same,3d,H3209Z17,11/3/2025,3/10/2026
260310_248,248,"plate 8, H4",Pos,Pos,GFPPosFOSPos,795.0430125,9646.616199,5139.696801,495.8068242,ConSameM2,6/5/2025,M,reexposed_same,3d,H3209Z17,11/3/2025,3/10/2026
260310_249,249,"plate 9, G4",Neg,Pos,GFPNegFOSPos,1333.521432,1596.338544,8241.677663,387.1601282,ConSameM4,6/5/2025,M,reexposed_same,3d,H3209Z16,11/3/2025,3/10/2026
260310_250,250,"plate 9, G10",Neg,Pos,GFPNegFOSPos,951.7340889,2929.52275,11810.42769,909.8805365,ConSameM4,6/5/2025,M,reexposed_same,3d,H3209Z16,11/3/2025,3/10/2026
260310_251,251,"plate 8, K4",Neg,Neg,GFPNegFOSNeg,76.69474804,2559.78285,5882.084376,593.5229272,ConSingleNEM6,6/2/2025,M,singleNE,3d,H3209Z17,11/3/2025,3/10/2026
260310_252,252,"plate 8, L4",Neg,Neg,GFPNegFOSNeg,54.73703263,2392.799173,7532.742557,580.325795,ConSingleNEM6,6/2/2025,M,singleNE,3d,H3209Z17,11/3/2025,3/10/2026
260310_253,253,"plate 8, M4",Pos,Neg,GFPPosFOSNeg,264.164832,9222.395651,9646.616199,1868.462453,ConSingleNEM6,6/2/2025,M,singleNE,3d,H3209Z17,11/3/2025,3/10/2026
260310_254,254,"plate 8, N4",Pos,Neg,GFPPosFOSNeg,74.98942093,15124.72545,9646.616199,664.1491559,ConSingleNEM6,6/2/2025,M,singleNE,3d,H3209Z17,11/3/2025,3/10/2026
260310_255,255,"plate 8, O4",Pos,Pos,GFPPosFOSPos,453.1583638,9865.988957,12079.00747,1139.306631,ConSingleNEM6,6/2/2025,M,singleNE,3d,H3209Z17,11/3/2025,3/10/2026
260310_256,256,"plate 8, P4",Pos,Pos,GFPPosFOSPos,414.1784514,10319.81412,13516.34832,1113.97386,ConSingleNEM6,6/2/2025,M,singleNE,3d,H3209Z17,11/3/2025,3/10/2026
260310_257,257,"plate 9, E5",Neg,Pos,GFPNegFOSPos,1303.870246,2339.594679,9222.395651,909.8805365,ConSameM4,6/5/2025,M,reexposed_same,3d,H3209Z16,11/3/2025,3/10/2026
260310_258,258,"plate 8, B5",Neg,Neg,GFPNegFOSNeg,89.76871324,3506.887831,7201.481925,726.6547637,ConSameM2,6/5/2025,M,reexposed_same,3d,H3209Z17,11/3/2025,3/10/2026
260310_259,259,"plate 8, C5",Neg,Neg,GFPNegFOSNeg,67.01497733,2186.974655,6435.669751,567.4221043,ConSameM2,6/5/2025,M,reexposed_same,3d,H3209Z17,11/3/2025,3/10/2026
260310_260,260,"plate 8, D5",Neg,Pos,GFPNegFOSPos,518.6134192,3352.668585,8429.10085,620.8243607,ConSameM2,6/5/2025,M,reexposed_same,3d,H3209Z17,11/3/2025,3/10/2026
260310_261,261,"plate 8, E5",Neg,Pos,GFPNegFOSPos,664.1491559,3064.277731,6884.788844,474.0031742,ConSameM2,6/5/2025,M,reexposed_same,3d,H3209Z17,11/3/2025,3/10/2026
260310_262,262,"plate 8, F5",Pos,Neg,GFPPosFOSNeg,180.2434016,8816.830668,8429.10085,743.1795488,ConSameM2,6/5/2025,M,reexposed_same,3d,H3209Z17,11/3/2025,3/10/2026
260310_263,263,"plate 8, G5",Neg,Pos,GFPNegFOSPos,850.5258154,3428.911294,7704.04392,554.8053304,ConSameM2,6/5/2025,M,reexposed_same,3d,H3209Z17,11/3/2025,3/10/2026
260310_264,264,"plate 8, H5",Pos,Neg,GFPPosFOSNeg,289.026391,8816.830668,7201.481925,634.9424669,ConSameM2,6/5/2025,M,reexposed_same,3d,H3209Z17,11/3/2025,3/10/2026
260310_265,265,"plate 9, G5",Neg,Pos,GFPNegFOSPos,1363.846913,2186.974655,5376.117475,433.2302267,ConSameM4,6/5/2025,M,reexposed_same,3d,H3209Z16,11/3/2025,3/10/2026
260310_266,266,"plate 9, G11",Neg,Pos,GFPNegFOSPos,679.252507,2738.419634,8241.677663,530.4071563,ConSameM4,6/5/2025,M,reexposed_same,3d,H3209Z16,11/3/2025,3/10/2026
260310_267,267,"plate 8, K5",Neg,Neg,GFPNegFOSNeg,68.53895839,2392.799173,5751.294744,554.8053304,ConSingleNEM6,6/2/2025,M,singleNE,3d,H3209Z17,11/3/2025,3/10/2026
260310_268,268,"plate 8, L5",Neg,Neg,GFPNegFOSNeg,52.32991147,2677.530182,8620.78621,889.6491128,ConSingleNEM6,6/2/2025,M,singleNE,3d,H3209Z17,11/3/2025,3/10/2026
260310_269,269,"plate 8, M5",Pos,Neg,GFPPosFOSNeg,210.9690513,7532.742557,5139.696801,518.6134192,ConSingleNEM6,6/2/2025,M,singleNE,3d,H3209Z17,11/3/2025,3/10/2026
260310_270,270,"plate 8, N5",Pos,Pos,GFPPosFOSPos,474.0031742,8816.830668,5025.414344,453.1583638,ConSingleNEM6,6/2/2025,M,singleNE,3d,H3209Z17,11/3/2025,3/10/2026
260310_271,271,"plate 8, O5",Pos,Neg,GFPPosFOSNeg,230.8241527,8241.677663,5025.414344,607.0201742,ConSingleNEM6,6/2/2025,M,singleNE,3d,H3209Z17,11/3/2025,3/10/2026
260310_272,272,"plate 9, C8",Pos,Neg,GFPPosFOSNeg,246.932427,11039.99178,6435.669751,530.4071563,ConSameM4,6/5/2025,M,reexposed_same,3d,H3209Z16,11/3/2025,3/10/2026
260310_273,273,"plate 9, E6",Neg,Pos,GFPNegFOSPos,726.6547637,2502.865431,6292.571008,443.082273,ConSameM4,6/5/2025,M,reexposed_same,3d,H3209Z16,11/3/2025,3/10/2026
260310_274,274,"plate 8, B6",Neg,Neg,GFPNegFOSNeg,80.22262618,2996.142741,7201.481925,694.699322,ConSameM2,6/5/2025,M,reexposed_same,3d,H3209Z17,11/3/2025,3/10/2026
260310_275,275,"plate 8, C6",Neg,Neg,GFPNegFOSNeg,120.2480729,4104.69838,12634.62918,1064.985635,ConSameM2,6/5/2025,M,reexposed_same,3d,H3209Z17,11/3/2025,3/10/2026
260310_276,276,"plate 8, D6",Neg,Pos,GFPNegFOSPos,2559.78285,3668.201001,14138.08619,1064.985635,ConSameM2,6/5/2025,M,reexposed_same,3d,H3209Z17,11/3/2025,3/10/2026
260310_277,277,"plate 8, E6",Neg,Pos,GFPNegFOSPos,1274.878362,3133.962171,12079.00747,1064.985635,ConSameM2,6/5/2025,M,reexposed_same,3d,H3209Z17,11/3/2025,3/10/2026
260310_278,278,"plate 8, F6",Pos,Neg,GFPPosFOSNeg,276.3161378,9865.988957,11810.42769,951.7340889,ConSameM2,6/5/2025,M,reexposed_same,3d,H3209Z17,11/3/2025,3/10/2026
260310_279,279,"plate 8, G6",Neg,Pos,GFPNegFOSPos,1113.97386,2559.78285,5882.084376,649.3816316,ConSameM2,6/5/2025,M,reexposed_same,3d,H3209Z17,11/3/2025,3/10/2026
260310_280,280,"plate 8, H6",Pos,Neg,GFPPosFOSNeg,345.9891661,8816.830668,11291.05115,2339.594679,ConSameM2,6/5/2025,M,reexposed_same,3d,H3209Z17,11/3/2025,3/10/2026
260310_281,281,"plate 9, G6",Neg,Pos,GFPNegFOSPos,1333.521432,2287.5732,7041.355155,463.4635939,ConSameM4,6/5/2025,M,reexposed_same,3d,H3209Z16,11/3/2025,3/10/2026
260310_282,282,"plate 9, G12",Neg,Pos,GFPNegFOSPos,1459.024216,1868.462453,10794.51477,850.5258154,ConSameM4,6/5/2025,M,reexposed_same,3d,H3209Z16,11/3/2025,3/10/2026
260310_283,283,"plate 8, K6",Neg,Neg,GFPNegFOSNeg,80.22262618,3428.911294,11039.99178,889.6491128,ConSingleNEM6,6/2/2025,M,singleNE,3d,H3209Z17,11/3/2025,3/10/2026
260310_284,284,"plate 8, L6",Neg,Neg,GFPNegFOSNeg,74.98942093,2502.865431,9017.333353,909.8805365,ConSingleNEM6,6/2/2025,M,singleNE,3d,H3209Z17,11/3/2025,3/10/2026
260310_285,285,"plate 8, M6",Pos,Neg,GFPPosFOSNeg,197.206795,7532.742557,4697.588817,554.8053304,ConSingleNEM6,6/2/2025,M,singleNE,3d,H3209Z17,11/3/2025,3/10/2026
260310_286,286,"plate 8, N6",Pos,Neg,GFPPosFOSNeg,120.2480729,12079.00747,6582.022689,542.4690937,ConSingleNEM6,6/2/2025,M,singleNE,3d,H3209Z17,11/3/2025,3/10/2026
260310_287,287,"plate 8, O6",Pos,Neg,GFPPosFOSNeg,302.3213025,8620.78621,10090.35045,813.1230081,ConSingleNEM6,6/2/2025,M,singleNE,3d,H3209Z17,11/3/2025,3/10/2026
260310_288,288,"plate 8, P6",Pos,Neg,GFPPosFOSNeg,100.4507364,12353.695,7704.04392,679.252507,ConSingleNEM6,6/2/2025,M,singleNE,3d,H3209Z17,11/3/2025,3/10/2026
260310_289,289,"plate 9, A2",Neg,Neg,GFPNegFOSNeg,59.88854335,2138.346721,10319.81412,1018.151722,ConSameM4,6/5/2025,M,reexposed_same,3d,H3209Z16,11/3/2025,3/10/2026
260310_290,290,"plate 9, H7",Pos,Neg,GFPPosFOSNeg,180.2434016,16548.171,11291.05115,530.4071563,ConSameM4,6/5/2025,M,reexposed_same,3d,H3209Z16,11/3/2025,3/10/2026
260310_291,291,"plate 8, C7",Pos,Pos,GFPPosFOSPos,973.3773809,12921.95205,8429.10085,542.4690937,ConSameM2,6/5/2025,M,reexposed_same,3d,H3209Z17,11/3/2025,3/10/2026
260310_292,292,"plate 8, D7",Neg,Pos,GFPNegFOSPos,593.5229272,2929.52275,6582.022689,567.4221043,ConSameM2,6/5/2025,M,reexposed_same,3d,H3209Z17,11/3/2025,3/10/2026
260310_293,293,"plate 8, E7",Neg,Pos,GFPNegFOSPos,634.9424669,3836.934408,13215.8089,1018.151722,ConSameM2,6/5/2025,M,reexposed_same,3d,H3209Z17,11/3/2025,3/10/2026
260310_294,294,"plate 8, F7",Pos,Neg,GFPPosFOSNeg,270.1721787,8816.830668,3924.189758,474.0031742,ConSameM2,6/5/2025,M,reexposed_same,3d,H3209Z17,11/3/2025,3/10/2026
260310_295,295,"plate 8, G7",Neg,Pos,GFPNegFOSPos,607.0201742,3506.887831,7041.355155,554.8053304,ConSameM2,6/5/2025,M,reexposed_same,3d,H3209Z17,11/3/2025,3/10/2026
260310_296,296,"plate 8, H7",Pos,Neg,GFPPosFOSNeg,353.8572719,12634.62918,7365.250123,580.325795,ConSameM2,6/5/2025,M,reexposed_same,3d,H3209Z17,11/3/2025,3/10/2026
260310_297,297,"plate 9, M7",Pos,Neg,GFPPosFOSNeg,353.8572719,8816.830668,7704.04392,1596.338544,ConSingleNEM7,6/2/2025,M,singleNE,3d,H3209Z16,11/3/2025,3/10/2026
260310_298,298,"plate 9, N7",Pos,Neg,GFPPosFOSNeg,74.98942093,9017.333353,6582.022689,554.8053304,ConSingleNEM7,6/2/2025,M,singleNE,3d,H3209Z16,11/3/2025,3/10/2026
260310_299,299,"plate 9, O7",Pos,Neg,GFPPosFOSNeg,100.4507364,13215.8089,8620.78621,580.325795,ConSingleNEM7,6/2/2025,M,singleNE,3d,H3209Z16,11/3/2025,3/10/2026
260310_300,300,"plate 9, P7",Pos,Neg,GFPPosFOSNeg,143.947168,13516.34832,7532.742557,530.4071563,ConSingleNEM7,6/2/2025,M,singleNE,3d,H3209Z16,11/3/2025,3/10/2026
260310_301,301,"plate 8, M7",Pos,Neg,GFPPosFOSNeg,184.3422992,9017.333353,10319.81412,2090.800041,ConSingleNEM6,6/2/2025,M,singleNE,3d,H3209Z17,11/3/2025,3/10/2026
260310_302,302,"plate 8, N7",Pos,Neg,GFPPosFOSNeg,258.2910602,19369.09704,12079.00747,554.8053304,ConSingleNEM6,6/2/2025,M,singleNE,3d,H3209Z17,11/3/2025,3/10/2026
260310_303,303,"plate 8, O7",Pos,Neg,GFPPosFOSNeg,70.09759615,9865.988957,5751.294744,634.9424669,ConSingleNEM6,6/2/2025,M,singleNE,3d,H3209Z17,11/3/2025,3/10/2026
260310_304,304,"plate 8, P7",Pos,Neg,GFPPosFOSNeg,78.43885581,11547.81985,8429.10085,554.8053304,ConSingleNEM6,6/2/2025,M,singleNE,3d,H3209Z17,11/3/2025,3/10/2026
260310_305,305,"plate 9, H2",Pos,Neg,GFPPosFOSNeg,122.9826226,10554.49601,6152.654101,607.0201742,ConSameM4,6/5/2025,M,reexposed_same,3d,H3209Z16,11/3/2025,3/10/2026
260310_306,306,"plate 9, H8",Pos,Neg,GFPPosFOSNeg,137.6169331,10554.49601,6884.788844,620.8243607,ConSameM4,6/5/2025,M,reexposed_same,3d,H3209Z16,11/3/2025,3/10/2026
260310_307,307,"plate 8, C8",Pos,Neg,GFPPosFOSNeg,220.6734069,12634.62918,9017.333353,760.0801224,ConSameM2,6/5/2025,M,reexposed_same,3d,H3209Z17,11/3/2025,3/10/2026
260310_308,308,"plate 8, D8",Neg,Pos,GFPNegFOSPos,1632.640723,3064.277731,12353.695,995.5128609,ConSameM2,6/5/2025,M,reexposed_same,3d,H3209Z17,11/3/2025,3/10/2026
260310_309,309,"plate 8, E8",Neg,Pos,GFPNegFOSPos,1139.306631,3205.231299,11810.42769,951.7340889,ConSameM2,6/5/2025,M,reexposed_same,3d,H3209Z17,11/3/2025,3/10/2026
260310_310,310,"plate 8, F8",Pos,Neg,GFPPosFOSNeg,370.1343361,8058.421878,6152.654101,607.0201742,ConSameM2,6/5/2025,M,reexposed_same,3d,H3209Z17,11/3/2025,3/10/2026
260310_311,311,"plate 8, G8",Neg,Pos,GFPNegFOSPos,1998.854812,3668.201001,14788.42336,1041.305411,ConSameM2,6/5/2025,M,reexposed_same,3d,H3209Z17,11/3/2025,3/10/2026
260310_312,312,"plate 8, H8",Pos,Pos,GFPPosFOSPos,443.082273,9432.12125,10554.49601,1954.40977,ConSameM2,6/5/2025,M,reexposed_same,3d,H3209Z17,11/3/2025,3/10/2026
260310_313,313,"plate 9, M8",Pos,Neg,GFPPosFOSNeg,109.904538,10794.51477,6731.703824,710.4974114,ConSingleNEM7,6/2/2025,M,singleNE,3d,H3209Z16,11/3/2025,3/10/2026
260310_314,314,"plate 9, N8",Pos,Neg,GFPPosFOSNeg,89.76871324,10554.49601,5882.084376,542.4690937,ConSingleNEM7,6/2/2025,M,singleNE,3d,H3209Z16,11/3/2025,3/10/2026
260310_315,315,"plate 9, O8",Pos,Neg,GFPPosFOSNeg,52.32991147,8241.677663,4913.672986,507.0819188,ConSingleNEM7,6/2/2025,M,singleNE,3d,H3209Z16,11/3/2025,3/10/2026
260310_316,316,"plate 9, P8",Pos,Neg,GFPPosFOSNeg,323.4190708,9865.988957,11291.05115,1018.151722,ConSingleNEM7,6/2/2025,M,singleNE,3d,H3209Z16,11/3/2025,3/10/2026
260310_317,317,"plate 8, M8",Pos,Neg,GFPPosFOSNeg,252.5478933,8058.421878,5623.413252,404.9690889,ConSingleNEM6,6/2/2025,M,singleNE,3d,H3209Z17,11/3/2025,3/10/2026
260310_318,318,"plate 8, N8",Pos,Neg,GFPPosFOSNeg,55.98180215,10794.51477,8241.677663,530.4071563,ConSingleNEM6,6/2/2025,M,singleNE,3d,H3209Z17,11/3/2025,3/10/2026
260310_319,319,"plate 8, O8",Pos,Neg,GFPPosFOSNeg,270.1721787,10090.35045,14138.08619,831.614159,ConSingleNEM6,6/2/2025,M,singleNE,3d,H3209Z17,11/3/2025,3/10/2026
260310_320,320,"plate 8, P8",Pos,Neg,GFPPosFOSNeg,150.5685871,14459.59903,11291.05115,909.8805365,ConSingleNEM6,6/2/2025,M,singleNE,3d,H3209Z17,11/3/2025,3/10/2026
260310_321,321,"plate 9, H3",Pos,Pos,GFPPosFOSPos,649.3816316,10794.51477,6292.571008,423.5972432,ConSameM4,6/5/2025,M,reexposed_same,3d,H3209Z16,11/3/2025,3/10/2026
260310_322,322,"plate 9, I1",Neg,Neg,GFPNegFOSNeg,76.69474804,2864.384071,8816.830668,777.3650302,ConSingleNEM7,6/2/2025,M,singleNE,3d,H3209Z16,11/3/2025,3/10/2026
260310_323,323,"plate 8, C9",Pos,Neg,GFPPosFOSNeg,246.932427,8620.78621,9432.12125,1596.338544,ConSameM2,6/5/2025,M,reexposed_same,3d,H3209Z17,11/3/2025,3/10/2026
260310_324,324,"plate 8, D9",Neg,Pos,GFPNegFOSPos,1632.640723,4293.51021,10554.49601,1113.97386,ConSameM2,6/5/2025,M,reexposed_same,3d,H3209Z17,11/3/2025,3/10/2026
260310_325,325,"plate 8, E9",Neg,Pos,GFPNegFOSPos,850.5258154,4104.69838,13516.34832,1191.713543,ConSameM2,6/5/2025,M,reexposed_same,3d,H3209Z17,11/3/2025,3/10/2026
260310_326,326,"plate 8, F9",Pos,Neg,GFPPosFOSNeg,215.7666779,8620.78621,4391.148507,542.4690937,ConSameM2,6/5/2025,M,reexposed_same,3d,H3209Z17,11/3/2025,3/10/2026
260310_327,327,"plate 8, G9",Neg,Pos,GFPNegFOSPos,1596.338544,4104.69838,14788.42336,1018.151722,ConSameM2,6/5/2025,M,reexposed_same,3d,H3209Z17,11/3/2025,3/10/2026
260310_328,328,"plate 8, H9",Pos,Neg,GFPPosFOSNeg,309.1963617,11291.05115,13516.34832,1191.713543,ConSameM2,6/5/2025,M,reexposed_same,3d,H3209Z17,11/3/2025,3/10/2026
260310_329,329,"plate 9, M9",Pos,Neg,GFPPosFOSNeg,128.6396945,9017.333353,8816.830668,453.1583638,ConSingleNEM7,6/2/2025,M,singleNE,3d,H3209Z16,11/3/2025,3/10/2026
260310_330,330,"plate 9, C9",Pos,Neg,GFPPosFOSNeg,387.1601282,9865.988957,6582.022689,484.7824342,ConSameM4,6/5/2025,M,reexposed_same,3d,H3209Z16,11/3/2025,3/10/2026
260310_331,331,"plate 9, O9",Pos,Neg,GFPPosFOSNeg,140.7464663,17309.36955,11039.99178,530.4071563,ConSingleNEM7,6/2/2025,M,singleNE,3d,H3209Z16,11/3/2025,3/10/2026
260310_332,332,"plate 9, P9",Pos,Neg,GFPPosFOSNeg,74.98942093,8816.830668,6152.654101,580.325795,ConSingleNEM7,6/2/2025,M,singleNE,3d,H3209Z16,11/3/2025,3/10/2026
260310_333,333,"plate 8, M9",Pos,Neg,GFPPosFOSNeg,192.8218521,15820.44699,8241.677663,484.7824342,ConSingleNEM6,6/2/2025,M,singleNE,3d,H3209Z17,11/3/2025,3/10/2026
260310_334,334,"plate 8, N9",Pos,Neg,GFPPosFOSNeg,70.09759615,10319.81412,5882.084376,495.8068242,ConSingleNEM6,6/2/2025,M,singleNE,3d,H3209Z17,11/3/2025,3/10/2026
260310_335,335,"plate 8, O9",Pos,Neg,GFPPosFOSNeg,78.43885581,10794.51477,7879.240831,530.4071563,ConSingleNEM6,6/2/2025,M,singleNE,3d,H3209Z17,11/3/2025,3/10/2026
260310_336,336,"plate 8, P9",Pos,Neg,GFPPosFOSNeg,117.5743266,11291.05115,9865.988957,593.5229272,ConSingleNEM6,6/2/2025,M,singleNE,3d,H3209Z17,11/3/2025,3/10/2026
260310_337,337,"plate 9, H4",Pos,Pos,GFPPosFOSPos,1910.952975,12634.62918,10554.49601,554.8053304,ConSameM4,6/5/2025,M,reexposed_same,3d,H3209Z16,11/3/2025,3/10/2026
260310_338,338,"plate 9, H10",Pos,Neg,GFPPosFOSNeg,323.4190708,12921.95205,4697.588817,474.0031742,ConSameM4,6/5/2025,M,reexposed_same,3d,H3209Z16,11/3/2025,3/10/2026
260310_339,339,"plate 8, C10",Pos,Neg,GFPPosFOSNeg,289.026391,12079.00747,5025.414344,726.6547637,ConSameM2,6/5/2025,M,reexposed_same,3d,H3209Z17,11/3/2025,3/10/2026
260310_340,340,"plate 8, D10",Neg,Pos,GFPNegFOSPos,664.1491559,3668.201001,14788.42336,995.5128609,ConSameM2,6/5/2025,M,reexposed_same,3d,H3209Z17,11/3/2025,3/10/2026
260310_341,341,"plate 8, E10",Neg,Pos,GFPNegFOSPos,679.252507,2929.52275,7201.481925,453.1583638,ConSameM2,6/5/2025,M,reexposed_same,3d,H3209Z17,11/3/2025,3/10/2026
260310_342,342,"plate 8, F10",Pos,Pos,GFPPosFOSPos,2339.594679,9646.616199,4293.51021,760.0801224,ConSameM2,6/5/2025,M,reexposed_same,3d,H3209Z17,11/3/2025,3/10/2026
260310_343,343,"plate 8, G10",Neg,Pos,GFPNegFOSPos,930.5720409,3836.934408,9432.12125,1041.305411,ConSameM2,6/5/2025,M,reexposed_same,3d,H3209Z17,11/3/2025,3/10/2026
260310_344,344,"plate 8, H10",Pos,Pos,GFPPosFOSPos,1459.024216,16548.171,11547.81985,634.9424669,ConSameM2,6/5/2025,M,reexposed_same,3d,H3209Z17,11/3/2025,3/10/2026
260310_345,345,"plate 9, M10",Pos,Neg,GFPPosFOSNeg,316.227766,9017.333353,10090.35045,995.5128609,ConSingleNEM7,6/2/2025,M,singleNE,3d,H3209Z16,11/3/2025,3/10/2026
260310_346,346,"plate 9, N10",Pos,Neg,GFPPosFOSNeg,276.3161378,7704.04392,4804.416225,484.7824342,ConSingleNEM7,6/2/2025,M,singleNE,3d,H3209Z16,11/3/2025,3/10/2026
260310_347,347,"plate 9, O10",Pos,Neg,GFPPosFOSNeg,140.7464663,10090.35045,10554.49601,580.325795,ConSingleNEM7,6/2/2025,M,singleNE,3d,H3209Z16,11/3/2025,3/10/2026
260310_348,348,"plate 9, P10",Pos,Neg,GFPPosFOSNeg,93.8979801,11547.81985,7365.250123,620.8243607,ConSingleNEM7,6/2/2025,M,singleNE,3d,H3209Z16,11/3/2025,3/10/2026
260310_349,349,"plate 8, M10",Pos,Neg,GFPPosFOSNeg,102.7350768,13823.72227,8429.10085,679.252507,ConSingleNEM6,6/2/2025,M,singleNE,3d,H3209Z17,11/3/2025,3/10/2026
260310_350,350,"plate 8, N10",Pos,Neg,GFPPosFOSNeg,85.82103543,13823.72227,9865.988957,593.5229272,ConSingleNEM6,6/2/2025,M,singleNE,3d,H3209Z17,11/3/2025,3/10/2026
260310_351,351,"plate 8, O10",Pos,Neg,GFPPosFOSNeg,98.21718892,13823.72227,9646.616199,694.699322,ConSingleNEM6,6/2/2025,M,singleNE,3d,H3209Z17,11/3/2025,3/10/2026
260310_352,352,"plate 9, C11",Pos,Neg,GFPPosFOSNeg,241.4418221,11291.05115,7879.240831,593.5229272,ConSameM4,6/5/2025,M,reexposed_same,3d,H3209Z16,11/3/2025,3/10/2026
260310_353,353,"plate 9, H5",Pos,Pos,GFPPosFOSPos,474.0031742,7532.742557,4198.042926,507.0819188,ConSameM4,6/5/2025,M,reexposed_same,3d,H3209Z16,11/3/2025,3/10/2026
260310_354,354,"plate 9, H11",Pos,Neg,GFPPosFOSNeg,128.6396945,9017.333353,7532.742557,777.3650302,ConSameM4,6/5/2025,M,reexposed_same,3d,H3209Z16,11/3/2025,3/10/2026
260310_355,355,"plate 8, C11",Pos,Pos,GFPPosFOSPos,495.8068242,9222.395651,14788.42336,1089.20437,ConSameM2,6/5/2025,M,reexposed_same,3d,H3209Z17,11/3/2025,3/10/2026
260310_356,356,"plate 8, D11",Neg,Pos,GFPNegFOSPos,2392.799173,2677.530182,10554.49601,869.86754,ConSameM2,6/5/2025,M,reexposed_same,3d,H3209Z17,11/3/2025,3/10/2026
260310_357,357,"plate 8, E11",Neg,Pos,GFPNegFOSPos,1191.713543,3586.637624,7201.481925,607.0201742,ConSameM2,6/5/2025,M,reexposed_same,3d,H3209Z17,11/3/2025,3/10/2026
260310_358,358,"plate 8, F11",Pos,Neg,GFPPosFOSNeg,241.4418221,8429.10085,3924.189758,484.7824342,ConSameM2,6/5/2025,M,reexposed_same,3d,H3209Z17,11/3/2025,3/10/2026
260310_359,359,"plate 8, G11",Neg,Pos,GFPNegFOSPos,1089.20437,3668.201001,5623.413252,463.4635939,ConSameM2,6/5/2025,M,reexposed_same,3d,H3209Z17,11/3/2025,3/10/2026
260310_360,360,"plate 8, H11",Pos,Pos,GFPPosFOSPos,694.699322,10319.81412,11810.42769,1363.846913,ConSameM2,6/5/2025,M,reexposed_same,3d,H3209Z17,11/3/2025,3/10/2026
260310_361,361,"plate 9, M11",Pos,Neg,GFPPosFOSNeg,128.6396945,11291.05115,6015.848283,495.8068242,ConSingleNEM7,6/2/2025,M,singleNE,3d,H3209Z16,11/3/2025,3/10/2026
260310_362,362,"plate 9, N11",Pos,Neg,GFPPosFOSNeg,206.2781012,15820.44699,9432.12125,542.4690937,ConSingleNEM7,6/2/2025,M,singleNE,3d,H3209Z16,11/3/2025,3/10/2026
260310_363,363,"plate 9, O11",Pos,Neg,GFPPosFOSNeg,107.4607828,12353.695,6015.848283,554.8053304,ConSingleNEM7,6/2/2025,M,singleNE,3d,H3209Z16,11/3/2025,3/10/2026
260310_364,364,"plate 9, P11",Pos,Neg,GFPPosFOSNeg,387.1601282,10090.35045,9432.12125,777.3650302,ConSingleNEM7,6/2/2025,M,singleNE,3d,H3209Z16,11/3/2025,3/10/2026
260310_365,365,"plate 8, M11",Pos,Neg,GFPPosFOSNeg,65.52488237,12634.62918,6015.848283,607.0201742,ConSingleNEM6,6/2/2025,M,singleNE,3d,H3209Z17,11/3/2025,3/10/2026
260310_366,366,"plate 8, N11",Pos,Neg,GFPPosFOSNeg,87.77268322,16924.49134,10794.51477,664.1491559,ConSingleNEM6,6/2/2025,M,singleNE,3d,H3209Z17,11/3/2025,3/10/2026
260310_367,367,"plate 8, O11",Pos,Neg,GFPPosFOSNeg,150.5685871,9222.395651,10794.51477,1165.215492,ConSingleNEM6,6/2/2025,M,singleNE,3d,H3209Z17,11/3/2025,3/10/2026
260310_368,368,"plate 8, P11",Pos,Neg,GFPPosFOSNeg,76.69474804,11547.81985,6435.669751,542.4690937,ConSingleNEM6,6/2/2025,M,singleNE,3d,H3209Z17,11/3/2025,3/10/2026
260310_369,369,"plate 9, H6",Pos,Pos,GFPPosFOSPos,869.86754,13516.34832,8241.677663,507.0819188,ConSameM4,6/5/2025,M,reexposed_same,3d,H3209Z16,11/3/2025,3/10/2026
260310_370,370,"plate 9, H12",Pos,Neg,GFPPosFOSNeg,134.5569858,11547.81985,7201.481925,580.325795,ConSameM4,6/5/2025,M,reexposed_same,3d,H3209Z16,11/3/2025,3/10/2026
260310_371,371,"plate 8, C12",Pos,Pos,GFPPosFOSPos,443.082273,9432.12125,10090.35045,1041.305411,ConSameM2,6/5/2025,M,reexposed_same,3d,H3209Z17,11/3/2025,3/10/2026
260310_372,372,"plate 8, D12",Neg,Pos,GFPNegFOSPos,1191.713543,3668.201001,7704.04392,554.8053304,ConSameM2,6/5/2025,M,reexposed_same,3d,H3209Z17,11/3/2025,3/10/2026
260310_373,373,"plate 8, E12",Neg,Pos,GFPNegFOSPos,1274.878362,3668.201001,8241.677663,743.1795488,ConSameM2,6/5/2025,M,reexposed_same,3d,H3209Z17,11/3/2025,3/10/2026
260310_374,374,"plate 8, F12",Pos,Pos,GFPPosFOSPos,2236.708432,9646.616199,10794.51477,1191.713543,ConSameM2,6/5/2025,M,reexposed_same,3d,H3209Z17,11/3/2025,3/10/2026
260310_375,375,"plate 9, I2",Neg,Neg,GFPNegFOSNeg,85.82103543,2929.52275,7879.240831,743.1795488,ConSingleNEM7,6/2/2025,M,singleNE,3d,H3209Z16,11/3/2025,3/10/2026
260310_376,376,"plate 9, C10",Pos,Neg,GFPPosFOSNeg,117.5743266,14788.42336,9865.988957,542.4690937,ConSameM4,6/5/2025,M,reexposed_same,3d,H3209Z16,11/3/2025,3/10/2026
260310_377,377,"plate 9, M12",Pos,Pos,GFPPosFOSPos,710.4974114,15820.44699,5623.413252,423.5972432,ConSingleNEM7,6/2/2025,M,singleNE,3d,H3209Z16,11/3/2025,3/10/2026
260310_378,378,"plate 9, N12",Pos,Neg,GFPPosFOSNeg,241.4418221,9017.333353,12634.62918,1998.854812,ConSingleNEM7,6/2/2025,M,singleNE,3d,H3209Z16,11/3/2025,3/10/2026
260310_379,379,"plate 9, O12",Pos,Neg,GFPPosFOSNeg,89.76871324,11291.05115,7365.250123,554.8053304,ConSingleNEM7,6/2/2025,M,singleNE,3d,H3209Z16,11/3/2025,3/10/2026
260310_380,380,"plate 9, P12",Pos,Neg,GFPPosFOSNeg,91.81013479,11291.05115,7704.04392,495.8068242,ConSingleNEM7,6/2/2025,M,singleNE,3d,H3209Z16,11/3/2025,3/10/2026
260310_381,381,"plate 8, M12",Pos,Neg,GFPPosFOSNeg,41.79205723,11547.81985,7201.481925,634.9424669,ConSingleNEM6,6/2/2025,M,singleNE,3d,H3209Z17,11/3/2025,3/10/2026
260310_382,382,"plate 8, N12",Pos,Neg,GFPPosFOSNeg,295.5991119,9865.988957,12921.95205,2186.974655,ConSingleNEM6,6/2/2025,M,singleNE,3d,H3209Z17,11/3/2025,3/10/2026
260310_383,383,"plate 8, O12",Pos,Neg,GFPPosFOSNeg,120.2480729,11547.81985,6884.788844,593.5229272,ConSingleNEM6,6/2/2025,M,singleNE,3d,H3209Z17,11/3/2025,3/10/2026
260310_384,384,"plate 8, P12",Pos,Neg,GFPPosFOSNeg,89.76871324,11291.05115,5882.084376,474.0031742,ConSingleNEM6,6/2/2025,M,singleNE,3d,H3209Z17,11/3/2025,3/10/2026
