ensembl_gene_id,baseMean,log2FoldChange,lfcSE,stat,pvalue,padj
Lrrc17,448.8056289,8.519269524,0.608912746,-13.99095286,1.77E-44,1.98E-41
Mir7026,20.41869843,7.733490309,1.28469826,-6.019693922,1.75E-09,5.91E-08
Mir6982,274.2089869,7.633813719,0.558231124,-13.67500555,1.43E-42,1.34E-39
Mir6999,30.71586781,7.358194126,1.256474199,-5.856223812,4.74E-09,1.50E-07
Oaz1,14.25685498,7.225103992,1.500911861,-4.813809645,1.48E-06,2.89E-05
Mir7028,19.24836627,6.664588717,1.314545536,-5.069880453,3.98E-07,8.78E-06
Mir6942,9.691331366,6.653127649,1.391998466,-4.779550992,1.76E-06,3.37E-05
Mir344g,26.33298039,6.226526234,1.136126206,-5.480488172,4.24E-08,1.11E-06
Mir6236,18670.88226,6.146198286,0.244114881,-25.17748311,7.07E-140,1.19E-135
Rpl14-ps1,13.29310988,6.145352907,1.663161124,-3.694983498,0.000219901,0.002305326
Sult1c2,12.09251823,5.987973926,1.503042854,-3.983900999,6.78E-05,0.000838927
Zscan10,11.78786383,5.939173972,1.499882603,-3.959759223,7.50E-05,0.000917614
Aspa,5.783789531,5.909907002,1.742272104,-3.39206889,0.00069367,0.006058796
Cdc42ep1,10.84521386,5.829206982,1.359882253,-4.286552729,1.81E-05,0.00026657
Gm1821,176.2960042,5.800383231,0.545013486,-10.64264165,1.89E-26,4.53E-24
Mir16-1,5.228049982,5.751391383,1.776054254,-3.238297124,0.001202455,0.00960421
Atp6v0c,9.842537667,5.710345776,1.407307705,-4.057638395,4.96E-05,0.000642288
Mir7087,8.898364065,5.527233028,1.496004049,-3.694664486,0.000220177,0.002305346
Neu4,4.246299295,5.457999151,1.645356146,-3.317214431,0.000909198,0.007556416
1700071M16Rik,8.381107661,5.457256289,1.407558304,-3.877108517,0.000105705,0.001233595
Mir6898,4.205990989,5.452587064,1.626339711,-3.352674123,0.000800349,0.006837754
Mir7052,8.184431788,5.427279849,1.458050543,-3.722285127,0.000197428,0.00209853
Mir6928,14.72867812,5.402254605,1.267938147,-4.260660994,2.04E-05,0.000294518
Cldn2,7.918853742,5.387843517,1.549253294,-3.477703444,0.000505729,0.004616392
Snord58b,46.99711104,5.266101984,0.64931844,-8.110199344,5.05E-16,4.59E-14
Mir6941,13.80218888,5.265559146,1.213731665,-4.338322296,1.44E-05,0.000217367
Mir6948,12.45743325,5.1011304,1.205353722,-4.232060934,2.32E-05,0.000328662
Fcrls,6.547227053,5.071429965,1.519587526,-3.337372726,0.000845744,0.007149263
Mir7080,28.27667937,4.999255149,0.912967987,-5.475827433,4.35E-08,1.13E-06
Mir5129,10.23340205,4.874924403,1.34120158,-3.634744005,0.000278257,0.002787334
Mir7067,10.26382107,4.865231248,1.500042119,-3.243396425,0.001181137,0.009465434
Gsta3,663.8303564,4.835159041,0.219201297,-22.0580768,7.99E-108,6.71E-104
Eno1,14.75957805,4.816984938,1.039016743,-4.636099439,3.55E-06,6.33E-05
Bc1,2584.431051,4.804466356,0.227723294,-21.09782568,8.33E-99,4.66E-95
Mir6902,14.31484881,4.737766746,1.033068141,-4.586112532,4.52E-06,7.82E-05
Trpv4,27.80462378,4.688648019,0.732008042,-6.405186489,1.50E-10,6.10E-09
2010016I18Rik,8.694212623,4.621689661,1.299759268,-3.55580435,0.000376824,0.00360552
B020014A21Rik,337.0640613,4.619083187,0.284079309,-16.25983673,1.90E-59,5.33E-56
Gm6150,17.1283052,4.520042473,0.946068254,-4.77771287,1.77E-06,3.39E-05
Mir7079,7.637509396,4.499052121,1.366691902,-3.291928571,0.000995029,0.00816079
Mir7050,13.14493357,4.209101854,1.028438101,-4.092712873,4.26E-05,0.000563722
Cxcr5,12.80962578,4.175567904,1.091751604,-3.824650123,0.000130958,0.001478997
Mir6954,34.58196317,4.120181183,0.701874832,-5.870250639,4.35E-09,1.39E-07
Wdr86,13.71370122,3.956905598,1.036889868,-3.8161291,0.000135562,0.001523246
Eno1b,8.430112094,3.952250596,1.22371811,-3.229706715,0.001239173,0.009855322
Mir124a-3,29.46412371,3.869180454,0.636928525,-6.074748272,1.24E-09,4.29E-08
Snora35,868.994469,3.81736341,0.691323169,-5.521821891,3.36E-08,8.92E-07
Plxnb3,38.42439925,3.783873283,0.553985257,-6.830277948,8.48E-12,4.33E-10
Ccdc38,14.16938034,3.721471163,0.85981138,-4.328241343,1.50E-05,0.000225928
Mir6998,15.43684009,3.714807082,0.884049307,-4.202036079,2.65E-05,0.000370137
Cxx1a,13.89922241,3.645411047,0.832836701,-4.37710183,1.20E-05,0.000185149
S100a10,15.74230338,3.640314268,0.897443721,-4.056314821,4.99E-05,0.000644943
Hist1h2bc,20.0546124,3.621552113,0.828840844,-4.36941801,1.25E-05,0.000191016
Hist1h2af,880.2888818,3.601497577,0.884902822,-4.069935691,4.70E-05,0.000612141
Scarna3a,173.8002003,3.57046576,0.421888343,-8.463058572,2.60E-17,2.72E-15
Ifitm3,15.67681448,3.542379649,0.976477192,-3.627713659,0.000285942,0.002851785
Tuba1b,48.76982637,3.542186258,0.543262373,-6.520212764,7.02E-11,3.11E-09
2810433D01Rik,62.32983553,3.529211262,0.521285164,-6.77021237,1.29E-11,6.37E-10
Mir6991,26.49693899,3.516379572,0.870352047,-4.040180736,5.34E-05,0.000682463
Slco1a4,12.83731215,3.509119179,0.951885242,-3.686493942,0.000227365,0.002374684
Mir6769b,12.51703917,3.501883994,0.914010079,-3.831340677,0.000127447,0.001447125
Otx2,11.27171026,3.481374721,0.991070286,-3.512742505,0.000443507,0.004138332
Ppm1h,5176.165819,3.472897522,0.836629442,-4.151058219,3.31E-05,0.000451052
Sostdc1,22.81621141,3.426972934,0.655190137,-5.230501408,1.69E-07,4.00E-06
A630066F11Rik,15.03674773,3.36205333,0.796487057,-4.221102276,2.43E-05,0.000343317
Slco1c1,17.77214173,3.33403941,0.818234201,-4.074676183,4.61E-05,0.000603075
F5,25.70953488,3.331046893,0.699336255,-4.763154874,1.91E-06,3.63E-05
Slc4a5,29.61964792,3.254811682,0.54672743,-5.953262093,2.63E-09,8.71E-08
Rnu11,2437.183424,3.251190738,0.619943354,-5.244335178,1.57E-07,3.74E-06
Mog,29.3886388,3.234969575,0.618397116,-5.231217112,1.68E-07,3.99E-06
Gpr17,30.08936134,3.152923593,0.658753096,-4.78619928,1.70E-06,3.26E-05
Krt18,8.498500181,3.146097206,0.969946442,-3.243578274,0.001180384,0.009463907
Gm10785,1708.237015,3.016460575,0.231987951,-13.00266053,1.18E-38,8.27E-36
Spef2,15.98479694,3.000744716,0.838182967,-3.580059289,0.000343516,0.003338803
D630045M09Rik,160.2825761,2.985734181,0.383634814,-7.782750864,7.10E-15,5.63E-13
Psg28,516.3152495,2.980661751,0.24686512,-12.07404981,1.45E-33,6.58E-31
Cox7c,18.70685237,2.950251323,0.709757587,-4.156702764,3.23E-05,0.000441129
2900055J20Rik,96.26900492,2.950047762,0.352629389,-8.365859033,5.97E-17,5.93E-15
Col4a5,14.9909999,2.935093573,0.842007814,-3.485827002,0.000490618,0.004498002
Mir138-1,106.7055414,2.905161847,0.342974544,-8.470488256,2.44E-17,2.57E-15
Hist1h4h,13.37148505,2.86475596,0.861195852,-3.326486019,0.000879484,0.007367764
Zfp36l1,24.8140766,2.860251334,0.64849134,-4.410623793,1.03E-05,0.000161581
Gm12070,24.52048513,2.852413646,0.780625156,-3.654011946,0.000258174,0.002627851
Flt1,28.36696914,2.841409399,0.79162087,-3.589356352,0.000331495,0.003233187
Pdgfra,35.38561013,2.838172526,0.614991791,-4.614976274,3.93E-06,6.91E-05
Ntf5,28.12557593,2.833933512,0.630239346,-4.496598838,6.90E-06,0.00011365
Sp140,14.73529564,2.813142663,0.81768946,-3.440355783,0.00058095,0.005217361
Mir6955,21.04076724,2.806978407,0.733860905,-3.824946103,0.000130801,0.001478215
Tmem63a,20.17934667,2.790077257,0.695581806,-4.0111418,6.04E-05,0.000759503
Ptgds,111.936412,2.776802517,0.425161398,-6.531172704,6.53E-11,2.91E-09
Mir6925,10.66537704,2.760538787,0.855046869,-3.228523355,0.001244311,0.0098825
Slfn9,383.9796234,2.739986267,0.222910265,-12.29188019,1.00E-34,4.81E-32
Itih3,15.80531165,2.736291342,0.743152912,-3.68200312,0.000231409,0.002404961
Mt1,46.53758549,2.728387462,0.596444435,-4.574420186,4.78E-06,8.21E-05
Ttr,750.6559142,2.710937164,0.237439934,-11.41735984,3.42E-30,1.25E-27
Olig2,20.85738003,2.707690963,0.821257261,-3.297007031,0.000977211,0.008026404
Vwf,22.08235891,2.699167229,0.831930218,-3.244463503,0.001176721,0.009439043
Mir7036,14.7983127,2.676032056,0.728044557,-3.675643245,0.000237251,0.002447514
Hspa1b,13.86411472,2.647444402,0.766513412,-3.453878773,0.000552586,0.004992582
Lfng,22.56375875,2.604010182,0.593378639,-4.388446115,1.14E-05,0.000176822
Fut8,2064.722789,2.590735118,0.158016555,-16.39533982,2.06E-60,6.94E-57
Dnah6,61.52221946,2.561376481,0.383279858,-6.682783942,2.34E-11,1.14E-09
Mir9-2,73.07150868,2.557015226,0.3432574,-7.449264672,9.39E-14,6.31E-12
Mir7220,23.25942688,2.54687783,0.568782907,-4.477767879,7.54E-06,0.000123064
Scarna3b,108.7593572,2.546334744,0.450581553,-5.651218355,1.59E-08,4.48E-07
Grin2c,81.957252,2.506225891,0.61308488,-4.08789382,4.35E-05,0.000573752
Smn1,351.5551957,2.50074745,0.235299172,-10.62794838,2.21E-26,5.23E-24
Lrrc23,36.81943995,2.481548233,0.483521952,-5.13223489,2.86E-07,6.49E-06
Eps8l2,14.4544225,2.478358013,0.695741759,-3.562180908,0.000367787,0.003541924
Cgnl1,92.95825225,2.475423214,0.364715694,-6.787268157,1.14E-11,5.68E-10
Mt2,24.95054183,2.469242476,0.655191624,-3.768733274,0.000164078,0.001796308
Lars2,209560.8314,2.46821078,0.276796145,-8.917070653,4.79E-19,5.92E-17
Hsbp1l1,39.98150638,2.44733285,0.560604248,-4.365526763,1.27E-05,0.000194271
Gm11545,21.73841365,2.446459391,0.591155514,-4.138436218,3.50E-05,0.000471999
Cdkn1c,25.37322706,2.43608075,0.540951471,-4.503325863,6.69E-06,0.000110652
Nfkbie,28.22997914,2.434023009,0.57453131,-4.236536753,2.27E-05,0.000323036
Pmaip1,49.90059218,2.431257688,0.384093435,-6.329860052,2.45E-10,9.61E-09
Ccdc141,48.38520773,2.41548239,0.501993259,-4.811782526,1.50E-06,2.91E-05
Sox10,57.39394423,2.394722552,0.476180867,-5.02901884,4.93E-07,1.07E-05
4933413L06Rik,80.90580391,2.389429035,0.349949874,-6.827917983,8.62E-12,4.39E-10
Enpp2,321.9455929,2.386495276,0.248980272,-9.585077804,9.24E-22,1.40E-19
Haus3,24.15328558,2.361132915,0.531657365,-4.441080047,8.95E-06,0.000143393
Atp5e,31.57958396,2.346442807,0.48959935,-4.792577452,1.65E-06,3.17E-05
Serpinh1,20.59413973,2.339207704,0.650253284,-3.597379298,0.00032144,0.003157287
Igfbp2,24.85731594,2.320865365,0.546651743,-4.245601323,2.18E-05,0.000311268
Phkg1,23.6605269,2.309907452,0.555175322,-4.160681066,3.17E-05,0.000434574
Gm14403,242.1128244,2.308610483,0.233772025,-9.875477975,5.32E-23,8.76E-21
LOC102634431,27.91991744,2.293290971,0.592942658,-3.867643758,0.000109892,0.001272733
Cyp2s1,51.24132924,2.278789068,0.474943072,-4.798025701,1.60E-06,3.10E-05
Slc12a4,31.44033501,2.273493259,0.516091482,-4.405213683,1.06E-05,0.000164745
Neat1,121.4571765,2.26893815,0.347026565,-6.538226117,6.23E-11,2.80E-09
Klf13,2094.1151,2.247080515,0.668051969,-3.363631305,0.000769242,0.006617728
Chchd2,61.29564273,2.245713518,0.431085306,-5.209441114,1.89E-07,4.44E-06
Col4a3,135.6557718,2.241783792,0.475073662,-4.718813046,2.37E-06,4.41E-05
Msrb1,16.37941459,2.239571191,0.693684947,-3.228513464,0.001244354,0.0098825
Slc36a1os,615.2463212,2.233612229,0.157990248,-14.13765888,2.23E-45,2.67E-42
Sorbs3,45.03839057,2.23135988,0.456357733,-4.889497245,1.01E-06,2.05E-05
Dnah11,24.09614636,2.229864998,0.675513705,-3.300991498,0.000963438,0.007929556
Dock1,71.08711285,2.223947072,0.393792688,-5.647507277,1.63E-08,4.57E-07
Wdr96,50.78851479,2.215107391,0.438033305,-5.056938287,4.26E-07,9.36E-06
Mal,55.11045563,2.213802854,0.475249651,-4.658189327,3.19E-06,5.74E-05
Adamts7,236.4967255,2.213116607,0.401327904,-5.514484759,3.50E-08,9.26E-07
Styk1,14.80653568,2.202667145,0.678551438,-3.24613142,0.001169848,0.009392881
B2m,27.57199456,2.193190333,0.535840935,-4.092987653,4.26E-05,0.000563497
Zfp14,42.98800506,2.185251815,0.460866037,-4.741620427,2.12E-06,3.99E-05
LOC100862268,122.1111449,2.180127064,0.322483297,-6.760434055,1.38E-11,6.80E-10
Slc7a10,56.76780316,2.177237326,0.537634519,-4.049660593,5.13E-05,0.000660001
Usmg5,55.6194794,2.155354731,0.389811357,-5.529225077,3.22E-08,8.59E-07
Mag,64.13972281,2.120781656,0.45387945,-4.672565931,2.97E-06,5.39E-05
Zfp367,22.63095568,2.112309912,0.550468032,-3.837298061,0.000124395,0.001418226
Acsbg1,31.68421184,2.111050116,0.504567849,-4.183877594,2.87E-05,0.000398889
Pvalb,35.32580424,2.106867165,0.44838441,-4.698796649,2.62E-06,4.81E-05
Rnasek,113.6062941,2.103690905,0.416872843,-5.046361112,4.50E-07,9.81E-06
Gpr98,31.23590419,2.094612333,0.473660857,-4.422177388,9.77E-06,0.000155055
Il1bos,113.7881579,2.093883958,0.325185046,-6.43905365,1.20E-10,5.06E-09
Ccdc135,75.84878464,2.078537374,0.332484898,-6.251524155,4.06E-10,1.54E-08
Ntm,1512.085208,2.078073887,0.184456701,-11.26591703,1.93E-29,6.77E-27
Nptxr,608.6319918,2.049595306,0.203089565,-10.09207591,5.99E-24,1.11E-21
Frrs1l,684.3060006,2.047265509,0.182190744,-11.23693481,2.69E-29,9.21E-27
Slfn8,18.75925873,2.035805185,0.59270447,-3.434772789,0.000593051,0.005301181
5031410I06Rik,43.01075629,2.03146218,0.442743112,-4.58835411,4.47E-06,7.74E-05
Msn,30.72811314,2.026198306,0.558480249,-3.628057229,0.000285562,0.002849685
Klhdc7a,24.93178615,2.025040479,0.606354031,-3.339699871,0.00083869,0.00711109
LOC101243624,21.43014738,2.024547554,0.624500836,-3.241865242,0.001187502,0.009503408
Acot13,49.62501928,2.011364306,0.391263812,-5.14068576,2.74E-07,6.23E-06
Cox7b2,20.95256054,-1.996014852,0.588608943,3.391071229,0.0006962,0.006077736
Ccdc50,1758.051279,-2.003810907,0.15550675,12.88568439,5.42E-38,3.64E-35
Xkr4,1648.199037,-2.007120407,0.224398615,8.94444204,3.74E-19,4.69E-17
Ephb2,1945.947302,-2.007251972,0.232474894,8.634274174,5.91E-18,6.69E-16
Ammecr1,208.8186946,-2.016805495,0.251920593,8.005719067,1.19E-15,1.02E-13
Trim12c,2200.694758,-2.019905522,0.594710588,3.396451251,0.000682657,0.005984378
Bcl2l15,62.47062512,-2.021473165,0.359427119,5.624153157,1.86E-08,5.19E-07
Prpmp5,18.93727451,-2.029667515,0.583038442,3.481189863,0.000499192,0.004569125
G630071F17Rik,1728.22994,-2.03523439,0.346362842,5.876018274,4.20E-09,1.36E-07
Klhl31,633.7881666,-2.037888446,0.342534552,5.949439065,2.69E-09,8.90E-08
Chek1,84.16807633,-2.038101982,0.297813693,6.843546931,7.73E-12,3.98E-10
Defb35,72.8893024,-2.038443533,0.460327281,4.428248373,9.50E-06,0.000151041
Rnu73b,38.32332798,-2.039640954,0.527821866,3.864260059,0.000111426,0.001289615
2700070H01Rik,81.35629766,-2.046370666,0.40271249,5.081468082,3.75E-07,8.29E-06
A530013C23Rik,52.04366393,-2.047844937,0.557491736,3.67331891,0.00023942,0.002466867
C130074G19Rik,717.8300733,-2.05193312,0.244707347,8.385253419,5.06E-17,5.09E-15
Oxsm,175.1368022,-2.052548731,0.311237935,6.594789717,4.26E-11,1.98E-09
Apold1,173.7285738,-2.053503873,0.317362979,6.470521169,9.77E-11,4.17E-09
Tcte1,53.59786727,-2.054515895,0.393002464,5.227743037,1.72E-07,4.05E-06
Cd300lg,803.8345665,-2.056174527,0.358375915,5.737479665,9.61E-09,2.84E-07
Tmem132c,225.3526545,-2.056781103,0.254736968,8.074136716,6.80E-16,6.07E-14
Dlgap5,47.85733081,-2.056929824,0.619805442,3.318670157,0.000904472,0.00752458
Rab21,243.2578824,-2.064426233,0.27698951,7.453084528,9.12E-14,6.18E-12
C920021L13Rik,119.4806151,-2.067566144,0.512893968,4.031176566,5.55E-05,0.000706036
Tshz3,1221.007047,-2.071223851,0.221319065,9.358542394,8.08E-21,1.11E-18
Tbx3,34.60412009,-2.071838139,0.478190941,4.332658697,1.47E-05,0.000222235
Gcnt4,154.2125465,-2.072476031,0.276170013,7.504348528,6.17E-14,4.30E-12
Hhex,64.45835114,-2.072600592,0.389825124,5.316744514,1.06E-07,2.58E-06
C3ar1,146.8377564,-2.075814711,0.292763238,7.090421342,1.34E-12,7.67E-11
Hoxd11,138.1192569,-2.076620473,0.398864795,5.206326799,1.93E-07,4.50E-06
Phex,3061.365293,-2.083824187,0.575224491,3.622627722,0.000291625,0.002899861
Gm19434,102.6029241,-2.085530351,0.29259129,7.127793683,1.02E-12,5.97E-11
Tnfsf15,96.57689383,-2.087461983,0.365485372,5.711478879,1.12E-08,3.26E-07
Arpc1b,333.5901149,-2.088766906,0.367259829,5.687436364,1.29E-08,3.72E-07
Enpp4,220.3626131,-2.090476709,0.244339633,8.555618587,1.17E-17,1.30E-15
Sox9,1120.743332,-2.092450167,0.328762117,6.364632849,1.96E-10,7.78E-09
Tnfaip6,64.91974775,-2.095150629,0.335976036,6.236012113,4.49E-10,1.69E-08
Ado,248.3191234,-2.101165589,0.316573063,6.637221658,3.20E-11,1.53E-09
Nuak2,46.45629487,-2.106019928,0.423650868,4.971121473,6.66E-07,1.41E-05
Pcyt1b,379.9346002,-2.107414361,0.244088253,8.633821297,5.93E-18,6.69E-16
Hoxc8,160.5708158,-2.111616604,0.377170315,5.598575814,2.16E-08,5.92E-07
E130102H24Rik,102.1880694,-2.114259131,0.292283362,7.233593856,4.70E-13,2.87E-11
A530099J19Rik,39.99495112,-2.119023757,0.57427278,3.689925469,0.00022432,0.002345796
Emx2os,233.2799538,-2.120758789,0.252166252,8.410161057,4.09E-17,4.15E-15
Frk,136.8292286,-2.123167071,0.280427623,7.571176653,3.70E-14,2.68E-12
Tbx15,43.69531571,-2.12481563,0.435506035,4.878957948,1.07E-06,2.16E-05
Ppara,98.79201552,-2.134400511,0.348169759,6.130344333,8.77E-10,3.11E-08
Chic1,1422.931173,-2.134737657,0.248743893,8.582070641,9.32E-18,1.04E-15
Zic3,30.95275916,-2.139307018,0.487334006,4.389816824,1.13E-05,0.000175873
Dhx40,3090.807698,-2.14046192,0.261440906,8.187172962,2.67E-16,2.47E-14
Gm13939,16.94866518,-2.151864077,0.657673485,3.271933759,0.001068146,0.008679977
Ifi44,61.4695801,-2.152039055,0.345974689,6.220221081,4.96E-10,1.85E-08
4930563E18Rik,110.1539929,-2.156080932,0.357355685,6.033431187,1.61E-09,5.48E-08
Map3k1,915.3273902,-2.156472532,0.275085636,7.83927713,4.53E-15,3.66E-13
CK137956,219.5978007,-2.156564697,0.244519693,8.81959516,1.15E-18,1.39E-16
Ceacam18,74.77575774,-2.162964019,0.364737863,5.930187788,3.03E-09,9.95E-08
Gpr20,35.99813942,-2.166266025,0.549754396,3.940425106,8.13E-05,0.00098133
Palb2,121.1235877,-2.168526302,0.279987745,7.745075768,9.55E-15,7.43E-13
Gm8221,524.4263916,-2.175133826,0.354132379,6.142148961,8.14E-10,2.90E-08
Cnn2,53.87689136,-2.176646137,0.479615092,4.53831869,5.67E-06,9.57E-05
Gm20745,392.2898828,-2.182059141,0.214934267,10.15221615,3.24E-24,6.26E-22
Csf2rb2,1847.75624,-2.183295322,0.180160062,12.11864215,8.41E-34,3.93E-31
4930578E11Rik,375.3510376,-2.183467563,0.304965554,7.159718643,8.08E-13,4.82E-11
Mill1,27.78699558,-2.18381316,0.663300626,3.292342981,0.000993564,0.008152752
Six2,137.21384,-2.187950315,0.408339221,5.358168416,8.41E-08,2.08E-06
Rbms3,415.2314627,-2.195128009,0.294599729,7.451222102,9.25E-14,6.24E-12
Eppk1,172.6617753,-2.196506062,0.2828917,7.764476873,8.20E-15,6.41E-13
Pigr,510.7097054,-2.197865912,0.608893789,3.60960475,0.000306664,0.003033247
Ly96,61.2228994,-2.202187242,0.349153117,6.30722493,2.84E-10,1.10E-08
Sftpb,18.35438091,-2.203933864,0.63256822,3.48410463,0.000493786,0.004522115
Kctd12b,158.19571,-2.209415912,0.324962995,6.798976951,1.05E-11,5.30E-10
Btbd9,1892.93437,-2.211131817,0.305783569,7.231035418,4.79E-13,2.92E-11
Serpinb1c,247.57959,-2.21366283,0.372827296,5.937502043,2.89E-09,9.54E-08
Slc7a13,200.6144268,-2.221529058,0.368391662,6.030345655,1.64E-09,5.57E-08
Wdr37,2166.378702,-2.235813982,0.304215777,7.349434677,1.99E-13,1.27E-11
Bmp4,138.7396147,-2.241921014,0.34269631,6.54200512,6.07E-11,2.75E-09
Gm10536,32.28948799,-2.244630411,0.485271573,4.625513908,3.74E-06,6.60E-05
Clrn1,1246.856207,-2.246624255,0.649145416,3.460895202,0.000538382,0.004882631
Cd274,1105.639808,-2.252983024,0.344677008,6.536505106,6.30E-11,2.82E-09
Trmt10a,1564.615385,-2.253791875,0.298721592,7.544790656,4.53E-14,3.23E-12
Gatad1,180.3407009,-2.25381619,0.326226919,6.908737634,4.89E-12,2.58E-10
Gm15441,134.2528389,-2.257433128,0.393655579,5.734538638,9.78E-09,2.89E-07
Kcnj15,325.4016155,-2.264623078,0.313736894,7.218223685,5.27E-13,3.20E-11
Cd59a,316.2149488,-2.273574915,0.282268015,8.054667165,7.97E-16,7.05E-14
Gm6249,240.0093791,-2.276216897,0.290260511,7.841979218,4.43E-15,3.62E-13
Pou4f2,35.79008897,-2.278936149,0.635469139,3.586226313,0.000335498,0.00326843
Fmo5,487.4335237,-2.287737503,0.296326599,7.720324505,1.16E-14,8.94E-13
Ceacam20,49.19798328,-2.297542618,0.51371969,4.472366281,7.74E-06,0.00012597
Grap,221.6052415,-2.300876843,0.308098811,7.467983514,8.14E-14,5.54E-12
Loxl2,789.0455623,-2.302180301,0.238723274,9.643719533,5.23E-22,7.98E-20
4932416K20Rik,159.9580411,-2.305092693,0.48555271,4.747358312,2.06E-06,3.89E-05
Serpinb13,94.26317257,-2.305507882,0.407342543,5.65987501,1.51E-08,4.29E-07
Gm20187,781.6506748,-2.314236685,0.289032994,8.006825274,1.18E-15,1.02E-13
Piwil1,129.7638385,-2.319503171,0.356256111,6.510774404,7.48E-11,3.31E-09
Muc13,42.44038818,-2.323226648,0.438298743,5.300555128,1.15E-07,2.80E-06
Lhx9,219.3028896,-2.329013214,0.252064795,9.239740162,2.47E-20,3.30E-18
Gm10400,15.18551253,-2.334720051,0.686800462,3.399415377,0.000675301,0.005938477
Piga,660.3562031,-2.334815974,0.23263276,10.03648828,1.05E-23,1.90E-21
F2rl1,193.0497261,-2.3370356,0.304325803,7.679386957,1.60E-14,1.20E-12
C030029H02Rik,701.477436,-2.343165202,0.327019511,7.165215305,7.77E-13,4.66E-11
Rest,299.4338211,-2.343491601,0.675474313,3.469401511,0.000521619,0.004748544
Kctd14,368.6306111,-2.345829068,0.352598042,6.652983814,2.87E-11,1.38E-09
C130080G10Rik,65.94499889,-2.358234782,0.423355685,5.570339237,2.54E-08,6.89E-07
H2-M2,78.97391628,-2.361636431,0.371687578,6.353821251,2.10E-10,8.29E-09
Gpc3,55.11740764,-2.364289001,0.546696905,4.324679691,1.53E-05,0.00022879
Fgf16,55.76577,-2.367265831,0.538195441,4.398524496,1.09E-05,0.000169276
Ggt5,249.0706166,-2.368495179,0.341106451,6.943566066,3.82E-12,2.03E-10
Ube2u,1519.868178,-2.370129824,0.683787821,3.4661773,0.000527915,0.00479806
Ebf1,86.86032605,-2.370193847,0.400303866,5.920986653,3.20E-09,1.05E-07
Wfdc13,56.87288613,-2.379424811,0.583240549,4.079662871,4.51E-05,0.000591204
Calcrl,147.6339227,-2.379557465,0.338572357,7.028209517,2.09E-12,1.16E-10
Ddit4l,842.8639368,-2.380887008,0.218086992,10.91714361,9.55E-28,2.72E-25
Ednrb,690.8805505,-2.388427169,0.364021642,6.56122299,5.34E-11,2.44E-09
Stxbp3b,102.0339577,-2.389752309,0.325146604,7.349768629,1.99E-13,1.27E-11
Med18,338.3334816,-2.395547327,0.191882504,12.48444899,9.08E-36,4.92E-33
3110015C05Rik,269.517163,-2.39991887,0.226119846,10.6134818,2.58E-26,5.94E-24
Qrfp,18.99133763,-2.407817348,0.720554971,3.341615067,0.000832925,0.007069344
Lbh,690.9851077,-2.407971539,0.251895336,9.559412957,1.18E-21,1.75E-19
Rgs9bp,1862.611951,-2.411171564,0.242828051,9.929542943,3.10E-23,5.20E-21
Slco1a1,72.62388456,-2.422960681,0.511243713,4.739345678,2.14E-06,4.03E-05
Agl,1509.313756,-2.425242286,0.208277815,11.644266,2.45E-31,1.01E-28
Itgb3,105.1773647,-2.431437318,0.291374032,8.344728939,7.14E-17,7.06E-15
Scd4,52.90708365,-2.432081371,0.457925903,5.311080578,1.09E-07,2.66E-06
Dbt,516.6250136,-2.432442481,0.288747511,8.424115844,3.63E-17,3.70E-15
Prop1,87.97853923,-2.433433741,0.304820032,7.983181834,1.43E-15,1.22E-13
5830403L16Rik,77.43141143,-2.441236027,0.384196505,6.354133879,2.10E-10,8.29E-09
Il21r,92.17021619,-2.449659305,0.302625923,8.094677685,5.74E-16,5.16E-14
Zfp229,226.7969238,-2.453041671,0.244435944,10.03551946,1.06E-23,1.90E-21
Gm3230,37.31480836,-2.454654243,0.583805423,4.20457595,2.62E-05,0.000366921
4930502E18Rik,25.71752144,-2.458588082,0.558762812,4.400056747,1.08E-05,0.000168241
Cntd1,62.19112578,-2.462657823,0.52806516,4.663549142,3.11E-06,5.62E-05
Lingo4,597.5386913,-2.466141079,0.230126461,10.7164603,8.52E-27,2.20E-24
1200014J11Rik,1621.21955,-2.470096451,0.195044973,12.66424051,9.33E-37,5.60E-34
Mlph,464.7911528,-2.485084756,0.376392228,6.602380626,4.05E-11,1.91E-09
Zfp113,1750.169507,-2.486298314,0.277720774,8.952511094,3.47E-19,4.42E-17
Gm8179,998.6712125,-2.488108832,0.178662486,13.92630815,4.38E-44,4.60E-41
Treml2,126.3124023,-2.488915819,0.280182739,8.883187562,6.50E-19,7.97E-17
A130010J15Rik,452.5229984,-2.491388344,0.292431266,8.519568977,1.60E-17,1.73E-15
Foxa3,219.8522462,-2.491933818,0.365013425,6.826964829,8.67E-12,4.40E-10
Bcmo1,1001.753757,-2.498445791,0.305885091,8.167922746,3.14E-16,2.88E-14
Mir300,35.23469908,-2.507108099,0.724903329,3.458541297,0.000543109,0.004917536
Ermp1,2230.922383,-2.508621294,0.261895242,9.578720389,9.83E-22,1.47E-19
Cd38,652.5757355,-2.512557065,0.280809326,8.947555635,3.63E-19,4.59E-17
D030018L15Rik,89.4637132,-2.513638647,0.356585695,7.049185321,1.80E-12,1.01E-10
Kynu,188.0549174,-2.519279506,0.422928571,5.956749382,2.57E-09,8.55E-08
Dkk2,1206.841487,-2.521009714,0.294924383,8.547986729,1.25E-17,1.37E-15
Slc47a1,72.69317356,-2.522743367,0.427515478,5.900940423,3.61E-09,1.18E-07
Dmp1,107.1961452,-2.52315433,0.457020086,5.520882798,3.37E-08,8.95E-07
Slc35d1,1616.840722,-2.525435278,0.325036851,7.769689091,7.87E-15,6.21E-13
Tbx18,1980.972356,-2.526075945,0.342440933,7.37667638,1.62E-13,1.05E-11
Ush1g,137.6762431,-2.535082586,0.252932663,10.02275686,1.21E-23,2.14E-21
6330549D23Rik,121.472254,-2.536280367,0.384219207,6.601128523,4.08E-11,1.92E-09
Shc4,516.8072524,-2.537773503,0.351693935,7.215858026,5.36E-13,3.24E-11
Slc25a42,2188.89176,-2.540145568,0.20181366,12.58658888,2.50E-36,1.45E-33
Lgr5,127.7653679,-2.542517071,0.313868196,8.100588398,5.47E-16,4.94E-14
Zscan12,150.903476,-2.544113125,0.322713177,7.883511766,3.18E-15,2.62E-13
Slc13a2os,30.51993521,-2.545228555,0.5673861,4.485884576,7.26E-06,0.000119048
4931406B18Rik,1766.132514,-2.550755228,0.338890273,7.526787958,5.20E-14,3.67E-12
Mon1b,1658.273834,-2.553467959,0.341609077,7.474824683,7.73E-14,5.30E-12
Gm4951,229.4859213,-2.555231599,0.41329988,6.182512314,6.31E-10,2.30E-08
9230105E05Rik,1171.153556,-2.557623315,0.548511576,4.662842917,3.12E-06,5.63E-05
4930513N10Rik,19.38852681,-2.562727237,0.627929207,4.081235921,4.48E-05,0.000588594
Kcnj2,315.25385,-2.564408285,0.296384937,8.652289509,5.05E-18,5.77E-16
Snord95,30.40095233,-2.565384603,0.745500695,3.441156556,0.000579233,0.005208141
Gm20337,736.1669675,-2.567003663,0.337474961,7.606501094,2.82E-14,2.06E-12
Optc,634.0106764,-2.567891167,0.224040743,11.46171513,2.05E-30,7.85E-28
1700010I02Rik,594.0163991,-2.575815019,0.373108692,6.903658569,5.07E-12,2.66E-10
Gm14718,50.94927857,-2.577155718,0.52140597,4.942704665,7.70E-07,1.60E-05
Prkag3,958.0807224,-2.580519365,0.296901284,8.691506248,3.58E-18,4.17E-16
Mir673,30.679142,-2.582908055,0.653957741,3.949655906,7.83E-05,0.000950991
Tmem236,18.91659774,-2.584846483,0.605374001,4.269833986,1.96E-05,0.000283638
Cx3cr1,2049.493236,-2.589493769,0.332661668,7.784166367,7.02E-15,5.59E-13
Scarna17,167.5276371,-2.596192079,0.41484434,6.258231886,3.89E-10,1.48E-08
AI314278,1341.146152,-2.604466156,0.217786357,11.95881228,5.84E-33,2.58E-30
Ccr4,353.0903205,-2.604913625,0.404916909,6.43320535,1.25E-10,5.22E-09
Pde3a,312.7242836,-2.606256854,0.372152917,7.003188032,2.50E-12,1.37E-10
Acsm2,1935.482703,-2.609720118,0.198750722,13.13061954,2.20E-39,1.61E-36
Chst3,2457.339976,-2.611380833,0.232887166,11.2130732,3.52E-29,1.16E-26
Lrrc19,457.6809902,-2.611770164,0.321277489,8.129328248,4.32E-16,3.94E-14
Lif,356.8034242,-2.616774991,0.273240483,9.576820249,1.00E-21,1.49E-19
Fbln7,93.42004245,-2.624990663,0.415610027,6.315994536,2.68E-10,1.04E-08
Gpr149,76.35379422,-2.629469346,0.376053182,6.992280536,2.70E-12,1.48E-10
Cd3d,1658.573462,-2.638704064,0.24113387,10.94290097,7.19E-28,2.12E-25
Nxnl1,82.16869417,-2.642743374,0.449817053,5.875151583,4.22E-09,1.36E-07
AU018091,87.35592415,-2.642884254,0.321560569,8.218931386,2.05E-16,1.94E-14
Pdxk-ps,110.6181861,-2.650608307,0.375656467,7.05593685,1.71E-12,9.64E-11
Nkx2-1,68.01678395,-2.653336604,0.430837755,6.158551733,7.34E-10,2.65E-08
DQ267102,358.5092462,-2.661582085,0.336290501,7.914532452,2.48E-15,2.06E-13
Kdelr2,415.8675981,-2.662792936,0.307457991,8.660672393,4.69E-18,5.40E-16
Eomes,198.2014689,-2.672377602,0.44369727,6.022975081,1.71E-09,5.80E-08
Gldn,188.4102233,-2.672924216,0.34324888,7.787131636,6.85E-15,5.49E-13
Gata3,110.9952096,-2.673058521,0.446110243,5.991923666,2.07E-09,6.96E-08
Atp8b4,102.382082,-2.681096009,0.326500953,8.211602403,2.18E-16,2.04E-14
Itgam,2019.163543,-2.688377204,0.295004683,9.112998391,8.01E-20,1.03E-17
BC089597,86.83520864,-2.69429553,0.37989922,7.092132309,1.32E-12,7.60E-11
C8a,19.79017039,-2.694483327,0.624306394,4.315963049,1.59E-05,0.000237374
Ccr9,217.1864109,-2.699793128,0.254120958,10.62404752,2.30E-26,5.38E-24
Ncmap,40.98592164,-2.705451482,0.478492382,5.654116097,1.57E-08,4.41E-07
Tmc7,211.6589405,-2.705637533,0.269402876,10.04309074,9.85E-24,1.80E-21
A730098P11Rik,482.0505498,-2.706544937,0.188988765,14.32119491,1.61E-46,2.09E-43
A330048O09Rik,80.80696231,-2.707482701,0.432011446,6.26715501,3.68E-10,1.40E-08
Tubal3,97.33574934,-2.722458785,0.350454703,7.768361396,7.95E-15,6.24E-13
Gpr64,318.98785,-2.723254306,0.382755896,7.114859192,1.12E-12,6.47E-11
Sp110,990.7385439,-2.746984292,0.207083243,13.26512106,3.69E-40,2.95E-37
Wisp1,27.03303462,-2.749836457,0.599090145,4.590021188,4.43E-06,7.69E-05
Ankrd44,204.8451647,-2.759777911,0.259155532,10.64911827,1.76E-26,4.29E-24
Scarna10,462.8590387,-2.771780833,0.293678853,9.438135589,3.79E-21,5.45E-19
Mir654,24.35636965,-2.772509177,0.590334517,4.69650528,2.65E-06,4.86E-05
Qpct,114.3740099,-2.77589647,0.320430062,8.663033825,4.59E-18,5.32E-16
Oxt,88.22660701,-2.782287251,0.394026919,7.061160332,1.65E-12,9.37E-11
Dusp10,406.1780616,-2.786675384,0.269944184,10.32315399,5.54E-25,1.15E-22
Dlk1,382.5459476,-2.792683715,0.24430453,11.43115815,2.92E-30,1.09E-27
Ltbp1,126.3226846,-2.798160692,0.400397543,6.988456208,2.78E-12,1.51E-10
Stc1,95.37349308,-2.804926101,0.394231455,7.114922123,1.12E-12,6.47E-11
Serpina1a,821.4444478,-2.815865554,0.339284918,8.299412701,1.05E-16,1.02E-14
BC094916,18.36429479,-2.82585226,0.701000447,4.031170411,5.55E-05,0.000706036
Ifit1,931.5387405,-2.831859827,0.365910584,7.73921267,1.00E-14,7.75E-13
Itpripl1,426.8747769,-2.836629063,0.268282812,10.57327913,3.96E-26,9.00E-24
Dkk1,205.565645,-2.83751057,0.351799882,8.065695053,7.28E-16,6.47E-14
Gata4,19.6059251,-2.837575519,0.653773261,4.340305253,1.42E-05,0.000215803
Spc24,376.4130871,-2.839562648,0.294070206,9.656070522,4.63E-22,7.21E-20
Ifi203,4427.390754,-2.848344267,0.230790894,12.3416666,5.40E-35,2.67E-32
Olfr629,60.90076028,-2.855149976,0.45873823,6.223919848,4.85E-10,1.81E-08
Igf1,517.532352,-2.873696047,0.267096674,10.75901098,5.37E-27,1.46E-24
1700051A21Rik,40.15696894,-2.883719035,0.464091739,6.213683189,5.18E-10,1.92E-08
Gapt,24.91599232,-2.884159487,0.814745895,3.539949701,0.000400203,0.003797525
Trem1,55.0465025,-2.893306729,0.394883163,7.326994407,2.35E-13,1.49E-11
Tmprss11g,81.38602635,-2.894091604,0.331810186,8.722130074,2.73E-18,3.25E-16
Frrs1,227.4305745,-2.900464217,0.366418458,7.915715353,2.46E-15,2.06E-13
4933401D09Rik,348.9644796,-2.908663923,0.200600613,14.49977582,1.22E-47,2.04E-44
Gm10408,11.55375378,-2.917938594,0.809470456,3.604749958,0.000312454,0.003081445
Gm14023,64.03204302,-2.928209033,0.455554194,6.427795132,1.29E-10,5.39E-09
Ptgfr,101.0877516,-2.930364688,0.479016536,6.1174604,9.51E-10,3.36E-08
Lag3,792.3060968,-2.931022647,0.30808132,9.513795416,1.84E-21,2.66E-19
Mettl7a1,2505.594594,-2.948080414,0.284504448,10.36215931,3.69E-25,7.84E-23
Tifa,49.67937126,-2.966544826,0.414328397,7.15988778,8.07E-13,4.82E-11
Itgb6,1226.466508,-2.989913745,0.324391298,9.216997394,3.06E-20,4.04E-18
Maml2,759.2679876,-2.996707367,0.300446141,9.974191565,1.98E-23,3.36E-21
Slc39a8,879.6347405,-2.997937539,0.323524238,9.266500592,1.92E-20,2.61E-18
Erv3,24.69227067,-3.005734927,0.615046013,4.887008233,1.02E-06,2.08E-05
Zfp395,860.4076163,-3.010062515,0.342255517,8.794781573,1.43E-18,1.72E-16
Tigit,4243.30218,-3.026766569,0.210719306,14.36397371,8.71E-47,1.22E-43
Rabl3,137.7447113,-3.040704406,0.309759482,9.816340027,9.58E-23,1.55E-20
1600010M07Rik,1822.794345,-3.048096891,0.162620562,18.74361308,2.18E-78,9.17E-75
Tcp11l2,484.3308754,-3.064125424,0.276496612,11.08196371,1.53E-28,4.87E-26
Eif4e3,1504.328428,-3.076210833,0.274114324,11.22236439,3.17E-29,1.06E-26
Atp6v0d2,183.0371793,-3.080468182,0.308471833,9.98622192,1.75E-23,3.03E-21
Gm20753,763.1682782,-3.089482958,0.293870307,10.51308311,7.52E-26,1.66E-23
Gcsam,102.4040839,-3.090582644,0.506298764,6.104266621,1.03E-09,3.62E-08
Gbp5,103.2369892,-3.092896919,0.310009189,9.97679111,1.93E-23,3.30E-21
Hnf4g,644.6129832,-3.104856817,0.27772171,11.17974112,5.12E-29,1.66E-26
Il7,160.3705042,-3.115231387,0.266961627,11.66921038,1.83E-31,7.69E-29
Pirt,982.8300793,-3.116421821,0.281707606,11.06261156,1.90E-28,5.93E-26
Meis1,334.0949874,-3.119975109,0.291354915,10.70850344,9.29E-27,2.36E-24
Ucn2,13.90190773,-3.142344211,0.771977511,4.070512633,4.69E-05,0.00061186
A530088E08Rik,376.2494796,-3.142592531,0.336321329,9.344017936,9.27E-21,1.27E-18
Mgat4c,810.9544525,-3.14896864,0.300610689,10.47523841,1.12E-25,2.42E-23
Tagln2,98.37140652,-3.160893581,0.311170383,10.1580798,3.05E-24,5.96E-22
Pdk4,730.3081975,-3.168683541,0.295384666,10.72731223,7.58E-27,1.99E-24
Myocd,67.90361809,-3.178896922,0.376591556,8.441232606,3.14E-17,3.26E-15
F9,140.3892707,-3.205999437,0.390527968,8.209397796,2.22E-16,2.06E-14
Myoz3,2241.149742,-3.210696133,0.336011802,9.555307622,1.23E-21,1.80E-19
Hoxd9,309.5381881,-3.236686448,0.344084818,9.406652892,5.12E-21,7.23E-19
Ehf,285.1521261,-3.264113865,0.276346263,11.81168085,3.40E-32,1.46E-29
Fam217a,137.9497879,-3.275340851,0.420554001,7.788157633,6.80E-15,5.47E-13
Egflam,25.26300674,-3.281222264,0.60846218,5.392647844,6.94E-08,1.74E-06
A730018C14Rik,51.9101335,-3.282045454,0.573989178,5.717957028,1.08E-08,3.15E-07
Rfpl4,11.22807285,-3.318029778,0.935244948,3.547765518,0.000388514,0.003699137
Ptgdr,224.5959111,-3.342705678,0.266621889,12.53725152,4.67E-36,2.62E-33
4932411N23Rik,3487.206267,-3.344645962,0.673073121,4.969216356,6.72E-07,1.42E-05
Zfp780b,1307.956176,-3.363183992,0.271277375,12.3975838,2.69E-35,1.37E-32
A730046J19Rik,14.78640114,-3.369837999,0.775095378,4.347643003,1.38E-05,0.000209846
Mc1r,367.4580255,-3.39087477,0.312819596,10.83971342,2.23E-27,6.15E-25
Sox8,1385.469642,-3.393992403,0.603645554,5.622492175,1.88E-08,5.23E-07
Ibsp,17.90535368,-3.39667014,0.824277706,4.120783706,3.78E-05,0.000506007
Slc14a1,279.555059,-3.436887788,0.411940952,8.343156404,7.23E-17,7.11E-15
Gja8,118.9515345,-3.439483875,0.384683451,8.941075739,3.85E-19,4.80E-17
Sema3a,739.0694512,-3.444328673,0.320781234,10.73731348,6.80E-27,1.81E-24
AI182371,280.5506729,-3.446145637,0.228507956,15.08107505,2.16E-51,5.18E-48
Fam46a,147.2409336,-3.459631568,0.429793889,8.049513171,8.31E-16,7.31E-14
Gm8369,39.30543948,-3.469409933,0.549022481,6.31924931,2.63E-10,1.02E-08
Meox2,52.51748838,-3.490922469,0.551121209,6.334219063,2.39E-10,9.37E-09
4932412D23Rik,100.1585975,-3.517178792,0.37510071,9.376625249,6.81E-21,9.46E-19
Alx4,1361.118482,-3.523622521,0.240595,14.645452,1.44E-48,2.69E-45
Il27,17.95563179,-3.532117738,0.821961899,4.2971794,1.73E-05,0.00025545
Zic4,78.91921109,-3.547838639,0.526792375,6.734794978,1.64E-11,8.07E-10
Snora65,1887.806621,-3.550483431,0.820586785,4.326761651,1.51E-05,0.000227044
Gpr83,189.6501617,-3.570263483,0.325634021,10.96403709,5.69E-28,1.74E-25
Mir1839,32.31515009,-3.583962421,0.631310776,5.677017657,1.37E-08,3.94E-07
9530036O11Rik,276.4580839,-3.59234598,0.327926364,10.95473365,6.31E-28,1.89E-25
Adh6-ps1,1426.437771,-3.615448855,0.613386815,5.894239602,3.76E-09,1.23E-07
Snora30,1026.035854,-3.625261492,0.243281045,14.90153699,3.22E-50,6.77E-47
D830030K20Rik,673.5259636,-3.627436855,0.359402856,10.09295501,5.94E-24,1.11E-21
Cyp7a1,16.63135999,-3.636842664,0.734023479,4.954668028,7.25E-07,1.51E-05
8030442B05Rik,51.77126389,-3.644029377,0.570897507,6.382983514,1.74E-10,6.93E-09
B430212C06Rik,9.896624755,-3.654098497,1.015827578,3.597164102,0.000321706,0.003157863
Dmbx1,133.7297905,-3.659537525,0.40024243,9.14330228,6.06E-20,7.89E-18
Mob4,1175.971013,-3.660953711,0.287300437,12.74259707,3.43E-37,2.13E-34
Cpa4,8.583924935,-3.686963733,1.074997339,3.429742195,0.000604155,0.005383258
Rbm46,21.78460732,-3.691889822,0.660231129,5.591814226,2.25E-08,6.14E-07
Scarna2,571.4753839,-3.693234402,0.360570633,10.24274875,1.28E-24,2.55E-22
BC016579,29.83119977,-3.767032273,0.631059856,5.969373963,2.38E-09,7.94E-08
Mir137,47.0417045,-3.769077905,0.468803302,8.039785322,9.00E-16,7.88E-14
Gm14812,33.39038179,-3.774725537,0.581967236,6.48614785,8.81E-11,3.79E-09
Slc25a34,58.17281928,-3.799491543,0.657208704,5.781255667,7.41E-09,2.24E-07
Zxda,2067.629058,-3.811098993,0.298363773,12.7733302,2.31E-37,1.49E-34
Mir6516,578.221067,-3.939285486,0.299786347,13.14030986,1.93E-39,1.48E-36
Lrrc63,17.68968918,-3.965911041,0.754275062,5.25791086,1.46E-07,3.49E-06
Enpp6,373.4043524,-3.96913876,0.362892766,10.93749761,7.63E-28,2.21E-25
Mettl7a3,7.600465795,-4.018532974,1.220841646,3.291608693,0.000996161,0.008166092
Esx1,9.160932271,-4.02793042,1.16706296,3.451339436,0.000557812,0.005034384
Htr1d,174.7521095,-4.028166992,0.323555856,12.44968039,1.40E-35,7.37E-33
4930509E16Rik,116.1026336,-4.030208641,0.429772786,9.377533358,6.75E-21,9.46E-19
Clec4a2,48.79780876,-4.040635359,0.475212477,8.50279728,1.85E-17,1.98E-15
Hoxb9,40.78532205,-4.059589753,0.549412308,7.388967621,1.48E-13,9.68E-12
Mir219-1,8.920139178,-4.071821417,1.166045281,3.491992535,0.000479432,0.004412294
Bcl2l12,10.67771445,-4.080175913,1.002212927,4.07116672,4.68E-05,0.000610807
Cmtm8,103.5992775,-4.09526193,0.481688313,8.501891819,1.87E-17,1.98E-15
Srd5a3,2265.198708,-4.157834067,0.302376151,13.75053572,5.06E-43,5.00E-40
1700120G07Rik,204.362762,-4.164895786,0.288021367,14.46037085,2.16E-47,3.29E-44
Mir3068,1107.546469,-4.179802104,0.545004525,7.669297981,1.73E-14,1.28E-12
Ctcfl,288.7708095,-4.247287855,0.43064495,9.862620824,6.05E-23,9.86E-21
Gm5420,18.00989436,-4.268096623,0.846450771,5.042344777,4.60E-07,1.00E-05
Pet2,19.70292928,-4.271822485,0.814602471,5.244057852,1.57E-07,3.74E-06
AF357359,611.7374328,-4.351112328,0.64856598,6.708819856,1.96E-11,9.61E-10
Suclg2,2578.760207,-4.418468427,0.707885595,6.241783219,4.33E-10,1.63E-08
4930412O13Rik,7.406194631,-4.567118703,1.344628803,3.396564681,0.000682374,0.005984378
1810018F18Rik,212.5029978,-4.591611058,0.344892639,13.3131605,1.94E-40,1.72E-37
1700110I01Rik,8.293520673,-4.721145948,1.287509775,3.666881633,0.000245526,0.002517432
Mybl1,216.926632,-4.765989564,0.419798209,11.35304882,7.16E-30,2.56E-27
Gata2,17.72430146,-4.838720988,0.940987269,5.142174763,2.72E-07,6.19E-06
Gm12295,17.89315681,-4.844112052,0.9393554,5.156846971,2.51E-07,5.77E-06
Gm5868,117.5701555,-4.848788406,0.484006637,10.01802049,1.27E-23,2.22E-21
Dlx3,31.96549389,-4.853463778,0.74858356,6.483529744,8.96E-11,3.84E-09
Snord33,1580.259767,-4.953196843,0.642195406,7.71291229,1.23E-14,9.39E-13
Tmem174,11.16363114,-5.104820638,1.249364877,4.085932567,4.39E-05,0.000578167
Edn1,114.9672358,-5.175720157,0.536677532,9.644003792,5.21E-22,7.98E-20
Nrp,2040.876281,-5.207099955,0.571199936,9.116072372,7.79E-20,1.01E-17
Abca15,26.06066656,-5.223842401,0.913553381,5.718157812,1.08E-08,3.15E-07
Mir139,3.749919291,-5.428814878,1.679101129,3.233167308,0.001224258,0.009759802
Snord1c,44.45561925,-5.452138626,0.750859417,7.261197635,3.84E-13,2.36E-11
Mmrn2,4320.594956,-5.476309407,0.542114638,10.10175528,5.43E-24,1.04E-21
Snord1b,108.5835189,-5.483351173,1.135466557,4.829161317,1.37E-06,2.69E-05
En1,15.12431473,-5.551443184,1.191999049,4.657254709,3.20E-06,5.75E-05
Mir1969,4.25315299,-5.604069932,1.692790578,3.310551231,0.000931124,0.007708148
Mir32,4.581700152,-5.712638162,1.60066155,3.568923213,0.000358451,0.003466198
Speer9-ps1,5.838600033,-6.066541656,1.512310338,4.011439652,6.03E-05,0.000759503
Cdx2,97.70580052,-6.141231036,0.573616381,10.70616398,9.52E-27,2.38E-24
Prame,6.565259635,-6.230125639,1.495358585,4.166308804,3.10E-05,0.000426073
Snora47,382.488615,-6.500429932,0.979856987,6.634059886,3.27E-11,1.56E-09
Mir1949,42.02674229,-7.951382527,1.241114562,6.40664671,1.49E-10,6.05E-09
