,x
1,X230126_001
2,X230126_002
3,X230126_003
4,X230126_004
5,X230126_005
6,X230126_006
7,X230126_007
8,X230126_008
9,X230126_009
10,X230126_010
11,X230126_011
12,X230126_012
13,X230126_013
14,X230126_014
15,X230126_015
16,X230126_016
17,X230126_017
18,X230126_018
19,X230126_019
20,X230126_020
21,X230126_021
22,X230126_022
23,X230126_023
24,X230126_024
25,X230126_025
26,X230126_026
27,X230126_030
28,X230126_031
29,X230126_032
30,X230126_033
31,X230126_034
32,X230126_035
33,X230126_036
34,X230126_037
35,X230126_038
36,X230126_039
37,X230126_041
38,X230126_043
39,X230126_044
40,X230126_045
41,X230126_046
42,X230126_048
43,X230126_049
44,X230126_050
45,X230126_052
46,X230126_054
47,X230126_055
48,X230126_057
49,X230126_058
50,X230126_059
51,X230126_060
52,X230126_061
53,X230126_063
54,X230126_064
55,X230126_065
56,X230126_066
57,X230126_067
58,X230126_068
59,X230126_069
60,X230126_070
61,X230126_071
62,X230126_072
63,X230126_073
64,X230126_074
65,X230126_075
66,X230126_076
67,X230126_077
68,X230126_078
69,X230126_079
70,X230126_080
71,X230126_081
72,X230126_082
73,X230126_083
74,X230126_084
75,X230126_085
76,X230126_086
77,X230126_087
78,X230126_088
79,X230126_089
80,X230126_090
81,X230126_091
82,X230126_092
83,X230126_093
84,X230126_094
85,X230126_095
86,X230126_096
87,X230126_097
88,X230126_098
89,X230126_099
90,X230126_101
91,X230126_102
92,X230126_103
93,X230126_104
94,X230126_105
95,X230126_106
96,X230126_108
97,X230126_109
98,X230126_110
99,X230126_111
100,X230126_112
101,X230126_113
102,X230126_114
103,X230126_115
104,X230126_116
105,X230126_117
106,X230126_118
107,X230126_119
108,X230126_120
109,X230126_121
110,X230126_122
111,X230126_123
112,X230126_124
113,X230126_125
114,X230126_126
115,X230126_127
116,X230126_128
117,X230126_129
118,X230126_130
119,X230126_131
120,X230126_133
121,X230126_134
122,X230126_135
123,X230126_137
124,X230126_138
125,X230126_139
126,X230126_140
127,X230126_141
128,X230126_142
129,X230126_143
130,X230126_144
131,X230126_146
132,X230126_147
133,X230126_148
134,X230126_149
135,X230126_150
136,X230126_151
137,X230126_152
138,X230126_153
139,X230126_154
140,X230126_155
141,X230126_156
142,X230126_157
143,X230126_158
144,X230126_159
145,X230126_160
146,X230126_161
147,X230126_162
148,X230126_163
149,X230126_164
150,X230126_165
151,X230126_166
152,X230126_167
153,X230126_168
154,X230126_169
155,X230126_170
156,X230126_171
157,X230126_172
158,X230126_173
159,X230126_174
160,X230126_175
161,X230126_176
162,X230126_177
163,X230126_178
164,X230126_179
165,X230126_180
166,X230126_181
167,X230126_182
168,X230126_183
169,X230126_184
170,X230126_185
171,X230126_186
172,X230126_187
173,X230126_188
174,X230126_189
175,X230126_190
176,X230126_191
177,X230126_192
178,X230126_193
179,X230126_194
180,X230126_195
181,X230126_196
182,X230126_197
183,X230126_198
184,X230126_199
185,X230126_200
186,X230126_201
187,X230126_202
188,X230126_203
189,X230126_204
190,X230126_205
191,X230126_206
192,X230126_207
193,X230126_208
194,X230126_209
195,X230126_210
196,X230126_211
197,X230126_212
198,X230126_213
199,X230126_214
200,X230126_215
201,X230126_217
202,X230126_219
203,X230126_220
204,X230126_221
205,X230126_222
206,X230126_223
207,X230126_225
208,X230126_226
209,X230126_227
210,X230126_228
211,X230126_229
212,X230126_230
213,X230126_231
214,X230126_232
215,X230126_233
216,X230126_234
217,X230126_235
218,X230126_236
219,X230126_237
220,X230126_238
221,X230126_239
222,X230126_240
223,X230126_241
224,X230126_242
225,X230126_243
226,X230126_244
227,X230126_245
228,X230126_246
229,X230126_247
230,X230126_248
231,X230126_249
232,X230126_250
233,X230126_251
234,X230126_252
235,X230126_253
236,X230126_254
237,X230126_255
238,X230126_256
239,X230126_257
240,X230126_258
241,X230126_259
242,X230126_260
243,X230126_261
244,X230126_262
245,X230126_263
246,X230126_265
247,X230126_266
248,X230126_267
249,X230126_268
250,X230126_269
251,X230126_270
252,X230126_271
253,X230126_272
254,X230126_273
255,X230126_274
256,X230126_275
257,X230126_276
258,X230126_277
259,X230126_278
260,X230126_279
261,X230126_280
262,X230126_281
263,X230126_282
264,X230126_283
265,X230126_284
266,X230126_285
267,X230126_286
268,X230126_287
269,X230126_288
270,X230126_289
271,X230126_290
272,X230126_291
273,X230126_292
274,X230126_293
275,X230126_294
276,X230126_295
277,X230126_296
278,X230126_297
279,X230126_298
280,X230126_299
281,X230126_301
282,X230126_302
283,X230126_303
284,X230126_305
285,X230126_306
286,X230126_307
287,X230126_308
288,X230126_309
289,X230126_310
290,X230126_311
291,X230126_312
292,X230126_313
293,X230126_314
294,X230126_315
295,X230126_316
296,X230126_317
297,X230126_318
298,X230126_319
299,X230126_320
300,X230126_321
301,X230126_322
302,X230126_324
303,X230126_325
304,X230126_326
305,X230126_327
306,X230126_328
307,X230126_329
308,X230126_330
309,X230126_331
310,X230126_332
311,X230126_333
312,X230126_334
313,X230126_335
314,X230126_336
315,X230126_337
316,X230126_338
317,X230126_339
318,X230126_340
319,X230126_341
320,X230126_342
321,X230126_343
322,X230126_344
323,X230126_345
324,X230126_346
325,X230126_347
326,X230126_348
327,X230126_349
328,X230126_350
329,X230126_351
330,X230126_352
331,X230126_353
332,X230126_354
333,X230126_355
334,X230126_356
335,X230126_358
336,X230126_359
337,X230126_360
338,X230126_361
339,X230126_362
340,X230126_363
341,X230126_364
342,X230126_365
343,X230126_366
344,X230126_367
345,X230126_369
346,X230126_370
347,X230126_371
348,X230126_372
349,X230126_373
350,X230126_374
351,X230126_375
352,X230126_376
353,X230126_377
354,X230126_378
355,X230126_379
356,X230126_380
357,X230126_381
358,X230126_382
359,X230126_383
360,X230126_384
361,X230126_419
362,X230126_421
363,X230126_422
364,X230126_423
365,X230126_424
366,X230126_425
367,X230126_426
368,X230126_427
369,X230126_428
370,X230126_429
371,X230126_430
372,X230126_431
373,X230126_432
374,X230126_433
375,X230126_434
376,X230126_435
377,X230126_436
378,X230126_437
379,X230126_438
380,X230126_439
381,X230126_440
382,X230126_441
383,X230126_442
384,X230126_443
385,X230126_444
386,X230126_445
387,X230126_446
388,X230126_487
389,X230126_488
390,X230126_489
391,X230126_490
392,X230126_491
393,X230126_492
394,X230126_493
395,X230126_494
396,X230126_495
397,X230126_496
398,X230126_497
399,X230126_498
400,X230126_499
401,X230126_500
402,X230126_501
403,X230126_502
404,X230126_503
405,X230126_504
406,X230126_505
407,X230126_506
408,X230126_507
409,X230126_508
410,X230126_509
411,X230126_510
412,X230126_511
413,X230126_512
414,X230126_513
415,X230126_514
416,X230126_515
417,X230126_517
418,X230126_518
419,X230126_569
420,X230126_570
421,X230126_571
422,X230126_572
423,X230126_573
424,X230126_574
425,X230126_575
426,X230126_576
427,X230126_577
428,X230126_578
429,X230126_579
430,X230126_580
431,X230126_581
432,X230126_582
433,X230126_583
434,X230126_584
435,X230126_585
436,X230126_586
437,X230126_587
438,X230126_588
439,X230126_589
440,X230126_590
441,X230126_591
442,X230126_592
443,X230126_594
444,X230126_595
445,X230126_596
446,X230126_597
447,X230126_598
448,X230126_599
449,X230126_600
450,X230126_601
451,X230126_602
452,X230126_604
453,X230126_605
454,X230126_607
455,X230126_608
456,X230126_609
457,X230126_610
458,X230126_611
459,X230126_612
460,X230126_653
461,X230126_654
462,X230126_655
463,X230126_656
464,X230126_657
465,X230126_658
466,X230126_659
467,X230126_661
468,X230126_662
469,X230126_663
470,X230126_664
471,X230126_665
472,X230126_666
473,X230126_667
474,X230126_668
475,X230126_669
476,X230126_670
477,X230126_671
478,X230126_672
479,X230126_673
480,X230126_674
481,X230126_737
482,X230126_738
483,X230126_739
484,X230126_740
485,X230126_741
486,X230126_742
487,X230126_743
488,X230126_744
489,X230126_745
490,X230126_746
491,X230126_747
492,X230126_748
493,X230126_749
494,X230126_750
495,X230126_751
496,X230126_752
497,X230126_753
498,X230126_754
499,X230126_755
500,X230126_756
501,X230126_757
502,X230126_758
503,X230126_759
504,X230126_760
505,X230126_761
506,X230126_762
507,X230126_763
508,X230126_765
509,X230126_766
510,X230126_767
511,X230126_768
512,X230126_769
513,X230126_771
514,X230126_772
515,X230126_773
516,X230126_774
517,X230126_775
518,X230126_776
519,X230126_777
520,X230126_778
521,X230126_779
522,X230126_780
523,X230126_781
524,X230126_782
525,X230126_783
526,X230126_784
527,X230126_785
528,X230126_786
529,X230126_787
530,X230126_788
531,X230126_789
532,X230126_790
533,X230126_791
534,X230126_831
535,X230126_832
536,X230126_833
537,X230126_834
538,X230126_835
539,X230126_836
540,X230126_838
541,X230126_839
542,X230126_840
543,X230126_842
544,X230126_843
545,X230126_844
546,X230126_845
547,X230126_846
548,X230126_847
549,X230126_848
550,X230126_850
551,X230126_851
552,X230126_852
553,X230126_853
554,X230126_854
555,X230126_855
556,X230126_856
557,X230126_857
558,X230126_858
559,X230126_859
560,X230126_860
561,X230126_861
562,X230126_862
563,X230126_925
564,X230126_926
565,X230126_927
566,X230126_928
567,X230126_929
568,X230126_930
569,X230126_931
570,X230126_932
571,X230126_933
572,X230126_934
573,X230126_935
574,X230126_936
575,X230126_937
576,X230126_938
577,X230126_939
578,X230126_940
579,X230126_941
580,X230126_942
581,X230126_943
582,X230126_944
583,X230126_987
584,X230126_988
585,X230126_989
586,X230126_990
587,X230126_991
588,X230126_992
589,X230126_993
590,X230126_994
591,X230126_995
592,X230126_997
593,X230126_998
594,X230126_999
595,X230126_1000
596,X230126_1001
597,X230126_1002
598,X230126_1003
599,X230126_1004
600,X230126_1005
601,X230126_1006
602,X230126_1007
603,X230126_1008
604,X230126_1009
605,X230126_1010
606,X230126_1011
607,X230126_1012
608,X230126_1059
609,X230126_1060
610,X230126_1062
611,X230126_1063
612,X230126_1064
613,X230126_1065
614,X230126_1066
615,X230126_1067
616,X230126_1068
617,X230126_1069
618,X230126_1070
619,X230126_1072
620,X230126_1073
621,X230126_1074
622,X230126_1076
623,X230126_1077
624,X230126_1078
625,X230126_1080
626,X230126_1081
627,X230126_1082
628,X230126_1083
629,X230126_1084
630,X230126_1085
631,X230126_1086
632,X230126_1087
633,X230126_1088
634,X230126_1089
635,X230126_1090
636,X230126_385
637,X230126_386
638,X230126_387
639,X230126_388
640,X230126_389
641,X230126_390
642,X230126_391
643,X230126_392
644,X230126_393
645,X230126_394
646,X230126_395
647,X230126_396
648,X230126_397
649,X230126_399
650,X230126_401
651,X230126_402
652,X230126_403
653,X230126_404
654,X230126_405
655,X230126_406
656,X230126_407
657,X230126_408
658,X230126_409
659,X230126_410
660,X230126_411
661,X230126_412
662,X230126_413
663,X230126_414
664,X230126_415
665,X230126_416
666,X230126_417
667,X230126_418
668,X230126_448
669,X230126_449
670,X230126_450
671,X230126_451
672,X230126_452
673,X230126_453
674,X230126_454
675,X230126_455
676,X230126_456
677,X230126_457
678,X230126_458
679,X230126_459
680,X230126_460
681,X230126_461
682,X230126_462
683,X230126_463
684,X230126_464
685,X230126_465
686,X230126_466
687,X230126_469
688,X230126_470
689,X230126_471
690,X230126_472
691,X230126_473
692,X230126_474
693,X230126_475
694,X230126_476
695,X230126_477
696,X230126_478
697,X230126_479
698,X230126_480
699,X230126_481
700,X230126_482
701,X230126_483
702,X230126_484
703,X230126_485
704,X230126_519
705,X230126_521
706,X230126_522
707,X230126_523
708,X230126_524
709,X230126_525
710,X230126_526
711,X230126_527
712,X230126_528
713,X230126_529
714,X230126_530
715,X230126_531
716,X230126_532
717,X230126_533
718,X230126_534
719,X230126_535
720,X230126_536
721,X230126_537
722,X230126_538
723,X230126_539
724,X230126_540
725,X230126_541
726,X230126_542
727,X230126_543
728,X230126_545
729,X230126_546
730,X230126_547
731,X230126_548
732,X230126_549
733,X230126_550
734,X230126_552
735,X230126_553
736,X230126_554
737,X230126_556
738,X230126_557
739,X230126_558
740,X230126_559
741,X230126_560
742,X230126_561
743,X230126_562
744,X230126_563
745,X230126_564
746,X230126_565
747,X230126_566
748,X230126_567
749,X230126_568
750,X230126_613
751,X230126_614
752,X230126_615
753,X230126_616
754,X230126_617
755,X230126_618
756,X230126_619
757,X230126_620
758,X230126_621
759,X230126_622
760,X230126_623
761,X230126_624
762,X230126_625
763,X230126_626
764,X230126_627
765,X230126_628
766,X230126_629
767,X230126_630
768,X230126_631
769,X230126_632
770,X230126_633
771,X230126_634
772,X230126_635
773,X230126_636
774,X230126_637
775,X230126_639
776,X230126_640
777,X230126_641
778,X230126_642
779,X230126_643
780,X230126_644
781,X230126_645
782,X230126_646
783,X230126_647
784,X230126_648
785,X230126_649
786,X230126_650
787,X230126_651
788,X230126_652
789,X230126_675
790,X230126_676
791,X230126_677
792,X230126_678
793,X230126_679
794,X230126_680
795,X230126_681
796,X230126_682
797,X230126_683
798,X230126_684
799,X230126_685
800,X230126_686
801,X230126_687
802,X230126_689
803,X230126_690
804,X230126_691
805,X230126_692
806,X230126_693
807,X230126_694
808,X230126_695
809,X230126_696
810,X230126_697
811,X230126_698
812,X230126_699
813,X230126_700
814,X230126_701
815,X230126_702
816,X230126_703
817,X230126_705
818,X230126_706
819,X230126_707
820,X230126_708
821,X230126_709
822,X230126_710
823,X230126_711
824,X230126_712
825,X230126_713
826,X230126_714
827,X230126_715
828,X230126_716
829,X230126_717
830,X230126_718
831,X230126_719
832,X230126_720
833,X230126_721
834,X230126_722
835,X230126_723
836,X230126_725
837,X230126_726
838,X230126_727
839,X230126_728
840,X230126_730
841,X230126_731
842,X230126_732
843,X230126_733
844,X230126_734
845,X230126_735
846,X230126_792
847,X230126_793
848,X230126_794
849,X230126_795
850,X230126_796
851,X230126_797
852,X230126_798
853,X230126_799
854,X230126_800
855,X230126_801
856,X230126_802
857,X230126_803
858,X230126_805
859,X230126_806
860,X230126_807
861,X230126_808
862,X230126_809
863,X230126_810
864,X230126_811
865,X230126_812
866,X230126_813
867,X230126_814
868,X230126_815
869,X230126_816
870,X230126_817
871,X230126_818
872,X230126_819
873,X230126_820
874,X230126_821
875,X230126_822
876,X230126_823
877,X230126_824
878,X230126_826
879,X230126_827
880,X230126_828
881,X230126_829
882,X230126_830
883,X230126_864
884,X230126_872
885,X230126_873
886,X230126_874
887,X230126_875
888,X230126_876
889,X230126_877
890,X230126_878
891,X230126_879
892,X230126_880
893,X230126_883
894,X230126_885
895,X230126_887
896,X230126_889
897,X230126_891
898,X230126_895
899,X230126_897
900,X230126_898
901,X230126_899
902,X230126_900
903,X230126_901
904,X230126_902
905,X230126_903
906,X230126_904
907,X230126_905
908,X230126_906
909,X230126_907
910,X230126_908
911,X230126_910
912,X230126_911
913,X230126_912
914,X230126_913
915,X230126_914
916,X230126_915
917,X230126_916
918,X230126_917
919,X230126_918
920,X230126_919
921,X230126_920
922,X230126_921
923,X230126_923
924,X230126_924
925,X230126_945
926,X230126_946
927,X230126_947
928,X230126_948
929,X230126_949
930,X230126_950
931,X230126_951
932,X230126_952
933,X230126_953
934,X230126_954
935,X230126_955
936,X230126_956
937,X230126_957
938,X230126_958
939,X230126_959
940,X230126_960
941,X230126_961
942,X230126_962
943,X230126_963
944,X230126_964
945,X230126_965
946,X230126_966
947,X230126_967
948,X230126_968
949,X230126_969
950,X230126_970
951,X230126_971
952,X230126_972
953,X230126_973
954,X230126_974
955,X230126_975
956,X230126_976
957,X230126_977
958,X230126_978
959,X230126_979
960,X230126_980
961,X230126_982
962,X230126_983
963,X230126_984
964,X230126_985
965,X230126_986
966,X230126_1014
967,X230126_1015
968,X230126_1016
969,X230126_1017
970,X230126_1018
971,X230126_1019
972,X230126_1023
973,X230126_1024
974,X230126_1025
975,X230126_1026
976,X230126_1028
977,X230126_1029
978,X230126_1032
979,X230126_1033
980,X230126_1035
981,X230126_1036
982,X230126_1038
983,X230126_1039
984,X230126_1040
985,X230126_1041
986,X230126_1042
987,X230126_1043
988,X230126_1044
989,X230126_1045
990,X230126_1046
991,X230126_1047
992,X230126_1048
993,X230126_1049
994,X230126_1050
995,X230126_1051
996,X230126_1053
997,X230126_1054
998,X230126_1055
999,X230126_1056
1000,X230126_1057
1001,X230126_1058
1002,X230126_1091
1003,X230126_1092
1004,X230126_1093
1005,X230126_1094
1006,X230126_1095
1007,X230126_1096
1008,X230126_1097
1009,X230126_1098
1010,X230126_1100
1011,X230126_1101
1012,X230126_1102
1013,X230126_1104
1014,X230126_1105
1015,X230126_1107
1016,X230126_1108
1017,X230126_1109
1018,X230126_1111
1019,X230126_1112
1020,X230126_1113
1021,X230126_1114
1022,X230126_1116
1023,X230126_1118
1024,X230126_1119
1025,X230126_1120
1026,X230126_1121
1027,X230126_1122
1028,X230126_1123
1029,X230126_1124
1030,X230126_1125
1031,X230126_1128
1032,X230126_1129
1033,X230126_1130
1034,X230126_1131
1035,X230126_1132
1036,X230126_1133
1037,X230126_1134
1038,X230126_1135
1039,X230126_1136
1040,X230126_1137
1041,X230126_1139
1042,X230126_1140
1043,X230126_1141
1044,X230126_1142
1045,X230126_1143
1046,X230126_1144
1047,X230126_1145
1048,X230126_1146
1049,X230126_1148
1050,X230126_1149
1051,X230126_1150
1052,X230126_1151
1053,X230126_1152
1054,X251121_001
1055,X251121_002
1056,X251121_003
1057,X251121_005
1058,X251121_006
1059,X251121_007
1060,X251121_017
1061,X251121_018
1062,X251121_019
1063,X251121_020
1064,X251121_021
1065,X251121_022
1066,X251121_023
1067,X251121_033
1068,X251121_034
1069,X251121_035
1070,X251121_036
1071,X251121_037
1072,X251121_038
1073,X251121_039
1074,X251121_040
1075,X251121_049
1076,X251121_050
1077,X251121_051
1078,X251121_052
1079,X251121_053
1080,X251121_054
1081,X251121_055
1082,X251121_056
1083,X251121_065
1084,X251121_066
1085,X251121_069
1086,X251121_070
1087,X251121_071
1088,X251121_072
1089,X251121_081
1090,X251121_082
1091,X251121_084
1092,X251121_085
1093,X251121_086
1094,X251121_087
1095,X251121_097
1096,X251121_098
1097,X251121_099
1098,X251121_100
1099,X251121_101
1100,X251121_103
1101,X251121_113
1102,X251121_114
1103,X251121_115
1104,X251121_117
1105,X251121_118
1106,X251121_120
1107,X251121_130
1108,X251121_131
1109,X251121_133
1110,X251121_134
1111,X251121_135
1112,X251121_136
1113,X251121_145
1114,X251121_146
1115,X251121_147
1116,X251121_148
1117,X251121_149
1118,X251121_150
1119,X251121_151
1120,X251121_152
1121,X251121_161
1122,X251121_162
1123,X251121_163
1124,X251121_164
1125,X251121_165
1126,X251121_166
1127,X251121_167
1128,X251121_168
1129,X251121_177
1130,X251121_178
1131,X251121_179
1132,X251121_180
1133,X251121_181
1134,X251121_183
1135,X251121_184
1136,X251121_193
1137,X251121_194
1138,X251121_195
1139,X251121_196
1140,X251121_198
1141,X251121_199
1142,X251121_200
1143,X251121_209
1144,X251121_210
1145,X251121_211
1146,X251121_212
1147,X251121_213
1148,X251121_214
1149,X251121_215
1150,X251121_225
1151,X251121_226
1152,X251121_227
1153,X251121_228
1154,X251121_229
1155,X251121_230
1156,X251121_231
1157,X251121_232
1158,X251121_241
1159,X251121_242
1160,X251121_243
1161,X251121_244
1162,X251121_245
1163,X251121_246
1164,X251121_247
1165,X251121_248
1166,X251121_257
1167,X251121_258
1168,X251121_259
1169,X251121_260
1170,X251121_261
1171,X251121_262
1172,X251121_263
1173,X251121_264
1174,X251121_273
1175,X251121_274
1176,X251121_277
1177,X251121_278
1178,X251121_279
1179,X251121_280
1180,X251121_289
1181,X251121_290
1182,X251121_291
1183,X251121_292
1184,X251121_293
1185,X251121_294
1186,X251121_295
1187,X251121_296
1188,X251121_305
1189,X251121_306
1190,X251121_307
1191,X251121_308
1192,X251121_309
1193,X251121_310
1194,X251121_311
1195,X251121_312
1196,X251121_321
1197,X251121_322
1198,X251121_324
1199,X251121_325
1200,X251121_326
1201,X251121_327
1202,X251121_328
1203,X251121_337
1204,X251121_338
1205,X251121_340
1206,X251121_341
1207,X251121_342
1208,X251121_343
1209,X251121_344
1210,X251121_353
1211,X251121_354
1212,X251121_355
1213,X251121_356
1214,X251121_357
1215,X251121_358
1216,X251121_359
1217,X251121_360
1218,X251121_369
1219,X251121_370
1220,X251121_372
1221,X251121_373
1222,X251121_374
1223,X251121_375
1224,X251121_376
1225,X251121_393
1226,X251121_394
1227,X251121_395
1228,X251121_397
1229,X251121_398
1230,X251121_399
1231,X251121_409
1232,X251121_410
1233,X251121_411
1234,X251121_412
1235,X251121_413
1236,X251121_415
1237,X251121_416
1238,X251121_425
1239,X251121_426
1240,X251121_428
1241,X251121_429
1242,X251121_431
1243,X251121_441
1244,X251121_442
1245,X251121_443
1246,X251121_444
1247,X251121_445
1248,X251121_446
1249,X251121_447
1250,X251121_448
1251,X251121_458
1252,X251121_459
1253,X251121_460
1254,X251121_461
1255,X251121_462
1256,X251121_464
1257,X251121_473
1258,X251121_474
1259,X251121_475
1260,X251121_476
1261,X251121_477
1262,X251121_479
1263,X251121_480
1264,X251121_489
1265,X251121_490
1266,X251121_491
1267,X251121_492
1268,X251121_493
1269,X251121_494
1270,X251121_495
1271,X251121_496
1272,X251121_505
1273,X251121_506
1274,X251121_507
1275,X251121_508
1276,X251121_509
1277,X251121_510
1278,X251121_511
1279,X251121_521
1280,X251121_522
1281,X251121_523
1282,X251121_524
1283,X251121_525
1284,X251121_526
1285,X251121_527
1286,X251121_537
1287,X251121_538
1288,X251121_539
1289,X251121_540
1290,X251121_541
1291,X251121_542
1292,X251121_543
1293,X251121_554
1294,X251121_555
1295,X251121_556
1296,X251121_557
1297,X251121_559
1298,X251121_560
1299,X251121_569
1300,X251121_570
1301,X251121_571
1302,X251121_572
1303,X251121_573
1304,X251121_576
1305,X251121_585
1306,X251121_586
1307,X251121_587
1308,X251121_588
1309,X251121_589
1310,X251121_591
1311,X251121_601
1312,X251121_602
1313,X251121_604
1314,X251121_605
1315,X251121_606
1316,X251121_607
1317,X251121_617
1318,X251121_618
1319,X251121_619
1320,X251121_620
1321,X251121_621
1322,X251121_622
1323,X251121_623
1324,X251121_633
1325,X251121_634
1326,X251121_635
1327,X251121_636
1328,X251121_637
1329,X251121_638
1330,X251121_639
1331,X251121_640
1332,X251121_649
1333,X251121_650
1334,X251121_651
1335,X251121_653
1336,X251121_655
1337,X251121_656
1338,X251121_665
1339,X251121_666
1340,X251121_667
1341,X251121_668
1342,X251121_669
1343,X251121_671
1344,X251121_672
1345,X251121_681
1346,X251121_682
1347,X251121_683
1348,X251121_684
1349,X251121_685
1350,X251121_686
1351,X251121_687
1352,X251121_697
1353,X251121_698
1354,X251121_699
1355,X251121_700
1356,X251121_701
1357,X251121_702
1358,X251121_703
1359,X251121_704
1360,X251121_713
1361,X251121_714
1362,X251121_715
1363,X251121_716
1364,X251121_717
1365,X251121_719
1366,X251121_720
1367,X251121_729
1368,X251121_730
1369,X251121_732
1370,X251121_733
1371,X251121_734
1372,X251121_736
1373,X251121_745
1374,X251121_746
1375,X251121_747
1376,X251121_748
1377,X251121_749
1378,X251121_750
1379,X251121_751
1380,X251121_752
1381,X251121_761
1382,X251121_762
1383,X251121_763
1384,X251121_764
1385,X251121_765
1386,X251121_766
1387,X251121_767
1388,X251121_768
1389,X260310_001
1390,X260310_002
1391,X260310_003
1392,X260310_004
1393,X260310_005
1394,X260310_006
1395,X260310_007
1396,X260310_008
1397,X260310_009
1398,X260310_010
1399,X260310_011
1400,X260310_012
1401,X260310_014
1402,X260310_015
1403,X260310_016
1404,X260310_017
1405,X260310_018
1406,X260310_019
1407,X260310_020
1408,X260310_021
1409,X260310_022
1410,X260310_023
1411,X260310_024
1412,X260310_025
1413,X260310_026
1414,X260310_027
1415,X260310_028
1416,X260310_029
1417,X260310_030
1418,X260310_031
1419,X260310_032
1420,X260310_033
1421,X260310_034
1422,X260310_035
1423,X260310_036
1424,X260310_037
1425,X260310_038
1426,X260310_039
1427,X260310_040
1428,X260310_041
1429,X260310_042
1430,X260310_043
1431,X260310_044
1432,X260310_046
1433,X260310_049
1434,X260310_050
1435,X260310_051
1436,X260310_052
1437,X260310_053
1438,X260310_054
1439,X260310_055
1440,X260310_056
1441,X260310_057
1442,X260310_058
1443,X260310_059
1444,X260310_060
1445,X260310_063
1446,X260310_064
1447,X260310_065
1448,X260310_066
1449,X260310_067
1450,X260310_068
1451,X260310_069
1452,X260310_070
1453,X260310_072
1454,X260310_073
1455,X260310_075
1456,X260310_076
1457,X260310_078
1458,X260310_080
1459,X260310_081
1460,X260310_082
1461,X260310_084
1462,X260310_085
1463,X260310_088
1464,X260310_089
1465,X260310_090
1466,X260310_091
1467,X260310_092
1468,X260310_093
1469,X260310_094
1470,X260310_095
1471,X260310_096
1472,X260310_097
1473,X260310_098
1474,X260310_099
1475,X260310_100
1476,X260310_101
1477,X260310_102
1478,X260310_103
1479,X260310_104
1480,X260310_105
1481,X260310_107
1482,X260310_110
1483,X260310_111
1484,X260310_113
1485,X260310_115
1486,X260310_117
1487,X260310_118
1488,X260310_119
1489,X260310_121
1490,X260310_126
1491,X260310_127
1492,X260310_129
1493,X260310_130
1494,X260310_131
1495,X260310_132
1496,X260310_133
1497,X260310_134
1498,X260310_135
1499,X260310_136
1500,X260310_137
1501,X260310_139
1502,X260310_141
1503,X260310_142
1504,X260310_143
1505,X260310_144
1506,X260310_145
1507,X260310_147
1508,X260310_148
1509,X260310_149
1510,X260310_150
1511,X260310_151
1512,X260310_152
1513,X260310_153
1514,X260310_154
1515,X260310_155
1516,X260310_156
1517,X260310_159
1518,X260310_160
1519,X260310_161
1520,X260310_163
1521,X260310_164
1522,X260310_165
1523,X260310_166
1524,X260310_167
1525,X260310_169
1526,X260310_171
1527,X260310_174
1528,X260310_175
1529,X260310_176
1530,X260310_177
1531,X260310_179
1532,X260310_180
1533,X260310_181
1534,X260310_182
1535,X260310_183
1536,X260310_184
1537,X260310_185
1538,X260310_187
1539,X260310_188
1540,X260310_189
1541,X260310_191
1542,X260310_193
1543,X260310_194
1544,X260310_195
1545,X260310_196
1546,X260310_197
1547,X260310_199
1548,X260310_201
1549,X260310_202
1550,X260310_203
1551,X260310_204
1552,X260310_205
1553,X260310_206
1554,X260310_207
1555,X260310_208
1556,X260310_209
1557,X260310_210
1558,X260310_211
1559,X260310_212
1560,X260310_213
1561,X260310_214
1562,X260310_215
1563,X260310_216
1564,X260310_217
1565,X260310_218
1566,X260310_219
1567,X260310_220
1568,X260310_221
1569,X260310_222
1570,X260310_225
1571,X260310_226
1572,X260310_227
1573,X260310_228
1574,X260310_229
1575,X260310_230
1576,X260310_231
1577,X260310_233
1578,X260310_234
1579,X260310_235
1580,X260310_236
1581,X260310_237
1582,X260310_238
1583,X260310_239
1584,X260310_241
1585,X260310_242
1586,X260310_243
1587,X260310_244
1588,X260310_245
1589,X260310_247
1590,X260310_249
1591,X260310_250
1592,X260310_251
1593,X260310_252
1594,X260310_254
1595,X260310_257
1596,X260310_258
1597,X260310_259
1598,X260310_260
1599,X260310_261
1600,X260310_263
1601,X260310_264
1602,X260310_265
1603,X260310_266
1604,X260310_267
1605,X260310_268
1606,X260310_272
1607,X260310_273
1608,X260310_274
1609,X260310_275
1610,X260310_276
1611,X260310_277
1612,X260310_278
1613,X260310_279
1614,X260310_280
1615,X260310_281
1616,X260310_282
1617,X260310_283
1618,X260310_284
1619,X260310_286
1620,X260310_288
1621,X260310_289
1622,X260310_290
1623,X260310_291
1624,X260310_292
1625,X260310_293
1626,X260310_295
1627,X260310_296
1628,X260310_298
1629,X260310_299
1630,X260310_302
1631,X260310_303
1632,X260310_304
1633,X260310_305
1634,X260310_306
1635,X260310_307
1636,X260310_308
1637,X260310_309
1638,X260310_310
1639,X260310_311
1640,X260310_313
1641,X260310_314
1642,X260310_315
1643,X260310_316
1644,X260310_318
1645,X260310_319
1646,X260310_320
1647,X260310_321
1648,X260310_322
1649,X260310_324
1650,X260310_325
1651,X260310_327
1652,X260310_328
1653,X260310_329
1654,X260310_330
1655,X260310_331
1656,X260310_333
1657,X260310_337
1658,X260310_340
1659,X260310_341
1660,X260310_343
1661,X260310_344
1662,X260310_347
1663,X260310_348
1664,X260310_349
1665,X260310_350
1666,X260310_351
1667,X260310_352
1668,X260310_354
1669,X260310_355
1670,X260310_356
1671,X260310_357
1672,X260310_359
1673,X260310_360
1674,X260310_363
1675,X260310_365
1676,X260310_366
1677,X260310_368
1678,X260310_369
1679,X260310_370
1680,X260310_372
1681,X260310_373
1682,X260310_375
1683,X260310_376
1684,X260310_379
1685,X260310_380
1686,X260310_381
1687,X260310_383
1688,X260310_384
