,geo_accession,sampleID,age,Arc,Ctip2,Fos,Prox1,gender,exposure,cell.type,strain
X151207_A1_N_C_N_HC_3,GSM2609369,X151207_A1_N_C_N_HC_3,8.7,No,Yes,No,No,Female,HC,CA1,C57BL6
X151207_A10_N_C_F_EE_2,GSM2609370,X151207_A10_N_C_F_EE_2,8.7,No,Yes,Yes,No,Female,1hr,Sub,C57BL6
X151207_A11_N_C_F_EE_2,GSM2609371,X151207_A11_N_C_F_EE_2,8.7,No,Yes,Yes,No,Female,1hr,CA1,C57BL6
X151207_A12_N_C_F_EE_2,GSM2609372,X151207_A12_N_C_F_EE_2,8.7,No,Yes,Yes,No,Female,1hr,CA1,C57BL6
X151207_A2_N_C_N_HC_3,GSM2609373,X151207_A2_N_C_N_HC_3,8.7,No,Yes,No,No,Female,HC,CA1,C57BL6
X151207_A3_N_C_N_HC_3,GSM2609374,X151207_A3_N_C_N_HC_3,8.7,No,Yes,No,No,Female,HC,CA1,C57BL6
X151207_A4_N_C_N_HC_3,GSM2609375,X151207_A4_N_C_N_HC_3,8.7,No,Yes,No,No,Female,HC,CA1,C57BL6
X151207_A6_N_C_N_EE_2,GSM2609376,X151207_A6_N_C_N_EE_2,8.7,No,Yes,No,No,Female,1hr,CA1,C57BL6
X151207_A7_N_C_N_EE_2,GSM2609377,X151207_A7_N_C_N_EE_2,8.7,No,Yes,No,No,Female,1hr,CA1,C57BL6
X151207_A8_N_C_N_EE_2,GSM2609378,X151207_A8_N_C_N_EE_2,8.7,No,Yes,No,No,Female,1hr,CA1,C57BL6
X151207_A9_N_C_F_EE_2,GSM2609379,X151207_A9_N_C_F_EE_2,8.7,No,Yes,Yes,No,Female,1hr,CA1,C57BL6
X151207_B1_N_C_N_HC_3,GSM2609380,X151207_B1_N_C_N_HC_3,8.7,No,Yes,No,No,Female,HC,CA1,C57BL6
X151207_B10_N_C_F_EE_2,GSM2609381,X151207_B10_N_C_F_EE_2,8.7,No,Yes,Yes,No,Female,1hr,CA1,C57BL6
X151207_B11_N_C_F_EE_2,GSM2609382,X151207_B11_N_C_F_EE_2,8.7,No,Yes,Yes,No,Female,1hr,Sub,C57BL6
X151207_B12_N_C_F_EE_2,GSM2609383,X151207_B12_N_C_F_EE_2,8.7,No,Yes,Yes,No,Female,1hr,CA1,C57BL6
X151207_B3_N_C_N_HC_3,GSM2609384,X151207_B3_N_C_N_HC_3,8.7,No,Yes,No,No,Female,HC,CA1,C57BL6
X151207_B5_N_C_N_EE_2,GSM2609385,X151207_B5_N_C_N_EE_2,8.7,No,Yes,No,No,Female,1hr,CA1,C57BL6
X151207_B6_N_C_N_EE_2,GSM2609386,X151207_B6_N_C_N_EE_2,8.7,No,Yes,No,No,Female,1hr,CA1,C57BL6
X151207_B7_N_C_N_EE_2,GSM2609387,X151207_B7_N_C_N_EE_2,8.7,No,Yes,No,No,Female,1hr,CA1,C57BL6
X151207_B8_N_C_N_EE_2,GSM2609388,X151207_B8_N_C_N_EE_2,8.7,No,Yes,No,No,Female,1hr,CA1,C57BL6
X151207_B9_N_C_F_EE_2,GSM2609389,X151207_B9_N_C_F_EE_2,8.7,No,Yes,Yes,No,Female,1hr,CA1,C57BL6
X151207_C1_N_C_N_HC_3,GSM2609390,X151207_C1_N_C_N_HC_3,8.7,No,Yes,No,No,Female,HC,CA1,C57BL6
X151207_C10_N_C_F_EE_2,GSM2609391,X151207_C10_N_C_F_EE_2,8.7,No,Yes,Yes,No,Female,1hr,CA1,C57BL6
X151207_C11_N_C_F_EE_2,GSM2609392,X151207_C11_N_C_F_EE_2,8.7,No,Yes,Yes,No,Female,1hr,CA1,C57BL6
X151207_C12_N_C_F_EE_2,GSM2609393,X151207_C12_N_C_F_EE_2,8.7,No,Yes,Yes,No,Female,1hr,CA1,C57BL6
X151207_C2_N_C_N_HC_3,GSM2609394,X151207_C2_N_C_N_HC_3,8.7,No,Yes,No,No,Female,HC,CA1,C57BL6
X151207_C3_N_C_N_HC_3,GSM2609395,X151207_C3_N_C_N_HC_3,8.7,No,Yes,No,No,Female,HC,CA1,C57BL6
X151207_C4_N_C_N_HC_3,GSM2609396,X151207_C4_N_C_N_HC_3,8.7,No,Yes,No,No,Female,HC,CA1,C57BL6
X151207_C5_N_C_N_EE_2,GSM2609397,X151207_C5_N_C_N_EE_2,8.7,No,Yes,No,No,Female,1hr,CA1,C57BL6
X151207_C6_N_C_N_EE_2,GSM2609398,X151207_C6_N_C_N_EE_2,8.7,No,Yes,No,No,Female,1hr,Sub,C57BL6
X151207_C7_N_C_N_EE_2,GSM2609399,X151207_C7_N_C_N_EE_2,8.7,No,Yes,No,No,Female,1hr,CA1,C57BL6
X151207_C8_N_C_N_EE_2,GSM2609400,X151207_C8_N_C_N_EE_2,8.7,No,Yes,No,No,Female,1hr,CA1,C57BL6
X151207_C9_N_C_F_EE_2,GSM2609401,X151207_C9_N_C_F_EE_2,8.7,No,Yes,Yes,No,Female,1hr,CA1,C57BL6
X151207_D1_N_C_N_HC_3,GSM2609402,X151207_D1_N_C_N_HC_3,8.7,No,Yes,No,No,Female,HC,CA1,C57BL6
X151207_D10_N_C_F_EE_2,GSM2609403,X151207_D10_N_C_F_EE_2,8.7,No,Yes,Yes,No,Female,1hr,CA1,C57BL6
X151207_D11_N_C_F_EE_2,GSM2609404,X151207_D11_N_C_F_EE_2,8.7,No,Yes,Yes,No,Female,1hr,CA1,C57BL6
X151207_D12_N_C_F_EE_2,GSM2609405,X151207_D12_N_C_F_EE_2,8.7,No,Yes,Yes,No,Female,1hr,CA1,C57BL6
X151207_D2_N_C_N_HC_3,GSM2609406,X151207_D2_N_C_N_HC_3,8.7,No,Yes,No,No,Female,HC,Sub,C57BL6
X151207_D3_N_C_N_HC_3,GSM2609407,X151207_D3_N_C_N_HC_3,8.7,No,Yes,No,No,Female,HC,CA1,C57BL6
X151207_D4_N_C_N_HC_3,GSM2609408,X151207_D4_N_C_N_HC_3,8.7,No,Yes,No,No,Female,HC,CA1,C57BL6
X151207_D5_N_C_N_EE_2,GSM2609409,X151207_D5_N_C_N_EE_2,8.7,No,Yes,No,No,Female,1hr,CA1,C57BL6
X151207_D6_N_C_N_EE_2,GSM2609410,X151207_D6_N_C_N_EE_2,8.7,No,Yes,No,No,Female,1hr,CA1,C57BL6
X151207_D7_N_C_N_EE_2,GSM2609411,X151207_D7_N_C_N_EE_2,8.7,No,Yes,No,No,Female,1hr,CA1,C57BL6
X151207_D8_N_C_N_EE_2,GSM2609412,X151207_D8_N_C_N_EE_2,8.7,No,Yes,No,No,Female,1hr,CA1,C57BL6
X151207_D9_N_C_F_EE_2,GSM2609413,X151207_D9_N_C_F_EE_2,8.7,No,Yes,Yes,No,Female,1hr,CA1,C57BL6
X151207_E1_N_C_N_HC_3,GSM2609414,X151207_E1_N_C_N_HC_3,8.7,No,Yes,No,No,Female,HC,CA1,C57BL6
X151207_E10_N_C_F_EE_2,GSM2609415,X151207_E10_N_C_F_EE_2,8.7,No,Yes,Yes,No,Female,1hr,CA1,C57BL6
X151207_E11_N_C_F_EE_2,GSM2609416,X151207_E11_N_C_F_EE_2,8.7,No,Yes,Yes,No,Female,1hr,Sub,C57BL6
X151207_E12_N_C_F_EE_2,GSM2609417,X151207_E12_N_C_F_EE_2,8.7,No,Yes,Yes,No,Female,1hr,CA1,C57BL6
X151207_E2_N_C_N_HC_3,GSM2609418,X151207_E2_N_C_N_HC_3,8.7,No,Yes,No,No,Female,HC,CA1,C57BL6
X151207_E3_N_C_N_HC_3,GSM2609419,X151207_E3_N_C_N_HC_3,8.7,No,Yes,No,No,Female,HC,CA1,C57BL6
X151207_E4_N_C_N_HC_3,GSM2609420,X151207_E4_N_C_N_HC_3,8.7,No,Yes,No,No,Female,HC,CA1,C57BL6
X151207_E5_N_C_N_EE_2,GSM2609421,X151207_E5_N_C_N_EE_2,8.7,No,Yes,No,No,Female,1hr,Sub,C57BL6
X151207_E6_N_C_N_EE_2,GSM2609422,X151207_E6_N_C_N_EE_2,8.7,No,Yes,No,No,Female,1hr,VIP,C57BL6
X151207_E7_N_C_N_EE_2,GSM2609423,X151207_E7_N_C_N_EE_2,8.7,No,Yes,No,No,Female,1hr,Sub,C57BL6
X151207_E8_N_C_N_EE_2,GSM2609424,X151207_E8_N_C_N_EE_2,8.7,No,Yes,No,No,Female,1hr,Ivy,C57BL6
X151207_E9_N_C_F_EE_2,GSM2609425,X151207_E9_N_C_F_EE_2,8.7,No,Yes,Yes,No,Female,1hr,CA1,C57BL6
X151207_F1_N_C_N_HC_3,GSM2609426,X151207_F1_N_C_N_HC_3,8.7,No,Yes,No,No,Female,HC,CA1,C57BL6
X151207_F10_N_C_F_EE_2,GSM2609427,X151207_F10_N_C_F_EE_2,8.7,No,Yes,Yes,No,Female,1hr,CA1,C57BL6
X151207_F11_N_C_F_EE_2,GSM2609428,X151207_F11_N_C_F_EE_2,8.7,No,Yes,Yes,No,Female,1hr,CA1,C57BL6
X151207_F12_N_C_F_EE_2,GSM2609429,X151207_F12_N_C_F_EE_2,8.7,No,Yes,Yes,No,Female,1hr,Sub,C57BL6
X151207_F2_N_C_N_HC_3,GSM2609430,X151207_F2_N_C_N_HC_3,8.7,No,Yes,No,No,Female,HC,CA1,C57BL6
X151207_F3_N_C_N_HC_3,GSM2609431,X151207_F3_N_C_N_HC_3,8.7,No,Yes,No,No,Female,HC,CA1,C57BL6
X151207_F4_N_C_N_HC_3,GSM2609432,X151207_F4_N_C_N_HC_3,8.7,No,Yes,No,No,Female,HC,CA1,C57BL6
X151207_F5_N_C_N_EE_2,GSM2609433,X151207_F5_N_C_N_EE_2,8.7,No,Yes,No,No,Female,1hr,CA1,C57BL6
X151207_F6_N_C_N_EE_2,GSM2609434,X151207_F6_N_C_N_EE_2,8.7,No,Yes,No,No,Female,1hr,Sub,C57BL6
X151207_F7_N_C_N_EE_2,GSM2609435,X151207_F7_N_C_N_EE_2,8.7,No,Yes,No,No,Female,1hr,CA1,C57BL6
X151207_F9_N_C_F_EE_2,GSM2609436,X151207_F9_N_C_F_EE_2,8.7,No,Yes,Yes,No,Female,1hr,Sub,C57BL6
X151207_G1_N_C_N_HC_3,GSM2609437,X151207_G1_N_C_N_HC_3,8.7,No,Yes,No,No,Female,HC,CA1,C57BL6
X151207_G10_N_C_F_EE_2,GSM2609438,X151207_G10_N_C_F_EE_2,8.7,No,Yes,Yes,No,Female,1hr,CA1,C57BL6
X151207_G11_N_C_F_EE_2,GSM2609439,X151207_G11_N_C_F_EE_2,8.7,No,Yes,Yes,No,Female,1hr,CA1,C57BL6
X151207_G12_N_C_F_EE_2,GSM2609440,X151207_G12_N_C_F_EE_2,8.7,No,Yes,Yes,No,Female,1hr,CA1,C57BL6
X151207_G2_N_C_N_HC_3,GSM2609441,X151207_G2_N_C_N_HC_3,8.7,No,Yes,No,No,Female,HC,CA1,C57BL6
X151207_G3_N_C_N_HC_3,GSM2609442,X151207_G3_N_C_N_HC_3,8.7,No,Yes,No,No,Female,HC,DG,C57BL6
X151207_G4_N_C_N_HC_3,GSM2609443,X151207_G4_N_C_N_HC_3,8.7,No,Yes,No,No,Female,HC,CA1,C57BL6
X151207_G5_N_C_N_EE_2,GSM2609444,X151207_G5_N_C_N_EE_2,8.7,No,Yes,No,No,Female,1hr,CA1,C57BL6
X151207_G6_N_C_N_EE_2,GSM2609445,X151207_G6_N_C_N_EE_2,8.7,No,Yes,No,No,Female,1hr,VIP,C57BL6
X151207_G8_N_C_N_EE_2,GSM2609446,X151207_G8_N_C_N_EE_2,8.7,No,Yes,No,No,Female,1hr,CA1,C57BL6
X151207_G9_N_C_F_EE_2,GSM2609447,X151207_G9_N_C_F_EE_2,8.7,No,Yes,Yes,No,Female,1hr,CA1,C57BL6
X151207_H1_N_C_N_HC_3,GSM2609448,X151207_H1_N_C_N_HC_3,8.7,No,Yes,No,No,Female,HC,CA1,C57BL6
X151207_H10_N_C_F_EE_2,GSM2609449,X151207_H10_N_C_F_EE_2,8.7,No,Yes,Yes,No,Female,1hr,CA1,C57BL6
X151207_H11_N_C_F_EE_2,GSM2609450,X151207_H11_N_C_F_EE_2,8.7,No,Yes,Yes,No,Female,1hr,CA1,C57BL6
X151207_H12_N_C_F_EE_2,GSM2609451,X151207_H12_N_C_F_EE_2,8.7,No,Yes,Yes,No,Female,1hr,CA1,C57BL6
X151207_H2_N_C_N_HC_3,GSM2609452,X151207_H2_N_C_N_HC_3,8.7,No,Yes,No,No,Female,HC,CA1,C57BL6
X151207_H3_N_C_N_HC_3,GSM2609453,X151207_H3_N_C_N_HC_3,8.7,No,Yes,No,No,Female,HC,CA1,C57BL6
X151207_H6_N_C_N_EE_2,GSM2609454,X151207_H6_N_C_N_EE_2,8.7,No,Yes,No,No,Female,1hr,CA1,C57BL6
X151207_H7_N_C_N_EE_2,GSM2609455,X151207_H7_N_C_N_EE_2,8.7,No,Yes,No,No,Female,1hr,CA1,C57BL6
X151207_H8_N_C_N_EE_2,GSM2609456,X151207_H8_N_C_N_EE_2,8.7,No,Yes,No,No,Female,1hr,CA1,C57BL6
X151214_A11_P_C_F_EE_3,GSM2609457,X151214_A11_P_C_F_EE_3,8.7,No,Yes,Yes,Yes,Female,1hr,DG,C57BL6
X151214_A2_P_C_N_EE_3,GSM2609458,X151214_A2_P_C_N_EE_3,8.7,No,Yes,No,Yes,Female,1hr,DG,C57BL6
X151214_A3_P_C_N_EE_3,GSM2609459,X151214_A3_P_C_N_EE_3,8.7,No,Yes,No,Yes,Female,1hr,DG,C57BL6
X151214_A9_P_C_F_EE_3,GSM2609460,X151214_A9_P_C_F_EE_3,8.7,No,Yes,Yes,Yes,Female,1hr,DG,C57BL6
X151214_B10_P_C_F_EE_3,GSM2609461,X151214_B10_P_C_F_EE_3,8.7,No,Yes,Yes,Yes,Female,1hr,DG,C57BL6
X151214_B11_P_C_F_EE_3,GSM2609462,X151214_B11_P_C_F_EE_3,8.7,No,Yes,Yes,Yes,Female,1hr,DG,C57BL6
X151214_B12_P_C_F_EE_3,GSM2609463,X151214_B12_P_C_F_EE_3,8.7,No,Yes,Yes,Yes,Female,1hr,DG,C57BL6
X151214_B2_P_C_N_EE_3,GSM2609464,X151214_B2_P_C_N_EE_3,8.7,No,Yes,No,Yes,Female,1hr,DG,C57BL6
X151214_B3_P_C_N_EE_3,GSM2609465,X151214_B3_P_C_N_EE_3,8.7,No,Yes,No,Yes,Female,1hr,DG,C57BL6
X151214_B4_P_C_N_EE_3,GSM2609466,X151214_B4_P_C_N_EE_3,8.7,No,Yes,No,Yes,Female,1hr,DG,C57BL6
X151214_B9_P_C_F_EE_3,GSM2609467,X151214_B9_P_C_F_EE_3,8.7,No,Yes,Yes,Yes,Female,1hr,DG,C57BL6
X151214_C1_P_C_N_EE_3,GSM2609468,X151214_C1_P_C_N_EE_3,8.7,No,Yes,No,Yes,Female,1hr,DG,C57BL6
X151214_C10_P_C_F_EE_3,GSM2609469,X151214_C10_P_C_F_EE_3,8.7,No,Yes,Yes,Yes,Female,1hr,DG,C57BL6
X151214_C11_P_C_F_EE_3,GSM2609470,X151214_C11_P_C_F_EE_3,8.7,No,Yes,Yes,Yes,Female,1hr,DG,C57BL6
X151214_C12_P_C_F_EE_3,GSM2609471,X151214_C12_P_C_F_EE_3,8.7,No,Yes,Yes,Yes,Female,1hr,DG,C57BL6
X151214_C2_P_C_N_EE_3,GSM2609472,X151214_C2_P_C_N_EE_3,8.7,No,Yes,No,Yes,Female,1hr,DG,C57BL6
X151214_C3_P_C_N_EE_3,GSM2609473,X151214_C3_P_C_N_EE_3,8.7,No,Yes,No,Yes,Female,1hr,DG,C57BL6
X151214_C4_P_C_N_EE_3,GSM2609474,X151214_C4_P_C_N_EE_3,8.7,No,Yes,No,Yes,Female,1hr,DG,C57BL6
X151214_C9_P_C_F_EE_3,GSM2609475,X151214_C9_P_C_F_EE_3,8.7,No,Yes,Yes,Yes,Female,1hr,DG,C57BL6
X151214_D1_P_C_N_EE_3,GSM2609476,X151214_D1_P_C_N_EE_3,8.7,No,Yes,No,Yes,Female,1hr,DG,C57BL6
X151214_D10_P_C_F_EE_3,GSM2609477,X151214_D10_P_C_F_EE_3,8.7,No,Yes,Yes,Yes,Female,1hr,DG,C57BL6
X151214_D11_P_C_F_EE_3,GSM2609478,X151214_D11_P_C_F_EE_3,8.7,No,Yes,Yes,Yes,Female,1hr,DG,C57BL6
X151214_D12_P_C_F_EE_3,GSM2609479,X151214_D12_P_C_F_EE_3,8.7,No,Yes,Yes,Yes,Female,1hr,DG,C57BL6
X151214_D2_P_C_N_EE_3,GSM2609480,X151214_D2_P_C_N_EE_3,8.7,No,Yes,No,Yes,Female,1hr,DG,C57BL6
X151214_D3_P_C_N_EE_3,GSM2609481,X151214_D3_P_C_N_EE_3,8.7,No,Yes,No,Yes,Female,1hr,DG,C57BL6
X151214_D4_P_C_N_EE_3,GSM2609482,X151214_D4_P_C_N_EE_3,8.7,No,Yes,No,Yes,Female,1hr,DG,C57BL6
X151214_D9_P_C_F_EE_3,GSM2609483,X151214_D9_P_C_F_EE_3,8.7,No,Yes,Yes,Yes,Female,1hr,DG,C57BL6
X151214_E1_P_C_N_EE_3,GSM2609484,X151214_E1_P_C_N_EE_3,8.7,No,Yes,No,Yes,Female,1hr,DG,C57BL6
X151214_E11_P_C_F_EE_3,GSM2609485,X151214_E11_P_C_F_EE_3,8.7,No,Yes,Yes,Yes,Female,1hr,DG,C57BL6
X151214_E12_P_C_F_EE_3,GSM2609486,X151214_E12_P_C_F_EE_3,8.7,No,Yes,Yes,Yes,Female,1hr,DG,C57BL6
X151214_E2_P_C_N_EE_3,GSM2609487,X151214_E2_P_C_N_EE_3,8.7,No,Yes,No,Yes,Female,1hr,DG,C57BL6
X151214_E3_P_C_N_EE_3,GSM2609488,X151214_E3_P_C_N_EE_3,8.7,No,Yes,No,Yes,Female,1hr,DG,C57BL6
X151214_E4_P_C_N_EE_3,GSM2609489,X151214_E4_P_C_N_EE_3,8.7,No,Yes,No,Yes,Female,1hr,DG,C57BL6
X151214_E9_P_C_F_EE_3,GSM2609490,X151214_E9_P_C_F_EE_3,8.7,No,Yes,Yes,Yes,Female,1hr,DG,C57BL6
X151214_F1_P_C_N_EE_3,GSM2609491,X151214_F1_P_C_N_EE_3,8.7,No,Yes,No,Yes,Female,1hr,DG,C57BL6
X151214_F11_P_C_F_EE_3,GSM2609492,X151214_F11_P_C_F_EE_3,8.7,No,Yes,Yes,Yes,Female,1hr,DG,C57BL6
X151214_F12_P_C_F_EE_3,GSM2609493,X151214_F12_P_C_F_EE_3,8.7,No,Yes,Yes,Yes,Female,1hr,DG,C57BL6
X151214_F2_P_C_N_EE_3,GSM2609494,X151214_F2_P_C_N_EE_3,8.7,No,Yes,No,Yes,Female,1hr,DG,C57BL6
X151214_F3_P_C_N_EE_3,GSM2609495,X151214_F3_P_C_N_EE_3,8.7,No,Yes,No,Yes,Female,1hr,DG,C57BL6
X151214_F4_P_C_N_EE_3,GSM2609496,X151214_F4_P_C_N_EE_3,8.7,No,Yes,No,Yes,Female,1hr,DG,C57BL6
X151214_G1_P_C_N_EE_3,GSM2609497,X151214_G1_P_C_N_EE_3,8.7,No,Yes,No,Yes,Female,1hr,DG,C57BL6
X151214_G10_P_C_F_EE_3,GSM2609498,X151214_G10_P_C_F_EE_3,8.7,No,Yes,Yes,Yes,Female,1hr,DG,C57BL6
X151214_G11_P_C_F_EE_3,GSM2609499,X151214_G11_P_C_F_EE_3,8.7,No,Yes,Yes,Yes,Female,1hr,DG,C57BL6
X151214_G12_P_C_F_EE_3,GSM2609500,X151214_G12_P_C_F_EE_3,8.7,No,Yes,Yes,Yes,Female,1hr,DG,C57BL6
X151214_G2_P_C_N_EE_3,GSM2609501,X151214_G2_P_C_N_EE_3,8.7,No,Yes,No,Yes,Female,1hr,DG,C57BL6
X151214_G3_P_C_N_EE_3,GSM2609502,X151214_G3_P_C_N_EE_3,8.7,No,Yes,No,Yes,Female,1hr,DG,C57BL6
X151214_G4_P_C_N_EE_3,GSM2609503,X151214_G4_P_C_N_EE_3,8.7,No,Yes,No,Yes,Female,1hr,DG,C57BL6
X151214_G9_P_C_F_EE_3,GSM2609504,X151214_G9_P_C_F_EE_3,8.7,No,Yes,Yes,Yes,Female,1hr,DG,C57BL6
X151214_H1_P_C_N_EE_3,GSM2609505,X151214_H1_P_C_N_EE_3,8.7,No,Yes,No,Yes,Female,1hr,DG,C57BL6
X151214_H10_P_C_F_EE_3,GSM2609506,X151214_H10_P_C_F_EE_3,8.7,No,Yes,Yes,Yes,Female,1hr,DG,C57BL6
X151214_H11_P_C_F_EE_3,GSM2609507,X151214_H11_P_C_F_EE_3,8.7,No,Yes,Yes,Yes,Female,1hr,DG,C57BL6
X151214_H12_P_C_F_EE_3,GSM2609508,X151214_H12_P_C_F_EE_3,8.7,No,Yes,Yes,Yes,Female,1hr,DG,C57BL6
X151214_H2_P_C_N_EE_3,GSM2609509,X151214_H2_P_C_N_EE_3,8.7,No,Yes,No,Yes,Female,1hr,DG,C57BL6
X151214_H3_P_C_N_EE_3,GSM2609510,X151214_H3_P_C_N_EE_3,8.7,No,Yes,No,Yes,Female,1hr,DG,C57BL6
X151214_H4_P_C_N_EE_3,GSM2609511,X151214_H4_P_C_N_EE_3,8.7,No,Yes,No,Yes,Female,1hr,DG,C57BL6
X151214_H9_P_C_F_EE_3,GSM2609512,X151214_H9_P_C_F_EE_3,8.7,No,Yes,Yes,Yes,Female,1hr,DG,C57BL6
X151221_01,GSM2609513,X151221_01,9,No,No,No,No,Female,HC,CA1,C57BL6
X151221_02,GSM2609514,X151221_02,9,No,No,No,No,Female,HC,CA1,C57BL6
X151221_03,GSM2609515,X151221_03,9,No,No,No,No,Female,HC,Sub,C57BL6
X151221_04,GSM2609516,X151221_04,9,No,No,No,No,Female,HC,CA1,C57BL6
X151221_05,GSM2609517,X151221_05,9,No,No,No,No,Female,HC,Sub,C57BL6
X151221_06,GSM2609518,X151221_06,9,No,No,No,No,Female,HC,Sub,C57BL6
X151221_07,GSM2609519,X151221_07,9,No,No,No,No,Female,HC,Sub,C57BL6
X151221_08,GSM2609520,X151221_08,9,No,No,No,No,Female,HC,Sub,C57BL6
X151221_09,GSM2609521,X151221_09,9,No,No,No,No,Female,HC,Sub,C57BL6
X151221_10,GSM2609522,X151221_10,9,No,No,No,No,Female,HC,VIP,C57BL6
X151221_11,GSM2609523,X151221_11,9,No,No,No,No,Female,HC,Sub,C57BL6
X151221_12,GSM2609524,X151221_12,9,No,No,No,No,Female,HC,Pvalb,C57BL6
X151221_13,GSM2609525,X151221_13,9,No,No,No,No,Female,HC,CA3,C57BL6
X151221_14,GSM2609526,X151221_14,9,No,No,No,No,Female,HC,Pvalb,C57BL6
X151221_15,GSM2609527,X151221_15,9,No,No,No,No,Female,HC,VIP,C57BL6
X151221_16,GSM2609528,X151221_16,9,No,No,No,No,Female,HC,CA1,C57BL6
X151221_17,GSM2609529,X151221_17,9,No,No,No,No,Female,1hr,CA1,C57BL6
X151221_18,GSM2609530,X151221_18,9,No,No,No,No,Female,1hr,Sub,C57BL6
X151221_19,GSM2609531,X151221_19,9,No,No,No,No,Female,1hr,CA1,C57BL6
X151221_20,GSM2609532,X151221_20,9,No,No,No,No,Female,1hr,CA3,C57BL6
X151221_21,GSM2609533,X151221_21,9,No,No,No,No,Female,1hr,CA3,C57BL6
X151221_22,GSM2609534,X151221_22,9,No,No,No,No,Female,1hr,Ivy,C57BL6
X151221_23,GSM2609535,X151221_23,9,No,No,No,No,Female,1hr,CA1,C57BL6
X151221_24,GSM2609536,X151221_24,9,No,No,No,No,Female,1hr,Sub,C57BL6
X151221_25,GSM2609537,X151221_25,9,No,No,No,No,Female,1hr,CA1,C57BL6
X151221_26,GSM2609538,X151221_26,9,No,No,No,No,Female,1hr,CA3,C57BL6
X151221_27,GSM2609539,X151221_27,9,No,No,No,No,Female,1hr,CA3,C57BL6
X151221_28,GSM2609540,X151221_28,9,No,No,No,No,Female,1hr,Ivy,C57BL6
X151221_29,GSM2609541,X151221_29,9,No,No,No,No,Female,1hr,CA3,C57BL6
X151221_30,GSM2609542,X151221_30,9,No,No,No,No,Female,1hr,CA1,C57BL6
X151221_31,GSM2609543,X151221_31,9,No,No,No,No,Female,1hr,Sub,C57BL6
X151221_32,GSM2609544,X151221_32,9,No,No,No,No,Female,1hr,Sub,C57BL6
X151221_33,GSM2609545,X151221_33,9,No,No,Yes,No,Female,1hr,CA3,C57BL6
X151221_34,GSM2609546,X151221_34,9,No,No,Yes,No,Female,1hr,Pvalb,C57BL6
X151221_35,GSM2609547,X151221_35,9,No,No,Yes,No,Female,1hr,Pvalb,C57BL6
X151221_36,GSM2609548,X151221_36,9,No,No,Yes,No,Female,1hr,Sub,C57BL6
X151221_37,GSM2609549,X151221_37,9,No,No,Yes,No,Female,1hr,CA1,C57BL6
X151221_38,GSM2609550,X151221_38,9,No,No,Yes,No,Female,1hr,CA3,C57BL6
X151221_39,GSM2609551,X151221_39,9,No,No,Yes,No,Female,1hr,CA3,C57BL6
X151221_40,GSM2609552,X151221_40,9,No,No,Yes,No,Female,1hr,Sub,C57BL6
X151221_41,GSM2609553,X151221_41,9,No,No,Yes,No,Female,1hr,CA3,C57BL6
X151221_42,GSM2609554,X151221_42,9,No,No,Yes,No,Female,1hr,CA1,C57BL6
X151221_43,GSM2609555,X151221_43,9,No,No,Yes,No,Female,1hr,CA3,C57BL6
X151221_44,GSM2609556,X151221_44,9,No,No,Yes,No,Female,1hr,CA1,C57BL6
X151221_45,GSM2609557,X151221_45,9,No,No,Yes,No,Female,1hr,CA3,C57BL6
X151221_46,GSM2609558,X151221_46,9,No,No,Yes,No,Female,1hr,CA3,C57BL6
X151221_47,GSM2609559,X151221_47,9,No,No,Yes,No,Female,1hr,CA1,C57BL6
X151221_48,GSM2609560,X151221_48,9,No,No,Yes,No,Female,1hr,CA3,C57BL6
X160107_01,GSM2609561,X160107_01,9,No,No,No,Yes,Female,HC,VIP,C57BL6
X160107_02,GSM2609562,X160107_02,9,No,No,No,Yes,Female,HC,VIP,C57BL6
X160107_03,GSM2609563,X160107_03,9,No,No,No,Yes,Female,HC,VIP,C57BL6
X160107_04,GSM2609564,X160107_04,9,No,No,No,Yes,Female,HC,Ivy,C57BL6
X160107_05,GSM2609565,X160107_05,9,No,No,No,Yes,Female,HC,VIP,C57BL6
X160107_06,GSM2609566,X160107_06,9,No,No,No,Yes,Female,HC,VIP,C57BL6
X160107_07,GSM2609567,X160107_07,9,No,No,No,Yes,Female,HC,VIP,C57BL6
X160107_08,GSM2609568,X160107_08,9,No,No,No,Yes,Female,HC,DG,C57BL6
X160107_09,GSM2609569,X160107_09,9,No,No,No,Yes,Female,HC,VIP,C57BL6
X160107_10,GSM2609570,X160107_10,9,No,No,No,Yes,Female,HC,VIP,C57BL6
X160107_11,GSM2609571,X160107_11,9,No,No,No,Yes,Female,HC,VIP,C57BL6
X160107_12,GSM2609572,X160107_12,9,No,No,No,Yes,Female,HC,VIP,C57BL6
X160107_13,GSM2609573,X160107_13,9,No,No,No,Yes,Female,HC,VIP,C57BL6
X160107_14,GSM2609574,X160107_14,9,No,No,No,Yes,Female,HC,VIP,C57BL6
X160107_15,GSM2609575,X160107_15,9,No,No,No,Yes,Female,HC,VIP,C57BL6
X160107_16,GSM2609576,X160107_16,9,No,No,No,Yes,Female,HC,VIP,C57BL6
X160107_17,GSM2609577,X160107_17,9,No,No,No,Yes,Female,HC,VIP,C57BL6
X160107_18,GSM2609578,X160107_18,9,No,No,No,Yes,Female,1hr,VIP,C57BL6
X160107_19,GSM2609579,X160107_19,9,No,No,No,Yes,Female,1hr,VIP,C57BL6
X160107_20,GSM2609580,X160107_20,9,No,No,No,Yes,Female,1hr,Ivy,C57BL6
X160107_21,GSM2609581,X160107_21,9,No,No,No,Yes,Female,1hr,VIP,C57BL6
X160107_22,GSM2609582,X160107_22,9,No,No,No,Yes,Female,1hr,VIP,C57BL6
X160107_23,GSM2609583,X160107_23,9,No,No,No,Yes,Female,1hr,VIP,C57BL6
X160107_24,GSM2609584,X160107_24,9,No,No,No,Yes,Female,1hr,Ivy,C57BL6
X160107_25,GSM2609585,X160107_25,9,No,No,No,Yes,Female,1hr,VIP,C57BL6
X160107_26,GSM2609586,X160107_26,9,No,No,No,Yes,Female,1hr,VIP,C57BL6
X160107_27,GSM2609587,X160107_27,9,No,No,No,Yes,Female,1hr,VIP,C57BL6
X160107_28,GSM2609588,X160107_28,9,No,No,No,Yes,Female,1hr,VIP,C57BL6
X160107_29,GSM2609589,X160107_29,9,No,No,No,Yes,Female,1hr,VIP,C57BL6
X160107_30,GSM2609590,X160107_30,9,No,No,No,Yes,Female,1hr,VIP,C57BL6
X160107_31,GSM2609591,X160107_31,9,No,No,No,Yes,Female,1hr,VIP,C57BL6
X160107_32,GSM2609592,X160107_32,9,No,No,No,Yes,Female,1hr,VIP,C57BL6
X160107_33,GSM2609593,X160107_33,9,No,No,No,Yes,Female,1hr,VIP,C57BL6
X160107_34,GSM2609594,X160107_34,9,No,No,No,Yes,Female,1hr,Ivy,C57BL6
X160107_35,GSM2609595,X160107_35,9,No,No,Yes,Yes,Female,1hr,VIP,C57BL6
X160107_36,GSM2609596,X160107_36,9,No,No,Yes,Yes,Female,1hr,VIP,C57BL6
X160107_37,GSM2609597,X160107_37,9,No,No,Yes,Yes,Female,1hr,VIP,C57BL6
X160107_38,GSM2609598,X160107_38,9,No,No,Yes,Yes,Female,1hr,VIP,C57BL6
X160107_39,GSM2609599,X160107_39,9,No,No,Yes,Yes,Female,1hr,VIP,C57BL6
X160107_40,GSM2609600,X160107_40,9,No,No,Yes,Yes,Female,1hr,VIP,C57BL6
X160107_41,GSM2609601,X160107_41,9,No,No,Yes,Yes,Female,1hr,VIP,C57BL6
X160107_42,GSM2609602,X160107_42,9,No,No,Yes,Yes,Female,1hr,VIP,C57BL6
X160107_43,GSM2609603,X160107_43,9,No,No,Yes,Yes,Female,1hr,VIP,C57BL6
X160107_44,GSM2609604,X160107_44,9,No,No,Yes,Yes,Female,1hr,VIP,C57BL6
X160107_45,GSM2609605,X160107_45,9,No,No,Yes,Yes,Female,1hr,VIP,C57BL6
X160107_46,GSM2609606,X160107_46,9,No,No,Yes,Yes,Female,1hr,VIP,C57BL6
X160107_47,GSM2609607,X160107_47,9,No,No,Yes,Yes,Female,1hr,Ivy,C57BL6
X160107_48,GSM2609608,X160107_48,9,No,No,Yes,Yes,Female,1hr,VIP,C57BL6
X160118_01,GSM2609609,X160118_01,8.875,No,No,No,Yes,Female,HC,Th,C57BL6
X160118_02,GSM2609610,X160118_02,8.875,No,No,No,Yes,Female,HC,Th,C57BL6
X160118_03,GSM2609611,X160118_03,8.875,No,No,No,Yes,Female,HC,VIP,C57BL6
X160118_04,GSM2609612,X160118_04,8.875,No,No,No,Yes,Female,HC,Th,C57BL6
X160118_05,GSM2609613,X160118_05,8.875,No,No,No,Yes,Female,HC,VIP,C57BL6
X160118_06,GSM2609614,X160118_06,8.875,No,No,No,Yes,Female,HC,VIP,C57BL6
X160118_07,GSM2609615,X160118_07,8.875,No,No,No,Yes,Female,HC,VIP,C57BL6
X160118_08,GSM2609616,X160118_08,8.875,No,No,No,Yes,Female,HC,Th,C57BL6
X160118_09,GSM2609617,X160118_09,8.875,No,No,No,Yes,Female,HC,VIP,C57BL6
X160118_10,GSM2609618,X160118_10,8.875,No,No,No,Yes,Female,HC,Th,C57BL6
X160118_11,GSM2609619,X160118_11,8.875,No,No,No,Yes,Female,HC,VIP,C57BL6
X160118_12,GSM2609620,X160118_12,8.875,No,No,No,Yes,Female,HC,VIP,C57BL6
X160118_13,GSM2609621,X160118_13,8.875,No,No,No,Yes,Female,HC,DG,C57BL6
X160118_14,GSM2609622,X160118_14,8.875,No,No,No,Yes,Female,HC,VIP,C57BL6
X160118_15,GSM2609623,X160118_15,8.875,No,No,No,Yes,Female,HC,Ivy,C57BL6
X160118_16,GSM2609624,X160118_16,8.875,No,No,No,Yes,Female,HC,CA1,C57BL6
X160118_17,GSM2609625,X160118_17,8.875,No,No,No,Yes,Female,1hr,VIP,C57BL6
X160118_18,GSM2609626,X160118_18,8.875,No,No,No,Yes,Female,1hr,Ivy,C57BL6
X160118_19,GSM2609627,X160118_19,8.875,No,No,No,Yes,Female,1hr,Sub,C57BL6
X160118_20,GSM2609628,X160118_20,8.875,No,No,No,Yes,Female,1hr,Ivy,C57BL6
X160118_21,GSM2609629,X160118_21,8.875,No,No,No,Yes,Female,1hr,VIP,C57BL6
X160118_22,GSM2609630,X160118_22,8.875,No,No,No,Yes,Female,1hr,VIP,C57BL6
X160118_23,GSM2609631,X160118_23,8.875,No,No,No,Yes,Female,1hr,VIP,C57BL6
X160118_24,GSM2609632,X160118_24,8.875,No,No,No,Yes,Female,1hr,VIP,C57BL6
X160118_25,GSM2609633,X160118_25,8.875,No,No,No,Yes,Female,1hr,VIP,C57BL6
X160118_26,GSM2609634,X160118_26,8.875,No,No,No,Yes,Female,1hr,Th,C57BL6
X160118_27,GSM2609635,X160118_27,8.875,No,No,No,Yes,Female,1hr,VIP,C57BL6
X160118_28,GSM2609636,X160118_28,8.875,No,No,No,Yes,Female,1hr,Ivy,C57BL6
X160118_29,GSM2609637,X160118_29,8.875,No,No,No,Yes,Female,1hr,VIP,C57BL6
X160118_30,GSM2609638,X160118_30,8.875,No,No,No,Yes,Female,1hr,VIP,C57BL6
X160118_31,GSM2609639,X160118_31,8.875,No,No,No,Yes,Female,1hr,VIP,C57BL6
X160118_32,GSM2609640,X160118_32,8.875,No,No,No,Yes,Female,1hr,VIP,C57BL6
X160118_33,GSM2609641,X160118_33,8.875,No,No,Yes,Yes,Female,1hr,VIP,C57BL6
X160118_34,GSM2609642,X160118_34,8.875,No,No,Yes,Yes,Female,1hr,VIP,C57BL6
X160118_35,GSM2609643,X160118_35,8.875,No,No,Yes,Yes,Female,1hr,VIP,C57BL6
X160118_36,GSM2609644,X160118_36,8.875,No,No,Yes,Yes,Female,1hr,Th,C57BL6
X160118_37,GSM2609645,X160118_37,8.875,No,No,Yes,Yes,Female,1hr,VIP,C57BL6
X160118_38,GSM2609646,X160118_38,8.875,No,No,Yes,Yes,Female,1hr,VIP,C57BL6
X160118_39,GSM2609647,X160118_39,8.875,No,No,Yes,Yes,Female,1hr,VIP,C57BL6
X160118_40,GSM2609648,X160118_40,8.875,No,No,Yes,Yes,Female,1hr,VIP,C57BL6
X160118_41,GSM2609649,X160118_41,8.875,No,No,Yes,Yes,Female,1hr,VIP,C57BL6
X160118_42,GSM2609650,X160118_42,8.875,No,No,Yes,Yes,Female,1hr,VIP,C57BL6
X160118_43,GSM2609651,X160118_43,8.875,No,No,Yes,Yes,Female,1hr,Ivy,C57BL6
X160118_44,GSM2609652,X160118_44,8.875,No,No,Yes,Yes,Female,1hr,VIP,C57BL6
X160118_45,GSM2609653,X160118_45,8.875,No,No,Yes,Yes,Female,1hr,VIP,C57BL6
X160118_46,GSM2609654,X160118_46,8.875,No,No,Yes,Yes,Female,1hr,VIP,C57BL6
X160118_47,GSM2609655,X160118_47,8.875,No,No,Yes,Yes,Female,1hr,VIP,C57BL6
X160118_48,GSM2609656,X160118_48,8.875,No,No,Yes,Yes,Female,1hr,VIP,C57BL6
X160324_01,GSM2609657,X160324_01,7.75,No,Yes,No,Yes,Female,HC,DG,C57BL6
X160324_02,GSM2609658,X160324_02,7.75,No,Yes,No,Yes,Female,HC,DG,C57BL6
X160324_03,GSM2609659,X160324_03,7.75,No,Yes,No,Yes,Female,HC,DG,C57BL6
X160324_04,GSM2609660,X160324_04,7.75,No,Yes,No,Yes,Female,HC,DG,C57BL6
X160324_08,GSM2609661,X160324_08,7.75,No,Yes,No,Yes,Female,HC,DG,C57BL6
X160324_09,GSM2609662,X160324_09,7.75,No,Yes,No,Yes,Female,HC,DG,C57BL6
X160324_10,GSM2609663,X160324_10,7.75,No,Yes,No,Yes,Female,HC,DG,C57BL6
X160324_11,GSM2609664,X160324_11,7.75,No,Yes,No,Yes,Female,HC,DG,C57BL6
X160324_15,GSM2609665,X160324_15,7.75,No,Yes,No,Yes,Female,HC,DG,C57BL6
X160324_16,GSM2609666,X160324_16,7.75,No,Yes,No,Yes,Female,HC,DG,C57BL6
X160324_17,GSM2609667,X160324_17,7.75,No,Yes,No,Yes,Female,HC,DG,C57BL6
X160324_18,GSM2609668,X160324_18,7.75,No,Yes,No,Yes,Female,HC,DG,C57BL6
X160324_21,GSM2609669,X160324_21,7.75,No,Yes,No,Yes,Female,HC,DG,C57BL6
X160324_22,GSM2609670,X160324_22,7.75,No,Yes,No,Yes,Female,HC,DG,C57BL6
X160324_23,GSM2609671,X160324_23,7.75,No,Yes,No,Yes,Female,HC,DG,C57BL6
X160324_24,GSM2609672,X160324_24,7.75,No,Yes,No,Yes,Female,HC,DG,C57BL6
X160324_29,GSM2609673,X160324_29,7.75,No,Yes,No,Yes,Female,HC,DG,C57BL6
X160324_30,GSM2609674,X160324_30,7.75,No,Yes,No,Yes,Female,HC,DG,C57BL6
X160324_31,GSM2609675,X160324_31,7.75,No,Yes,No,Yes,Female,HC,DG,C57BL6
X160324_36,GSM2609676,X160324_36,8.57,No,Yes,No,Yes,Female,HC,DG,C57BL6
X160324_37,GSM2609677,X160324_37,8.57,No,Yes,No,Yes,Female,HC,DG,C57BL6
X160324_38,GSM2609678,X160324_38,8.57,No,Yes,No,Yes,Female,HC,DG,C57BL6
X160324_39,GSM2609679,X160324_39,8.57,No,Yes,No,Yes,Female,HC,DG,C57BL6
X160324_40,GSM2609680,X160324_40,8.57,No,Yes,No,Yes,Female,HC,DG,C57BL6
X160523_01,GSM2609681,X160523_01,8.85,No,No,No,No,Female,HC,VIP,C57BL6
X160523_02,GSM2609682,X160523_02,8.85,No,No,No,No,Female,HC,CA1,C57BL6
X160523_03,GSM2609683,X160523_03,8.85,No,No,No,No,Female,HC,CA3,C57BL6
X160523_04,GSM2609684,X160523_04,8.85,No,No,No,No,Female,HC,Ivy,C57BL6
X160523_05,GSM2609685,X160523_05,8.85,No,No,No,No,Female,HC,Sub,C57BL6
X160523_06,GSM2609686,X160523_06,8.85,No,No,No,No,Female,HC,Pvalb,C57BL6
X160523_07,GSM2609687,X160523_07,8.85,No,No,No,No,Female,HC,CA1,C57BL6
X160523_08,GSM2609688,X160523_08,8.85,No,No,No,No,Female,HC,Sub,C57BL6
X160523_09,GSM2609689,X160523_09,8.85,No,No,No,No,Female,HC,Sub,C57BL6
X160523_10,GSM2609690,X160523_10,8.85,No,No,No,No,Female,HC,Sub,C57BL6
X160523_11,GSM2609691,X160523_11,8.85,No,No,No,No,Female,HC,Sub,C57BL6
X160523_12,GSM2609692,X160523_12,8.85,No,No,No,No,Female,HC,CA1,C57BL6
X160523_13,GSM2609693,X160523_13,8.85,No,No,No,No,Female,HC,CA1,C57BL6
X160523_14,GSM2609694,X160523_14,8.85,No,No,No,No,Female,HC,CA3,C57BL6
X160523_15,GSM2609695,X160523_15,8.85,No,No,No,No,Female,HC,CA3,C57BL6
X160523_16,GSM2609696,X160523_16,8.85,No,No,No,No,Female,HC,Sub,C57BL6
X160523_17,GSM2609697,X160523_17,8.85,No,No,No,No,Female,1hr,CA3,C57BL6
X160523_18,GSM2609698,X160523_18,8.85,No,No,No,No,Female,1hr,CA1,C57BL6
X160523_19,GSM2609699,X160523_19,8.85,No,No,No,No,Female,1hr,CA1,C57BL6
X160523_20,GSM2609700,X160523_20,8.85,No,No,No,No,Female,1hr,CA3,C57BL6
X160523_21,GSM2609701,X160523_21,8.85,No,No,No,No,Female,1hr,CA1,C57BL6
X160523_22,GSM2609702,X160523_22,8.85,No,No,No,No,Female,1hr,CA3,C57BL6
X160523_23,GSM2609703,X160523_23,8.85,No,No,No,No,Female,1hr,Pvalb,C57BL6
X160523_24,GSM2609704,X160523_24,8.85,No,No,No,No,Female,1hr,CA1,C57BL6
X160523_25,GSM2609705,X160523_25,8.85,No,No,No,No,Female,1hr,Sub,C57BL6
X160523_26,GSM2609706,X160523_26,8.85,No,No,No,No,Female,1hr,Sub,C57BL6
X160523_27,GSM2609707,X160523_27,8.85,No,No,No,No,Female,1hr,CA1,C57BL6
X160523_28,GSM2609708,X160523_28,8.85,No,No,No,No,Female,1hr,Sub,C57BL6
X160523_29,GSM2609709,X160523_29,8.85,No,No,No,No,Female,1hr,Sub,C57BL6
X160523_30,GSM2609710,X160523_30,8.85,No,No,No,No,Female,1hr,CA1,C57BL6
X160523_31,GSM2609711,X160523_31,8.85,No,No,No,No,Female,1hr,CA3,C57BL6
X160523_32,GSM2609712,X160523_32,8.85,No,No,No,No,Female,1hr,CA3,C57BL6
X160523_33,GSM2609713,X160523_33,8.85,No,No,Yes,No,Female,1hr,CA1,C57BL6
X160523_34,GSM2609714,X160523_34,8.85,No,No,Yes,No,Female,1hr,Pvalb,C57BL6
X160523_35,GSM2609715,X160523_35,8.85,No,No,Yes,No,Female,1hr,CA3,C57BL6
X160523_36,GSM2609716,X160523_36,8.85,No,No,Yes,No,Female,1hr,CA3,C57BL6
X160523_37,GSM2609717,X160523_37,8.85,No,No,Yes,No,Female,1hr,Pvalb,C57BL6
X160523_38,GSM2609718,X160523_38,8.85,No,No,Yes,No,Female,1hr,CA1,C57BL6
X160523_39,GSM2609719,X160523_39,8.85,No,No,Yes,No,Female,1hr,CA3,C57BL6
X160523_40,GSM2609720,X160523_40,8.85,No,No,Yes,No,Female,1hr,Sub,C57BL6
X160523_41,GSM2609721,X160523_41,8.85,No,No,Yes,No,Female,1hr,CA1,C57BL6
X160523_42,GSM2609722,X160523_42,8.85,No,No,Yes,No,Female,1hr,CA1,C57BL6
X160523_43,GSM2609723,X160523_43,8.85,No,No,Yes,No,Female,1hr,Sub,C57BL6
X160523_44,GSM2609724,X160523_44,8.85,No,No,Yes,No,Female,1hr,Sub,C57BL6
X160523_45,GSM2609725,X160523_45,8.85,No,No,Yes,No,Female,1hr,CA3,C57BL6
X160523_46,GSM2609726,X160523_46,8.85,No,No,Yes,No,Female,1hr,Sub,C57BL6
X160523_47,GSM2609727,X160523_47,8.85,No,No,Yes,No,Female,1hr,CA3,C57BL6
X160523_48,GSM2609728,X160523_48,8.85,No,No,Yes,No,Female,1hr,CA1,C57BL6
X160512_01,GSM3308862,X160512_01,8.7,Yes,Yes,No,Yes,Female,5hr,Unknown,C57BL6
X160512_02,GSM3308863,X160512_02,8.7,Yes,Yes,No,Yes,Female,5hr,Unknown,C57BL6
X160512_03,GSM3308864,X160512_03,8.7,Yes,Yes,No,Yes,Female,5hr,Unknown,C57BL6
X160512_04,GSM3308865,X160512_04,8.7,Yes,Yes,No,Yes,Female,5hr,Unknown,C57BL6
X160512_05,GSM3308866,X160512_05,8.7,Yes,Yes,No,Yes,Female,5hr,Unknown,C57BL6
X160512_06,GSM3308867,X160512_06,8.7,Yes,Yes,No,Yes,Female,5hr,Unknown,C57BL6
X160512_07,GSM3308868,X160512_07,8.7,Yes,Yes,No,Yes,Female,5hr,Unknown,C57BL6
X160512_08,GSM3308869,X160512_08,8.7,Yes,Yes,No,Yes,Female,5hr,Unknown,C57BL6
X160512_09,GSM3308870,X160512_09,8.7,Yes,Yes,No,Yes,Female,5hr,Unknown,C57BL6
X160512_10,GSM3308871,X160512_10,8.7,Yes,Yes,No,Yes,Female,5hr,Unknown,C57BL6
X160512_11,GSM3308872,X160512_11,8.7,Yes,Yes,No,Yes,Female,5hr,Unknown,C57BL6
X160512_12,GSM3308873,X160512_12,8.7,Yes,Yes,No,Yes,Female,5hr,Unknown,C57BL6
X160512_13,GSM3308874,X160512_13,8.7,Yes,Yes,No,Yes,Female,5hr,Unknown,C57BL6
X160512_14,GSM3308875,X160512_14,8.7,Yes,Yes,No,Yes,Female,5hr,Unknown,C57BL6
X160512_15,GSM3308876,X160512_15,8.7,Yes,Yes,No,Yes,Female,5hr,Unknown,C57BL6
X160512_16,GSM3308877,X160512_16,8.7,Yes,Yes,No,Yes,Female,5hr,Unknown,C57BL6
X160512_17,GSM3308878,X160512_17,8.7,Yes,Yes,No,Yes,Female,5hr,Unknown,C57BL6
X160512_18,GSM3308879,X160512_18,8.7,Yes,Yes,No,Yes,Female,5hr,Unknown,C57BL6
X160512_19,GSM3308880,X160512_19,8.7,Yes,Yes,No,Yes,Female,5hr,Unknown,C57BL6
X160512_20,GSM3308881,X160512_20,8.7,Yes,Yes,No,Yes,Female,5hr,Unknown,C57BL6
X160512_21,GSM3308882,X160512_21,8.7,Yes,Yes,No,Yes,Female,5hr,Unknown,C57BL6
X160512_22,GSM3308883,X160512_22,8.7,Yes,Yes,No,Yes,Female,5hr,Unknown,C57BL6
X160512_23,GSM3308884,X160512_23,8.7,Yes,Yes,No,Yes,Female,5hr,Unknown,C57BL6
X160512_24,GSM3308885,X160512_24,8.7,Yes,Yes,No,Yes,Female,5hr,Unknown,C57BL6
X160512_25,GSM3308886,X160512_25,8.7,Yes,Yes,No,Yes,Female,5hr,Unknown,C57BL6
X160512_26,GSM3308887,X160512_26,8.7,Yes,Yes,No,Yes,Female,5hr,Unknown,C57BL6
X160512_27,GSM3308888,X160512_27,8.7,Yes,Yes,No,Yes,Female,5hr,Unknown,C57BL6
X160512_28,GSM3308889,X160512_28,8.7,Yes,Yes,No,Yes,Female,5hr,Unknown,C57BL6
X160512_29,GSM3308890,X160512_29,8.7,Yes,Yes,No,Yes,Female,5hr,Unknown,C57BL6
X160512_30,GSM3308891,X160512_30,8.7,Yes,Yes,No,Yes,Female,5hr,Unknown,C57BL6
X160512_31,GSM3308892,X160512_31,8.7,Yes,Yes,No,Yes,Female,5hr,Unknown,C57BL6
X160512_32,GSM3308893,X160512_32,8.7,Yes,Yes,No,Yes,Female,5hr,Unknown,C57BL6
X160512_33,GSM3308894,X160512_33,8.7,Yes,Yes,No,Yes,Female,5hr,Unknown,C57BL6
X160512_34,GSM3308895,X160512_34,8.7,Yes,Yes,No,Yes,Female,5hr,Unknown,C57BL6
X160512_35,GSM3308896,X160512_35,8.7,Yes,Yes,No,Yes,Female,5hr,Unknown,C57BL6
X160512_36,GSM3308897,X160512_36,8.7,Yes,Yes,No,Yes,Female,5hr,Unknown,C57BL6
X160512_37,GSM3308898,X160512_37,8.7,Yes,Yes,No,Yes,Female,5hr,Unknown,C57BL6
X160512_38,GSM3308899,X160512_38,8.7,Yes,Yes,No,Yes,Female,5hr,Unknown,C57BL6
X160512_39,GSM3308900,X160512_39,8.7,Yes,Yes,No,Yes,Female,5hr,Unknown,C57BL6
X160512_40,GSM3308901,X160512_40,8.7,Yes,Yes,No,Yes,Female,5hr,Unknown,C57BL6
X160512_41,GSM3308902,X160512_41,8.7,Yes,Yes,No,Yes,Female,5hr,Unknown,C57BL6
X160512_42,GSM3308903,X160512_42,8.7,Yes,Yes,No,Yes,Female,5hr,Unknown,C57BL6
X160512_43,GSM3308904,X160512_43,8.7,Yes,Yes,No,Yes,Female,5hr,Unknown,C57BL6
X160512_44,GSM3308905,X160512_44,8.7,Yes,Yes,No,Yes,Female,5hr,Unknown,C57BL6
X160512_45,GSM3308906,X160512_45,8.7,Yes,Yes,No,Yes,Female,5hr,Unknown,C57BL6
X160512_46,GSM3308907,X160512_46,8.7,Yes,Yes,No,Yes,Female,5hr,Unknown,C57BL6
X160512_47,GSM3308908,X160512_47,8.7,Yes,Yes,No,Yes,Female,5hr,Unknown,C57BL6
X160512_48,GSM3308909,X160512_48,8.7,Yes,Yes,No,Yes,Female,5hr,Unknown,C57BL6
X160602_01,GSM3308910,X160602_01,8.7,Yes,Yes,No,Yes,Female,A>C,Unknown,C57BL6
X160602_02,GSM3308911,X160602_02,8.7,Yes,Yes,No,Yes,Female,A>C,Unknown,C57BL6
X160602_03,GSM3308912,X160602_03,8.7,Yes,Yes,No,Yes,Female,A>C,Unknown,C57BL6
X160602_04,GSM3308913,X160602_04,8.7,Yes,Yes,No,Yes,Female,A>C,Unknown,C57BL6
X160602_05,GSM3308914,X160602_05,8.7,Yes,Yes,No,Yes,Female,A>C,Unknown,C57BL6
X160602_06,GSM3308915,X160602_06,8.7,Yes,Yes,No,Yes,Female,A>C,Unknown,C57BL6
X160602_07,GSM3308916,X160602_07,8.7,Yes,Yes,No,Yes,Female,A>C,Unknown,C57BL6
X160602_08,GSM3308917,X160602_08,8.7,Yes,Yes,No,Yes,Female,A>C,Unknown,C57BL6
X160602_09,GSM3308918,X160602_09,8.7,Yes,Yes,No,Yes,Female,A>C,Unknown,C57BL6
X160602_10,GSM3308919,X160602_10,8.7,Yes,Yes,No,Yes,Female,A>C,Unknown,C57BL6
X160602_11,GSM3308920,X160602_11,8.7,Yes,Yes,No,Yes,Female,A>C,Unknown,C57BL6
X160602_12,GSM3308921,X160602_12,8.7,Yes,Yes,No,Yes,Female,A>C,Unknown,C57BL6
X160602_13,GSM3308922,X160602_13,8.7,Yes,Yes,No,Yes,Female,A>C,Unknown,C57BL6
X160602_14,GSM3308923,X160602_14,8.7,Yes,Yes,No,Yes,Female,A>C,Unknown,C57BL6
X160602_15,GSM3308924,X160602_15,8.7,Yes,Yes,No,Yes,Female,A>C,Unknown,C57BL6
X160602_16,GSM3308925,X160602_16,8.7,Yes,Yes,No,Yes,Female,A>C,Unknown,C57BL6
X160602_17,GSM3308926,X160602_17,8.7,Yes,Yes,No,Yes,Female,A>C,Unknown,C57BL6
X160602_18,GSM3308927,X160602_18,8.7,Yes,Yes,No,Yes,Female,A>C,Unknown,C57BL6
X160602_19,GSM3308928,X160602_19,8.7,Yes,Yes,No,Yes,Female,A>C,Unknown,C57BL6
X160602_20,GSM3308929,X160602_20,8.7,Yes,Yes,No,Yes,Female,A>C,Unknown,C57BL6
X160602_21,GSM3308930,X160602_21,8.7,Yes,Yes,No,Yes,Female,A>C,Unknown,C57BL6
X160602_22,GSM3308931,X160602_22,8.7,Yes,Yes,No,Yes,Female,A>C,Unknown,C57BL6
X160602_23,GSM3308932,X160602_23,8.7,Yes,Yes,No,Yes,Female,A>C,Unknown,C57BL6
X160602_24,GSM3308933,X160602_24,8.7,Yes,Yes,No,Yes,Female,A>C,Unknown,C57BL6
X160602_25,GSM3308934,X160602_25,8.7,Yes,Yes,No,Yes,Female,A>C,Unknown,C57BL6
X160602_26,GSM3308935,X160602_26,8.7,Yes,Yes,No,Yes,Female,A>C,Unknown,C57BL6
X160602_27,GSM3308936,X160602_27,8.7,Yes,Yes,No,Yes,Female,A>C,Unknown,C57BL6
X160602_28,GSM3308937,X160602_28,8.7,Yes,Yes,No,Yes,Female,A>C,Unknown,C57BL6
X160602_29,GSM3308938,X160602_29,8.7,Yes,Yes,No,Yes,Female,A>C,Unknown,C57BL6
X160602_30,GSM3308939,X160602_30,8.7,Yes,Yes,No,Yes,Female,A>C,Unknown,C57BL6
X160602_31,GSM3308940,X160602_31,8.7,Yes,Yes,No,Yes,Female,A>C,Unknown,C57BL6
X160602_32,GSM3308941,X160602_32,8.7,Yes,Yes,No,Yes,Female,A>C,Unknown,C57BL6
X160602_33,GSM3308942,X160602_33,8.7,Yes,Yes,No,Yes,Female,A>C,Unknown,C57BL6
X160602_34,GSM3308943,X160602_34,8.7,Yes,Yes,No,Yes,Female,A>C,Unknown,C57BL6
X160602_35,GSM3308944,X160602_35,8.7,Yes,Yes,No,Yes,Female,A>C,Unknown,C57BL6
X160602_36,GSM3308945,X160602_36,8.7,Yes,Yes,No,Yes,Female,A>C,Unknown,C57BL6
X160602_37,GSM3308946,X160602_37,8.7,Yes,Yes,No,Yes,Female,A>C,Unknown,C57BL6
X160602_38,GSM3308947,X160602_38,8.7,Yes,Yes,No,Yes,Female,A>C,Unknown,C57BL6
X160602_39,GSM3308948,X160602_39,8.7,Yes,Yes,No,Yes,Female,A>C,Unknown,C57BL6
X160602_40,GSM3308949,X160602_40,8.7,Yes,Yes,No,Yes,Female,A>C,Unknown,C57BL6
X160602_41,GSM3308950,X160602_41,8.7,Yes,Yes,No,Yes,Female,A>C,Unknown,C57BL6
X160602_42,GSM3308951,X160602_42,8.7,Yes,Yes,No,Yes,Female,A>C,Unknown,C57BL6
X160602_43,GSM3308952,X160602_43,8.7,Yes,Yes,No,Yes,Female,A>C,Unknown,C57BL6
X160602_44,GSM3308953,X160602_44,8.7,Yes,Yes,No,Yes,Female,A>C,Unknown,C57BL6
X160602_45,GSM3308954,X160602_45,8.7,Yes,Yes,No,Yes,Female,A>C,Unknown,C57BL6
X160602_46,GSM3308955,X160602_46,8.7,Yes,Yes,No,Yes,Female,A>C,Unknown,C57BL6
X160602_47,GSM3308956,X160602_47,8.7,Yes,Yes,No,Yes,Female,A>C,Unknown,C57BL6
X160602_48,GSM3308957,X160602_48,8.7,Yes,Yes,No,Yes,Female,A>C,Unknown,C57BL6
X160619_01,GSM3308958,X160619_01,8.7,Yes,Yes,Yes,Yes,Female,A>C,Unknown,C57BL6
X160619_02,GSM3308959,X160619_02,8.7,Yes,Yes,Yes,Yes,Female,A>C,Unknown,C57BL6
X160619_03,GSM3308960,X160619_03,8.7,Yes,Yes,Yes,Yes,Female,A>C,Unknown,C57BL6
X160619_04,GSM3308961,X160619_04,8.7,Yes,Yes,Yes,Yes,Female,A>C,Unknown,C57BL6
X160619_05,GSM3308962,X160619_05,8.7,Yes,Yes,Yes,Yes,Female,A>C,Unknown,C57BL6
X160619_06,GSM3308963,X160619_06,8.7,Yes,Yes,Yes,Yes,Female,A>C,Unknown,C57BL6
X160619_07,GSM3308964,X160619_07,8.7,Yes,Yes,Yes,Yes,Female,A>C,Unknown,C57BL6
X160619_08,GSM3308965,X160619_08,8.7,Yes,Yes,Yes,Yes,Female,A>C,Unknown,C57BL6
X160619_09,GSM3308966,X160619_09,8.7,Yes,Yes,Yes,Yes,Female,A>C,Unknown,C57BL6
X160619_10,GSM3308967,X160619_10,8.7,Yes,Yes,Yes,Yes,Female,A>C,Unknown,C57BL6
X160619_11,GSM3308968,X160619_11,8.7,Yes,Yes,Yes,Yes,Female,A>C,Unknown,C57BL6
X160619_12,GSM3308969,X160619_12,8.7,Yes,Yes,Yes,Yes,Female,A>C,Unknown,C57BL6
X160619_13,GSM3308970,X160619_13,8.7,Yes,Yes,Yes,Yes,Female,A>C,Unknown,C57BL6
X160619_14,GSM3308971,X160619_14,8.7,Yes,Yes,Yes,Yes,Female,A>C,Unknown,C57BL6
X160619_15,GSM3308972,X160619_15,8.7,Yes,Yes,Yes,Yes,Female,A>C,Unknown,C57BL6
X160619_16,GSM3308973,X160619_16,8.7,Yes,Yes,Yes,Yes,Female,A>C,Unknown,C57BL6
X160619_17,GSM3308974,X160619_17,8.7,Yes,Yes,Yes,Yes,Female,A>C,Unknown,C57BL6
X160619_18,GSM3308975,X160619_18,8.7,Yes,Yes,Yes,Yes,Female,A>C,Unknown,C57BL6
X160619_19,GSM3308976,X160619_19,8.7,Yes,Yes,Yes,Yes,Female,A>C,Unknown,C57BL6
X160619_20,GSM3308977,X160619_20,8.7,Yes,Yes,Yes,Yes,Female,A>C,Unknown,C57BL6
X160619_21,GSM3308978,X160619_21,8.7,Yes,Yes,Yes,Yes,Female,A>C,Unknown,C57BL6
X160619_22,GSM3308979,X160619_22,8.7,Yes,Yes,Yes,Yes,Female,A>C,Unknown,C57BL6
X160619_23,GSM3308980,X160619_23,8.7,Yes,Yes,Yes,Yes,Female,A>C,Unknown,C57BL6
X160619_24,GSM3308981,X160619_24,8.7,Yes,Yes,Yes,Yes,Female,A>C,Unknown,C57BL6
X160619_25,GSM3308982,X160619_25,8.7,Yes,Yes,Yes,Yes,Female,A>C,Unknown,C57BL6
X160619_26,GSM3308983,X160619_26,8.7,Yes,Yes,Yes,Yes,Female,A>C,Unknown,C57BL6
X160619_27,GSM3308984,X160619_27,8.7,Yes,Yes,Yes,Yes,Female,A>C,Unknown,C57BL6
X160619_28,GSM3308985,X160619_28,8.7,Yes,Yes,Yes,Yes,Female,A>C,Unknown,C57BL6
X160619_29,GSM3308986,X160619_29,8.7,Yes,Yes,Yes,Yes,Female,A>C,Unknown,C57BL6
X160619_30,GSM3308987,X160619_30,8.7,Yes,Yes,Yes,Yes,Female,A>C,Unknown,C57BL6
X160619_31,GSM3308988,X160619_31,8.7,Yes,Yes,Yes,Yes,Female,A>C,Unknown,C57BL6
X160619_32,GSM3308989,X160619_32,8.7,Yes,Yes,Yes,Yes,Female,A>C,Unknown,C57BL6
X160619_33,GSM3308990,X160619_33,8.7,Yes,Yes,Yes,Yes,Female,A>C,Unknown,C57BL6
X160619_34,GSM3308991,X160619_34,8.7,Yes,Yes,Yes,Yes,Female,A>C,Unknown,C57BL6
X160619_35,GSM3308992,X160619_35,8.7,Yes,Yes,Yes,Yes,Female,A>C,Unknown,C57BL6
X160619_36,GSM3308993,X160619_36,8.7,Yes,Yes,Yes,Yes,Female,A>C,Unknown,C57BL6
X160619_37,GSM3308994,X160619_37,8.7,Yes,Yes,Yes,Yes,Female,A>C,Unknown,C57BL6
X160619_38,GSM3308995,X160619_38,8.7,Yes,Yes,Yes,Yes,Female,A>C,Unknown,C57BL6
X160619_39,GSM3308996,X160619_39,8.7,Yes,Yes,Yes,Yes,Female,A>C,Unknown,C57BL6
X160619_40,GSM3308997,X160619_40,8.7,Yes,Yes,Yes,Yes,Female,A>C,Unknown,C57BL6
X160619_41,GSM3308998,X160619_41,8.7,Yes,Yes,Yes,Yes,Female,A>C,Unknown,C57BL6
X160619_42,GSM3308999,X160619_42,8.7,Yes,Yes,Yes,Yes,Female,A>C,Unknown,C57BL6
X160619_43,GSM3309000,X160619_43,8.7,Yes,Yes,Yes,Yes,Female,A>C,Unknown,C57BL6
X160619_44,GSM3309001,X160619_44,8.7,Yes,Yes,Yes,Yes,Female,A>C,Unknown,C57BL6
X160619_45,GSM3309002,X160619_45,8.7,Yes,Yes,Yes,Yes,Female,A>C,Unknown,C57BL6
X160619_46,GSM3309003,X160619_46,8.7,Yes,Yes,Yes,Yes,Female,A>C,Unknown,C57BL6
X160619_47,GSM3309004,X160619_47,8.7,Yes,Yes,Yes,Yes,Female,A>C,Unknown,C57BL6
X160619_48,GSM3309005,X160619_48,9,Yes,Yes,Yes,Yes,Female,A>C,Unknown,C57BL6
X160622_01,GSM3309006,X160622_01,9,Yes,Yes,Yes,Yes,Female,A>A,Unknown,C57BL6
X160622_02,GSM3309007,X160622_02,9,Yes,Yes,Yes,Yes,Female,A>A,Unknown,C57BL6
X160622_03,GSM3309008,X160622_03,9,Yes,Yes,Yes,Yes,Female,A>A,Unknown,C57BL6
X160622_04,GSM3309009,X160622_04,9,Yes,Yes,Yes,Yes,Female,A>A,Unknown,C57BL6
X160622_05,GSM3309010,X160622_05,9,Yes,Yes,Yes,Yes,Female,A>A,Unknown,C57BL6
X160622_06,GSM3309011,X160622_06,9,Yes,Yes,Yes,Yes,Female,A>A,Unknown,C57BL6
X160622_07,GSM3309012,X160622_07,9,Yes,Yes,Yes,Yes,Female,A>A,Unknown,C57BL6
X160622_08,GSM3309013,X160622_08,9,Yes,Yes,Yes,Yes,Female,A>A,Unknown,C57BL6
X160622_09,GSM3309014,X160622_09,9,Yes,Yes,Yes,Yes,Female,A>A,Unknown,C57BL6
X160622_10,GSM3309015,X160622_10,9,Yes,Yes,Yes,Yes,Female,A>A,Unknown,C57BL6
X160622_11,GSM3309016,X160622_11,9,Yes,Yes,Yes,Yes,Female,A>A,Unknown,C57BL6
X160622_12,GSM3309017,X160622_12,9,Yes,Yes,Yes,Yes,Female,A>A,Unknown,C57BL6
X160622_13,GSM3309018,X160622_13,9,Yes,Yes,Yes,Yes,Female,A>A,Unknown,C57BL6
X160622_14,GSM3309019,X160622_14,9,Yes,Yes,Yes,Yes,Female,A>A,Unknown,C57BL6
X160622_15,GSM3309020,X160622_15,9,Yes,Yes,Yes,Yes,Female,A>A,Unknown,C57BL6
X160622_16,GSM3309021,X160622_16,9,Yes,Yes,Yes,Yes,Female,A>A,Unknown,C57BL6
X160622_17,GSM3309022,X160622_17,9,Yes,Yes,Yes,Yes,Female,A>A,Unknown,C57BL6
X160622_18,GSM3309023,X160622_18,9,Yes,Yes,Yes,Yes,Female,A>A,Unknown,C57BL6
X160622_19,GSM3309024,X160622_19,9,Yes,Yes,Yes,Yes,Female,A>A,Unknown,C57BL6
X160622_20,GSM3309025,X160622_20,9,Yes,Yes,Yes,Yes,Female,A>A,Unknown,C57BL6
X160622_21,GSM3309026,X160622_21,9,Yes,Yes,Yes,Yes,Female,A>A,Unknown,C57BL6
X160622_22,GSM3309027,X160622_22,9,Yes,Yes,Yes,Yes,Female,A>A,Unknown,C57BL6
X160622_23,GSM3309028,X160622_23,9,Yes,Yes,Yes,Yes,Female,A>A,Unknown,C57BL6
X160622_24,GSM3309029,X160622_24,9,Yes,Yes,Yes,Yes,Female,A>A,Unknown,C57BL6
X160622_25,GSM3309030,X160622_25,9,Yes,Yes,Yes,Yes,Female,A>A,Unknown,C57BL6
X160622_26,GSM3309031,X160622_26,9,Yes,Yes,Yes,Yes,Female,A>A,Unknown,C57BL6
X160622_27,GSM3309032,X160622_27,9,Yes,Yes,Yes,Yes,Female,A>A,Unknown,C57BL6
X160622_28,GSM3309033,X160622_28,9,Yes,Yes,Yes,Yes,Female,A>A,Unknown,C57BL6
X160622_29,GSM3309034,X160622_29,9,Yes,Yes,Yes,Yes,Female,A>A,Unknown,C57BL6
X160622_30,GSM3309035,X160622_30,9,Yes,Yes,Yes,Yes,Female,A>A,Unknown,C57BL6
X160622_31,GSM3309036,X160622_31,9,Yes,Yes,Yes,Yes,Female,A>A,Unknown,C57BL6
X160622_32,GSM3309037,X160622_32,9,Yes,Yes,Yes,Yes,Female,A>A,Unknown,C57BL6
X160622_33,GSM3309038,X160622_33,9,Yes,Yes,Yes,Yes,Female,A>A,Unknown,C57BL6
X160622_34,GSM3309039,X160622_34,9,Yes,Yes,Yes,Yes,Female,A>A,Unknown,C57BL6
X160622_35,GSM3309040,X160622_35,9,Yes,Yes,Yes,Yes,Female,A>A,Unknown,C57BL6
X160622_36,GSM3309041,X160622_36,9,Yes,Yes,Yes,Yes,Female,A>A,Unknown,C57BL6
X160622_37,GSM3309042,X160622_37,9,Yes,Yes,Yes,Yes,Female,A>A,Unknown,C57BL6
X160622_38,GSM3309043,X160622_38,9,Yes,Yes,Yes,Yes,Female,A>A,Unknown,C57BL6
X160622_39,GSM3309044,X160622_39,9,Yes,Yes,Yes,Yes,Female,A>A,Unknown,C57BL6
X160622_40,GSM3309045,X160622_40,9,Yes,Yes,Yes,Yes,Female,A>A,Unknown,C57BL6
X160622_41,GSM3309046,X160622_41,9,Yes,Yes,Yes,Yes,Female,A>A,Unknown,C57BL6
X160622_42,GSM3309047,X160622_42,9,Yes,Yes,Yes,Yes,Female,A>A,Unknown,C57BL6
X160622_43,GSM3309048,X160622_43,9,Yes,Yes,Yes,Yes,Female,A>A,Unknown,C57BL6
X160622_44,GSM3309049,X160622_44,9,Yes,Yes,Yes,Yes,Female,A>A,Unknown,C57BL6
X160622_45,GSM3309050,X160622_45,9,Yes,Yes,Yes,Yes,Female,A>A,Unknown,C57BL6
X160622_46,GSM3309051,X160622_46,9,Yes,Yes,Yes,Yes,Female,A>A,Unknown,C57BL6
X160622_47,GSM3309052,X160622_47,9,Yes,Yes,Yes,Yes,Female,A>A,Unknown,C57BL6
X160622_48,GSM3309053,X160622_48,9,Yes,Yes,Yes,Yes,Female,A>A,Unknown,C57BL6
X161121_01,GSM3309054,X161121_01,9,Yes,Yes,No,Yes,Female,4hr,Unknown,C57BL6
X161121_02,GSM3309055,X161121_02,9,Yes,Yes,No,Yes,Female,4hr,Unknown,C57BL6
X161121_03,GSM3309056,X161121_03,9,Yes,Yes,No,Yes,Female,4hr,Unknown,C57BL6
X161121_04,GSM3309057,X161121_04,9,Yes,Yes,No,Yes,Female,4hr,Unknown,C57BL6
X161121_05,GSM3309058,X161121_05,9,Yes,Yes,No,Yes,Female,4hr,Unknown,C57BL6
X161121_06,GSM3309059,X161121_06,9,Yes,Yes,No,Yes,Female,4hr,Unknown,C57BL6
X161121_07,GSM3309060,X161121_07,9,Yes,Yes,No,Yes,Female,4hr,Unknown,C57BL6
X161121_08,GSM3309061,X161121_08,9,Yes,Yes,No,Yes,Female,4hr,Unknown,C57BL6
X161121_09,GSM3309062,X161121_09,9,Yes,Yes,No,Yes,Female,4hr,Unknown,C57BL6
X161121_10,GSM3309063,X161121_10,9,Yes,Yes,No,Yes,Female,4hr,Unknown,C57BL6
X161121_11,GSM3309064,X161121_11,9,Yes,Yes,No,Yes,Female,4hr,Unknown,C57BL6
X161121_12,GSM3309065,X161121_12,9,Yes,Yes,No,Yes,Female,4hr,Unknown,C57BL6
X161121_13,GSM3309066,X161121_13,9,Yes,Yes,No,Yes,Female,4hr,Unknown,C57BL6
X161121_14,GSM3309067,X161121_14,9,Yes,Yes,No,Yes,Female,4hr,Unknown,C57BL6
X161121_15,GSM3309068,X161121_15,9,Yes,Yes,No,Yes,Female,4hr,Unknown,C57BL6
X161121_16,GSM3309069,X161121_16,9,Yes,Yes,No,Yes,Female,4hr,Unknown,C57BL6
X161121_17,GSM3309070,X161121_17,9,Yes,Yes,No,Yes,Female,4hr,Unknown,C57BL6
X161121_18,GSM3309071,X161121_18,9,Yes,Yes,No,Yes,Female,4hr,Unknown,C57BL6
X161121_19,GSM3309072,X161121_19,9,Yes,Yes,No,Yes,Female,4hr,Unknown,C57BL6
X161121_20,GSM3309073,X161121_20,9,Yes,Yes,No,Yes,Female,4hr,Unknown,C57BL6
X161121_21,GSM3309074,X161121_21,9,Yes,Yes,No,Yes,Female,4hr,Unknown,C57BL6
X161121_22,GSM3309075,X161121_22,9,Yes,Yes,No,Yes,Female,4hr,Unknown,C57BL6
X161121_23,GSM3309076,X161121_23,9,Yes,Yes,No,Yes,Female,4hr,Unknown,C57BL6
X161121_24,GSM3309077,X161121_24,9,Yes,Yes,No,Yes,Female,4hr,Unknown,C57BL6
X161121_25,GSM3309078,X161121_25,9,Yes,Yes,No,Yes,Female,4hr,Unknown,C57BL6
X161121_26,GSM3309079,X161121_26,9,Yes,Yes,No,Yes,Female,4hr,Unknown,C57BL6
X161121_27,GSM3309080,X161121_27,9,Yes,Yes,No,Yes,Female,4hr,Unknown,C57BL6
X161121_28,GSM3309081,X161121_28,9,Yes,Yes,No,Yes,Female,4hr,Unknown,C57BL6
X161121_29,GSM3309082,X161121_29,9,Yes,Yes,No,Yes,Female,4hr,Unknown,C57BL6
X161121_30,GSM3309083,X161121_30,9,Yes,Yes,No,Yes,Female,4hr,Unknown,C57BL6
X161121_31,GSM3309084,X161121_31,9,Yes,Yes,No,Yes,Female,4hr,Unknown,C57BL6
X161121_32,GSM3309085,X161121_32,9,Yes,Yes,No,Yes,Female,4hr,Unknown,C57BL6
X161121_33,GSM3309086,X161121_33,9,Yes,Yes,No,Yes,Female,4hr,Unknown,C57BL6
X161121_34,GSM3309087,X161121_34,9,Yes,Yes,No,Yes,Female,4hr,Unknown,C57BL6
X161121_35,GSM3309088,X161121_35,9,Yes,Yes,No,Yes,Female,4hr,Unknown,C57BL6
X161121_36,GSM3309089,X161121_36,9,Yes,Yes,No,Yes,Female,4hr,Unknown,C57BL6
X161121_37,GSM3309090,X161121_37,9,Yes,Yes,No,Yes,Female,4hr,Unknown,C57BL6
X161121_38,GSM3309091,X161121_38,9,Yes,Yes,No,Yes,Female,4hr,Unknown,C57BL6
X161121_39,GSM3309092,X161121_39,9,Yes,Yes,No,Yes,Female,4hr,Unknown,C57BL6
X161121_40,GSM3309093,X161121_40,9,Yes,Yes,No,Yes,Female,4hr,Unknown,C57BL6
X161121_41,GSM3309094,X161121_41,9,Yes,Yes,No,Yes,Female,4hr,Unknown,C57BL6
X161121_42,GSM3309095,X161121_42,9,Yes,Yes,No,Yes,Female,4hr,Unknown,C57BL6
X161121_43,GSM3309096,X161121_43,9,Yes,Yes,No,Yes,Female,4hr,Unknown,C57BL6
X161121_44,GSM3309097,X161121_44,9,Yes,Yes,No,Yes,Female,4hr,Unknown,C57BL6
X161121_45,GSM3309098,X161121_45,9,Yes,Yes,No,Yes,Female,4hr,Unknown,C57BL6
X161121_46,GSM3309099,X161121_46,9,Yes,Yes,No,Yes,Female,4hr,Unknown,C57BL6
X161121_47,GSM3309100,X161121_47,9,Yes,Yes,No,Yes,Female,4hr,Unknown,C57BL6
X161121_48,GSM3309101,X161121_48,8.875,Yes,Yes,No,Yes,Female,4hr,Unknown,C57BL6
X161209_04,GSM3309102,X161209_04,8.875,Yes,Yes,No,Yes,Female,A>A,Unknown,C57BL6
X161209_05,GSM3309103,X161209_05,8.875,Yes,Yes,No,Yes,Female,A>A,Unknown,C57BL6
X161209_06,GSM3309104,X161209_06,8.875,Yes,Yes,No,Yes,Female,A>A,Unknown,C57BL6
X161209_10,GSM3309105,X161209_10,8.875,Yes,Yes,No,Yes,Female,A>A,Unknown,C57BL6
X161209_11,GSM3309106,X161209_11,8.875,Yes,Yes,No,Yes,Female,A>A,Unknown,C57BL6
X161209_12,GSM3309107,X161209_12,8.875,Yes,Yes,No,Yes,Female,A>A,Unknown,C57BL6
X161209_16,GSM3309108,X161209_16,8.875,Yes,Yes,No,Yes,Female,A>A,Unknown,C57BL6
X161209_17,GSM3309109,X161209_17,8.875,Yes,Yes,No,Yes,Female,A>A,Unknown,C57BL6
X161209_18,GSM3309110,X161209_18,8.875,Yes,Yes,No,Yes,Female,A>A,Unknown,C57BL6
X161209_22,GSM3309111,X161209_22,8.875,Yes,Yes,No,Yes,Female,A>A,Unknown,C57BL6
X161209_23,GSM3309112,X161209_23,8.875,Yes,Yes,No,Yes,Female,A>A,Unknown,C57BL6
X161209_24,GSM3309113,X161209_24,8.875,Yes,Yes,No,Yes,Female,A>A,Unknown,C57BL6
X161209_28,GSM3309114,X161209_28,8.875,Yes,Yes,No,Yes,Female,A>A,Unknown,C57BL6
X161209_29,GSM3309115,X161209_29,8.875,Yes,Yes,No,Yes,Female,A>A,Unknown,C57BL6
X161209_30,GSM3309116,X161209_30,8.875,Yes,Yes,No,Yes,Female,A>A,Unknown,C57BL6
X161209_34,GSM3309117,X161209_34,8.875,Yes,Yes,No,Yes,Female,A>A,Unknown,C57BL6
X161209_35,GSM3309118,X161209_35,8.875,Yes,Yes,No,Yes,Female,A>A,Unknown,C57BL6
X161209_36,GSM3309119,X161209_36,8.875,Yes,Yes,No,Yes,Female,A>A,Unknown,C57BL6
X161209_40,GSM3309120,X161209_40,8.875,Yes,Yes,No,Yes,Female,A>A,Unknown,C57BL6
X161209_41,GSM3309121,X161209_41,8.875,Yes,Yes,No,Yes,Female,A>A,Unknown,C57BL6
X161209_42,GSM3309122,X161209_42,8.875,Yes,Yes,No,Yes,Female,A>A,Unknown,C57BL6
X161209_46,GSM3309123,X161209_46,8.875,Yes,Yes,No,Yes,Female,A>A,Unknown,C57BL6
X161209_47,GSM3309124,X161209_47,8.875,Yes,Yes,No,Yes,Female,A>A,Unknown,C57BL6
X161209_48,GSM3309125,X161209_48,8.875,Yes,Yes,No,Yes,Female,A>A,Unknown,C57BL6
X170113_01,GSM3309126,X170113_01,8.875,Yes,Yes,No,Yes,Female,4hr,Unknown,C57BL6
X170113_02,GSM3309127,X170113_02,8.875,Yes,Yes,No,Yes,Female,4hr,Unknown,C57BL6
X170113_03,GSM3309128,X170113_03,8.875,Yes,Yes,No,Yes,Female,4hr,Unknown,C57BL6
X170113_04,GSM3309129,X170113_04,8.875,Yes,Yes,No,Yes,Female,4hr,Unknown,C57BL6
X170113_05,GSM3309130,X170113_05,8.875,Yes,Yes,No,Yes,Female,A>A,Unknown,C57BL6
X170113_06,GSM3309131,X170113_06,8.875,Yes,Yes,No,Yes,Female,A>A,Unknown,C57BL6
X170113_07,GSM3309132,X170113_07,8.875,Yes,Yes,No,Yes,Female,4hr,Unknown,C57BL6
X170113_08,GSM3309133,X170113_08,8.875,Yes,Yes,No,Yes,Female,4hr,Unknown,C57BL6
X170113_09,GSM3309134,X170113_09,8.875,Yes,Yes,No,Yes,Female,4hr,Unknown,C57BL6
X170113_10,GSM3309135,X170113_10,8.875,Yes,Yes,No,Yes,Female,4hr,Unknown,C57BL6
X170113_11,GSM3309136,X170113_11,8.875,Yes,Yes,No,Yes,Female,A>A,Unknown,C57BL6
X170113_12,GSM3309137,X170113_12,8.875,Yes,Yes,No,Yes,Female,A>A,Unknown,C57BL6
X170113_13,GSM3309138,X170113_13,8.875,Yes,Yes,No,Yes,Female,4hr,Unknown,C57BL6
X170113_14,GSM3309139,X170113_14,8.875,Yes,Yes,No,Yes,Female,4hr,Unknown,C57BL6
X170113_15,GSM3309140,X170113_15,8.875,Yes,Yes,No,Yes,Female,4hr,Unknown,C57BL6
X170113_16,GSM3309141,X170113_16,8.875,Yes,Yes,No,Yes,Female,A>A,Unknown,C57BL6
X170113_17,GSM3309142,X170113_17,8.875,Yes,Yes,No,Yes,Female,A>A,Unknown,C57BL6
X170113_18,GSM3309143,X170113_18,8.875,Yes,Yes,No,Yes,Female,A>A,Unknown,C57BL6
X170113_19,GSM3309144,X170113_19,8.875,Yes,Yes,No,Yes,Female,4hr,Unknown,C57BL6
X170113_20,GSM3309145,X170113_20,8.875,Yes,Yes,No,Yes,Female,4hr,Unknown,C57BL6
X170113_21,GSM3309146,X170113_21,8.875,Yes,Yes,No,Yes,Female,4hr,Unknown,C57BL6
X170113_22,GSM3309147,X170113_22,8.875,Yes,Yes,No,Yes,Female,A>A,Unknown,C57BL6
X170113_23,GSM3309148,X170113_23,8.875,Yes,Yes,No,Yes,Female,A>A,Unknown,C57BL6
X170113_24,GSM3309149,X170113_24,7.75,Yes,Yes,No,Yes,Female,A>A,Unknown,C57BL6
X170113_25,GSM3309150,X170113_25,7.75,Yes,Yes,No,Yes,Female,4hr,Unknown,C57BL6
X170113_26,GSM3309151,X170113_26,7.75,Yes,Yes,No,Yes,Female,4hr,Unknown,C57BL6
X170113_27,GSM3309152,X170113_27,7.75,Yes,Yes,No,Yes,Female,4hr,Unknown,C57BL6
X170113_28,GSM3309153,X170113_28,7.75,Yes,Yes,No,Yes,Female,A>A,Unknown,C57BL6
X170113_29,GSM3309154,X170113_29,7.75,Yes,Yes,No,Yes,Female,A>A,Unknown,C57BL6
X170113_30,GSM3309155,X170113_30,7.75,Yes,Yes,No,Yes,Female,A>A,Unknown,C57BL6
X170113_31,GSM3309156,X170113_31,7.75,Yes,Yes,No,Yes,Female,4hr,Unknown,C57BL6
X170113_32,GSM3309157,X170113_32,7.75,Yes,Yes,No,Yes,Female,4hr,Unknown,C57BL6
X170113_33,GSM3309158,X170113_33,7.75,Yes,Yes,No,Yes,Female,4hr,Unknown,C57BL6
X170113_34,GSM3309159,X170113_34,7.75,Yes,Yes,No,Yes,Female,A>A,Unknown,C57BL6
X170113_35,GSM3309160,X170113_35,7.75,Yes,Yes,No,Yes,Female,A>A,Unknown,C57BL6
X170113_36,GSM3309161,X170113_36,7.75,Yes,Yes,No,Yes,Female,A>A,Unknown,C57BL6
X170113_37,GSM3309162,X170113_37,7.75,Yes,Yes,No,Yes,Female,4hr,Unknown,C57BL6
X170113_38,GSM3309163,X170113_38,7.75,Yes,Yes,No,Yes,Female,4hr,Unknown,C57BL6
X170113_39,GSM3309164,X170113_39,7.75,Yes,Yes,No,Yes,Female,4hr,Unknown,C57BL6
X170113_40,GSM3309165,X170113_40,7.75,Yes,Yes,No,Yes,Female,A>A,Unknown,C57BL6
X170113_41,GSM3309166,X170113_41,7.75,Yes,Yes,No,Yes,Female,A>A,Unknown,C57BL6
X170113_42,GSM3309167,X170113_42,7.75,Yes,Yes,No,Yes,Female,A>A,Unknown,C57BL6
X170113_43,GSM3309168,X170113_43,8.57,Yes,Yes,No,Yes,Female,4hr,Unknown,C57BL6
X170113_44,GSM3309169,X170113_44,8.57,Yes,Yes,No,Yes,Female,4hr,Unknown,C57BL6
X170113_45,GSM3309170,X170113_45,8.57,Yes,Yes,No,Yes,Female,4hr,Unknown,C57BL6
X170113_46,GSM3309171,X170113_46,8.57,Yes,Yes,No,Yes,Female,A>A,Unknown,C57BL6
X170113_47,GSM3309172,X170113_47,8.57,Yes,Yes,No,Yes,Female,A>A,Unknown,C57BL6
X170113_48,GSM3309173,X170113_48,8.85,Yes,Yes,No,Yes,Female,A>A,Unknown,C57BL6
X170224_01,GSM3309174,X170224_01,8.85,Yes,Yes,No,Yes,Female,5hr,Unknown,C57BL6
X170224_02,GSM3309175,X170224_02,8.85,Yes,Yes,No,Yes,Female,5hr,Unknown,C57BL6
X170224_03,GSM3309176,X170224_03,8.85,Yes,Yes,No,Yes,Female,5hr,Unknown,C57BL6
X170224_04,GSM3309177,X170224_04,8.85,Yes,Yes,No,Yes,Female,5hr,Unknown,C57BL6
X170224_05,GSM3309178,X170224_05,8.85,Yes,Yes,No,Yes,Female,5hr,Unknown,C57BL6
X170224_06,GSM3309179,X170224_06,8.85,Yes,Yes,No,Yes,Female,5hr,Unknown,C57BL6
X170224_07,GSM3309180,X170224_07,8.85,Yes,Yes,No,Yes,Female,5hr,Unknown,C57BL6
X170224_08,GSM3309181,X170224_08,8.85,Yes,Yes,No,Yes,Female,5hr,Unknown,C57BL6
X170224_09,GSM3309182,X170224_09,8.85,Yes,Yes,No,Yes,Female,5hr,Unknown,C57BL6
X170224_10,GSM3309183,X170224_10,8.85,Yes,Yes,No,Yes,Female,5hr,Unknown,C57BL6
X170224_11,GSM3309184,X170224_11,8.85,Yes,Yes,No,Yes,Female,5hr,Unknown,C57BL6
X170224_12,GSM3309185,X170224_12,8.85,Yes,Yes,No,Yes,Female,5hr,Unknown,C57BL6
X170224_13,GSM3309186,X170224_13,8.85,Yes,Yes,No,Yes,Female,5hr,Unknown,C57BL6
X170224_14,GSM3309187,X170224_14,8.85,Yes,Yes,No,Yes,Female,5hr,Unknown,C57BL6
X170224_15,GSM3309188,X170224_15,8.85,Yes,Yes,No,Yes,Female,5hr,Unknown,C57BL6
X170224_16,GSM3309189,X170224_16,8.85,Yes,Yes,No,Yes,Female,5hr,Unknown,C57BL6
X170224_17,GSM3309190,X170224_17,8.85,Yes,Yes,No,Yes,Female,5hr,Unknown,C57BL6
X170224_18,GSM3309191,X170224_18,8.85,Yes,Yes,No,Yes,Female,5hr,Unknown,C57BL6
X170224_19,GSM3309192,X170224_19,8.85,Yes,Yes,No,Yes,Female,5hr,Unknown,C57BL6
X170224_20,GSM3309193,X170224_20,8.85,Yes,Yes,No,Yes,Female,5hr,Unknown,C57BL6
X170224_21,GSM3309194,X170224_21,8.85,Yes,Yes,No,Yes,Female,5hr,Unknown,C57BL6
X170224_22,GSM3309195,X170224_22,8.85,Yes,Yes,No,Yes,Female,5hr,Unknown,C57BL6
X170224_23,GSM3309196,X170224_23,8.85,Yes,Yes,No,Yes,Female,5hr,Unknown,C57BL6
X170224_24,GSM3309197,X170224_24,8.85,Yes,Yes,No,Yes,Female,5hr,Unknown,C57BL6
X170224_25,GSM3309198,X170224_25,8.85,Yes,Yes,No,Yes,Female,5hr,Unknown,C57BL6
X170224_26,GSM3309199,X170224_26,8.85,Yes,Yes,No,Yes,Female,5hr,Unknown,C57BL6
X170224_27,GSM3309200,X170224_27,8.85,Yes,Yes,No,Yes,Female,5hr,Unknown,C57BL6
X170224_28,GSM3309201,X170224_28,8.85,Yes,Yes,No,Yes,Female,5hr,Unknown,C57BL6
X170224_29,GSM3309202,X170224_29,8.85,Yes,Yes,No,Yes,Female,5hr,Unknown,C57BL6
X170224_30,GSM3309203,X170224_30,8.85,Yes,Yes,No,Yes,Female,5hr,Unknown,C57BL6
X170224_31,GSM3309204,X170224_31,8.85,Yes,Yes,No,Yes,Female,5hr,Unknown,C57BL6
X170224_32,GSM3309205,X170224_32,8.85,Yes,Yes,No,Yes,Female,5hr,Unknown,C57BL6
X170224_33,GSM3309206,X170224_33,8.85,Yes,Yes,No,Yes,Female,5hr,Unknown,C57BL6
X170224_34,GSM3309207,X170224_34,8.85,Yes,Yes,No,Yes,Female,5hr,Unknown,C57BL6
X170224_35,GSM3309208,X170224_35,8.85,Yes,Yes,No,Yes,Female,5hr,Unknown,C57BL6
X170224_36,GSM3309209,X170224_36,8.85,Yes,Yes,No,Yes,Female,5hr,Unknown,C57BL6
X170224_37,GSM3309210,X170224_37,8.85,Yes,Yes,No,Yes,Female,5hr,Unknown,C57BL6
X170224_38,GSM3309211,X170224_38,8.85,Yes,Yes,No,Yes,Female,5hr,Unknown,C57BL6
X170224_39,GSM3309212,X170224_39,8.85,Yes,Yes,No,Yes,Female,5hr,Unknown,C57BL6
X170224_40,GSM3309213,X170224_40,8.85,Yes,Yes,No,Yes,Female,5hr,Unknown,C57BL6
X170224_41,GSM3309214,X170224_41,8.85,Yes,Yes,No,Yes,Female,5hr,Unknown,C57BL6
X170224_42,GSM3309215,X170224_42,8.85,Yes,Yes,No,Yes,Female,5hr,Unknown,C57BL6
X170224_43,GSM3309216,X170224_43,8.85,Yes,Yes,No,Yes,Female,5hr,Unknown,C57BL6
X170224_44,GSM3309217,X170224_44,8.85,Yes,Yes,No,Yes,Female,5hr,Unknown,C57BL6
X170224_45,GSM3309218,X170224_45,8.85,Yes,Yes,No,Yes,Female,5hr,Unknown,C57BL6
X170224_46,GSM3309219,X170224_46,8.85,Yes,Yes,No,Yes,Female,5hr,Unknown,C57BL6
X170224_47,GSM3309220,X170224_47,8.85,Yes,Yes,No,Yes,Female,5hr,Unknown,C57BL6
X170224_48,GSM3309221,X170224_48,8.85,Yes,Yes,No,Yes,Female,5hr,Unknown,C57BL6
X170525_01,GSM3309222,X170525_01,8.85,Yes,Yes,Yes,Yes,Female,A>A,Unknown,C57BL6
X170525_02,GSM3309223,X170525_02,8.85,Yes,Yes,Yes,Yes,Female,A>A,Unknown,C57BL6
X170525_03,GSM3309224,X170525_03,8.85,Yes,Yes,Yes,Yes,Female,A>A,Unknown,C57BL6
X170525_04,GSM3309225,X170525_04,8.85,Yes,Yes,Yes,Yes,Female,A>A,Unknown,C57BL6
X170525_05,GSM3309226,X170525_05,8.85,Yes,Yes,Yes,Yes,Female,A>A,Unknown,C57BL6
X170525_06,GSM3309227,X170525_06,8.85,Yes,Yes,Yes,Yes,Female,A>A,Unknown,C57BL6
X170525_07,GSM3309228,X170525_07,8.85,Yes,Yes,Yes,Yes,Female,A>A,Unknown,C57BL6
X170525_08,GSM3309229,X170525_08,8.85,Yes,Yes,Yes,Yes,Female,A>A,Unknown,C57BL6
X170525_09,GSM3309230,X170525_09,8.85,Yes,Yes,Yes,Yes,Female,A>A,Unknown,C57BL6
X170525_10,GSM3309231,X170525_10,8.85,Yes,Yes,Yes,Yes,Female,A>A,Unknown,C57BL6
X170525_11,GSM3309232,X170525_11,8.85,Yes,Yes,Yes,Yes,Female,A>A,Unknown,C57BL6
X170525_12,GSM3309233,X170525_12,8.85,Yes,Yes,Yes,Yes,Female,A>A,Unknown,C57BL6
X170525_13,GSM3309234,X170525_13,8.85,Yes,Yes,Yes,Yes,Female,A>A,Unknown,C57BL6
X170525_14,GSM3309235,X170525_14,8.85,Yes,Yes,Yes,Yes,Female,A>A,Unknown,C57BL6
X170525_15,GSM3309236,X170525_15,8.85,Yes,Yes,Yes,Yes,Female,A>A,Unknown,C57BL6
X170525_16,GSM3309237,X170525_16,8.85,Yes,Yes,Yes,Yes,Female,A>A,Unknown,C57BL6
X170525_17,GSM3309238,X170525_17,8.85,Yes,Yes,Yes,Yes,Female,A>A,Unknown,C57BL6
X170525_18,GSM3309239,X170525_18,8.85,Yes,Yes,Yes,Yes,Female,A>A,Unknown,C57BL6
X170525_19,GSM3309240,X170525_19,8.85,Yes,Yes,Yes,Yes,Female,A>A,Unknown,C57BL6
X170525_20,GSM3309241,X170525_20,8.85,Yes,Yes,Yes,Yes,Female,A>A,Unknown,C57BL6
X170525_21,GSM3309242,X170525_21,8.85,Yes,Yes,Yes,Yes,Female,A>A,Unknown,C57BL6
X170525_22,GSM3309243,X170525_22,8.85,Yes,Yes,Yes,Yes,Female,A>A,Unknown,C57BL6
X170525_23,GSM3309244,X170525_23,8.85,Yes,Yes,Yes,Yes,Female,A>A,Unknown,C57BL6
X170525_24,GSM3309245,X170525_24,8.85,Yes,Yes,Yes,Yes,Female,A>A,Unknown,C57BL6
X170525_25,GSM3309246,X170525_25,8.85,Yes,Yes,No,Yes,Female,A>A,Unknown,C57BL6
X170525_26,GSM3309247,X170525_26,8.85,Yes,Yes,No,Yes,Female,A>A,Unknown,C57BL6
X170525_27,GSM3309248,X170525_27,8.85,Yes,Yes,No,Yes,Female,A>A,Unknown,C57BL6
X170525_28,GSM3309249,X170525_28,8.85,Yes,Yes,No,Yes,Female,A>A,Unknown,C57BL6
X170525_29,GSM3309250,X170525_29,8.85,Yes,Yes,No,Yes,Female,A>A,Unknown,C57BL6
X170525_30,GSM3309251,X170525_30,8.85,Yes,Yes,No,Yes,Female,A>A,Unknown,C57BL6
X170525_31,GSM3309252,X170525_31,8.85,Yes,Yes,No,Yes,Female,A>A,Unknown,C57BL6
X170525_32,GSM3309253,X170525_32,8.85,Yes,Yes,No,Yes,Female,A>A,Unknown,C57BL6
X170525_33,GSM3309254,X170525_33,8.85,Yes,Yes,No,Yes,Female,A>A,Unknown,C57BL6
X170525_34,GSM3309255,X170525_34,8.85,Yes,Yes,No,Yes,Female,A>A,Unknown,C57BL6
X170525_35,GSM3309256,X170525_35,8.85,Yes,Yes,No,Yes,Female,A>A,Unknown,C57BL6
X170525_36,GSM3309257,X170525_36,8.85,Yes,Yes,No,Yes,Female,A>A,Unknown,C57BL6
X170525_37,GSM3309258,X170525_37,8.85,Yes,Yes,No,Yes,Female,A>A,Unknown,C57BL6
X170525_38,GSM3309259,X170525_38,8.85,Yes,Yes,No,Yes,Female,A>A,Unknown,C57BL6
X170525_39,GSM3309260,X170525_39,8.85,Yes,Yes,No,Yes,Female,A>A,Unknown,C57BL6
X170525_40,GSM3309261,X170525_40,8.85,Yes,Yes,No,Yes,Female,A>A,Unknown,C57BL6
X170525_41,GSM3309262,X170525_41,8.85,Yes,Yes,No,Yes,Female,A>A,Unknown,C57BL6
X170525_42,GSM3309263,X170525_42,8.85,Yes,Yes,No,Yes,Female,A>A,Unknown,C57BL6
X170525_43,GSM3309264,X170525_43,8.85,Yes,Yes,No,Yes,Female,A>A,Unknown,C57BL6
X170525_44,GSM3309265,X170525_44,8.85,Yes,Yes,No,Yes,Female,A>A,Unknown,C57BL6
X170525_45,GSM3309266,X170525_45,8.85,Yes,Yes,No,Yes,Female,A>A,Unknown,C57BL6
X170525_46,GSM3309267,X170525_46,8.85,Yes,Yes,No,Yes,Female,A>A,Unknown,C57BL6
X170525_47,GSM3309268,X170525_47,8.85,Yes,Yes,No,Yes,Female,A>A,Unknown,C57BL6
X170525_48,GSM3309269,X170525_48,8.85,Yes,Yes,No,Yes,Female,A>A,Unknown,C57BL6
X170525_49,GSM3309270,X170525_49,8.85,Yes,Yes,Yes,Yes,Female,A>A,Unknown,C57BL6
X170525_50,GSM3309271,X170525_50,8.85,Yes,Yes,Yes,Yes,Female,A>A,Unknown,C57BL6
X170525_51,GSM3309272,X170525_51,8.85,Yes,Yes,Yes,Yes,Female,A>A,Unknown,C57BL6
X170525_52,GSM3309273,X170525_52,8.85,Yes,Yes,Yes,Yes,Female,A>A,Unknown,C57BL6
X170525_53,GSM3309274,X170525_53,8.85,Yes,Yes,Yes,Yes,Female,A>A,Unknown,C57BL6
X170525_54,GSM3309275,X170525_54,8.85,Yes,Yes,Yes,Yes,Female,A>A,Unknown,C57BL6
X170525_55,GSM3309276,X170525_55,8.85,Yes,Yes,Yes,Yes,Female,A>A,Unknown,C57BL6
X170525_56,GSM3309277,X170525_56,8.85,Yes,Yes,Yes,Yes,Female,A>A,Unknown,C57BL6
X170525_57,GSM3309278,X170525_57,8.85,Yes,Yes,Yes,Yes,Female,A>A,Unknown,C57BL6
X170525_58,GSM3309279,X170525_58,8.85,Yes,Yes,Yes,Yes,Female,A>A,Unknown,C57BL6
X170525_59,GSM3309280,X170525_59,8.85,Yes,Yes,Yes,Yes,Female,A>A,Unknown,C57BL6
X170525_60,GSM3309281,X170525_60,8.85,Yes,Yes,Yes,Yes,Female,A>A,Unknown,C57BL6
X170525_61,GSM3309282,X170525_61,8.85,Yes,Yes,Yes,Yes,Female,A>A,Unknown,C57BL6
X170525_62,GSM3309283,X170525_62,8.85,Yes,Yes,Yes,Yes,Female,A>A,Unknown,C57BL6
X170525_63,GSM3309284,X170525_63,8.85,Yes,Yes,Yes,Yes,Female,A>A,Unknown,C57BL6
X170525_64,GSM3309285,X170525_64,8.85,Yes,Yes,Yes,Yes,Female,A>A,Unknown,C57BL6
X170525_65,GSM3309286,X170525_65,8.85,Yes,Yes,Yes,Yes,Female,A>A,Unknown,C57BL6
X170525_66,GSM3309287,X170525_66,8.85,Yes,Yes,Yes,Yes,Female,A>A,Unknown,C57BL6
X170525_67,GSM3309288,X170525_67,8.85,Yes,Yes,Yes,Yes,Female,A>A,Unknown,C57BL6
X170525_68,GSM3309289,X170525_68,8.85,Yes,Yes,Yes,Yes,Female,A>A,Unknown,C57BL6
X170525_69,GSM3309290,X170525_69,8.85,Yes,Yes,Yes,Yes,Female,A>A,Unknown,C57BL6
X170525_70,GSM3309291,X170525_70,8.85,Yes,Yes,Yes,Yes,Female,A>A,Unknown,C57BL6
X170525_71,GSM3309292,X170525_71,8.85,Yes,Yes,Yes,Yes,Female,A>A,Unknown,C57BL6
X170525_72,GSM3309293,X170525_72,8.85,Yes,Yes,Yes,Yes,Female,A>A,Unknown,C57BL6
X170525_73,GSM3309294,X170525_73,8.85,Yes,Yes,No,Yes,Female,A>A,Unknown,C57BL6
X170525_74,GSM3309295,X170525_74,8.85,Yes,Yes,No,Yes,Female,A>A,Unknown,C57BL6
X170525_75,GSM3309296,X170525_75,8.85,Yes,Yes,No,Yes,Female,A>A,Unknown,C57BL6
X170525_76,GSM3309297,X170525_76,8.85,Yes,Yes,No,Yes,Female,A>A,Unknown,C57BL6
X170525_77,GSM3309298,X170525_77,8.85,Yes,Yes,No,Yes,Female,A>A,Unknown,C57BL6
X170525_78,GSM3309299,X170525_78,8.85,Yes,Yes,No,Yes,Female,A>A,Unknown,C57BL6
X170525_79,GSM3309300,X170525_79,8.85,Yes,Yes,No,Yes,Female,A>A,Unknown,C57BL6
X170525_80,GSM3309301,X170525_80,8.85,Yes,Yes,No,Yes,Female,A>A,Unknown,C57BL6
X170525_81,GSM3309302,X170525_81,8.85,Yes,Yes,No,Yes,Female,A>A,Unknown,C57BL6
X170525_82,GSM3309303,X170525_82,8.85,Yes,Yes,No,Yes,Female,A>A,Unknown,C57BL6
X170525_83,GSM3309304,X170525_83,8.85,Yes,Yes,No,Yes,Female,A>A,Unknown,C57BL6
X170525_84,GSM3309305,X170525_84,8.85,Yes,Yes,No,Yes,Female,A>A,Unknown,C57BL6
X170525_85,GSM3309306,X170525_85,8.85,Yes,Yes,No,Yes,Female,A>A,Unknown,C57BL6
X170525_86,GSM3309307,X170525_86,8.85,Yes,Yes,No,Yes,Female,A>A,Unknown,C57BL6
X170525_87,GSM3309308,X170525_87,8.85,Yes,Yes,No,Yes,Female,A>A,Unknown,C57BL6
X170525_88,GSM3309309,X170525_88,8.85,Yes,Yes,No,Yes,Female,A>A,Unknown,C57BL6
X170525_89,GSM3309310,X170525_89,8.85,Yes,Yes,No,Yes,Female,A>A,Unknown,C57BL6
X170525_90,GSM3309311,X170525_90,8.85,Yes,Yes,No,Yes,Female,A>A,Unknown,C57BL6
X170525_91,GSM3309312,X170525_91,8.85,Yes,Yes,No,Yes,Female,A>A,Unknown,C57BL6
X170525_92,GSM3309313,X170525_92,8.85,Yes,Yes,No,Yes,Female,A>A,Unknown,C57BL6
X170525_93,GSM3309314,X170525_93,8.85,Yes,Yes,No,Yes,Female,A>A,Unknown,C57BL6
X170525_94,GSM3309315,X170525_94,8.85,Yes,Yes,No,Yes,Female,A>A,Unknown,C57BL6
X170525_95,GSM3309316,X170525_95,8.85,Yes,Yes,No,Yes,Female,A>A,Unknown,C57BL6
X170525_96,GSM3309317,X170525_96,8.85,Yes,Yes,No,Yes,Female,A>A,Unknown,C57BL6
X021618_01,GSM3309318,X021618_01,8.85,Yes,Yes,No,Yes,Female,A>A,Unknown,C57BL6
X021618_02,GSM3309319,X021618_02,8.85,Yes,Yes,No,Yes,Female,A>A,Unknown,C57BL6
X021618_03,GSM3309320,X021618_03,8.85,Yes,Yes,No,Yes,Female,A>A,Unknown,C57BL6
X021618_04,GSM3309321,X021618_04,8.85,Yes,Yes,Yes,Yes,Female,A>A,Unknown,C57BL6
X021618_05,GSM3309322,X021618_05,8.85,Yes,Yes,Yes,Yes,Female,A>A,Unknown,C57BL6
X021618_06,GSM3309323,X021618_06,8.85,Yes,Yes,Yes,Yes,Female,A>A,Unknown,C57BL6
X021618_07,GSM3309324,X021618_07,8.85,Yes,Yes,No,Yes,Female,A>A,Unknown,C57BL6
X021618_08,GSM3309325,X021618_08,8.85,Yes,Yes,No,Yes,Female,A>A,Unknown,C57BL6
X021618_09,GSM3309326,X021618_09,8.85,Yes,Yes,No,Yes,Female,A>A,Unknown,C57BL6
X021618_10,GSM3309327,X021618_10,8.85,Yes,Yes,Yes,Yes,Female,A>A,Unknown,C57BL6
X021618_11,GSM3309328,X021618_11,8.85,Yes,Yes,Yes,Yes,Female,A>A,Unknown,C57BL6
X021618_12,GSM3309329,X021618_12,8.85,Yes,Yes,Yes,Yes,Female,A>A,Unknown,C57BL6
X021618_13,GSM3309330,X021618_13,8.85,Yes,Yes,No,Yes,Female,A>A,Unknown,C57BL6
X021618_14,GSM3309331,X021618_14,8.85,Yes,Yes,No,Yes,Female,A>A,Unknown,C57BL6
X021618_15,GSM3309332,X021618_15,8.85,Yes,Yes,No,Yes,Female,A>A,Unknown,C57BL6
X021618_16,GSM3309333,X021618_16,8.85,Yes,Yes,Yes,Yes,Female,A>A,Unknown,C57BL6
X021618_17,GSM3309334,X021618_17,8.85,Yes,Yes,Yes,Yes,Female,A>A,Unknown,C57BL6
X021618_18,GSM3309335,X021618_18,8.85,Yes,Yes,Yes,Yes,Female,A>A,Unknown,C57BL6
X021618_19,GSM3309336,X021618_19,8.85,Yes,Yes,No,Yes,Female,A>A,Unknown,C57BL6
X021618_20,GSM3309337,X021618_20,8.85,Yes,Yes,No,Yes,Female,A>A,Unknown,C57BL6
X021618_21,GSM3309338,X021618_21,8.85,Yes,Yes,No,Yes,Female,A>A,Unknown,C57BL6
X021618_22,GSM3309339,X021618_22,8.85,Yes,Yes,Yes,Yes,Female,A>A,Unknown,C57BL6
X021618_23,GSM3309340,X021618_23,8.85,Yes,Yes,Yes,Yes,Female,A>A,Unknown,C57BL6
X021618_24,GSM3309341,X021618_24,8.85,Yes,Yes,Yes,Yes,Female,A>A,Unknown,C57BL6
X021618_25,GSM3309342,X021618_25,8.85,Yes,Yes,No,Yes,Female,A>A,Unknown,C57BL6
X021618_26,GSM3309343,X021618_26,8.85,Yes,Yes,No,Yes,Female,A>A,Unknown,C57BL6
X021618_27,GSM3309344,X021618_27,8.85,Yes,Yes,No,Yes,Female,A>A,Unknown,C57BL6
X021618_28,GSM3309345,X021618_28,8.85,Yes,Yes,Yes,Yes,Female,A>A,Unknown,C57BL6
X021618_29,GSM3309346,X021618_29,8.85,Yes,Yes,Yes,Yes,Female,A>A,Unknown,C57BL6
X021618_30,GSM3309347,X021618_30,8.85,Yes,Yes,Yes,Yes,Female,A>A,Unknown,C57BL6
X021618_31,GSM3309348,X021618_31,8.85,Yes,Yes,No,Yes,Female,A>A,Unknown,C57BL6
X021618_32,GSM3309349,X021618_32,8.85,Yes,Yes,No,Yes,Female,A>A,Unknown,C57BL6
X021618_33,GSM3309350,X021618_33,8.85,Yes,Yes,No,Yes,Female,A>A,Unknown,C57BL6
X021618_34,GSM3309351,X021618_34,8.85,Yes,Yes,Yes,Yes,Female,A>A,Unknown,C57BL6
X021618_35,GSM3309352,X021618_35,8.85,Yes,Yes,Yes,Yes,Female,A>A,Unknown,C57BL6
X021618_36,GSM3309353,X021618_36,8.85,Yes,Yes,Yes,Yes,Female,A>A,Unknown,C57BL6
X021618_37,GSM3309354,X021618_37,8.85,Yes,Yes,No,Yes,Female,A>A,Unknown,C57BL6
X021618_38,GSM3309355,X021618_38,8.85,Yes,Yes,No,Yes,Female,A>A,Unknown,C57BL6
X021618_39,GSM3309356,X021618_39,8.85,Yes,Yes,No,Yes,Female,A>A,Unknown,C57BL6
X021618_40,GSM3309357,X021618_40,8.85,Yes,Yes,Yes,Yes,Female,A>A,Unknown,C57BL6
X021618_41,GSM3309358,X021618_41,8.85,Yes,Yes,Yes,Yes,Female,A>A,Unknown,C57BL6
X021618_42,GSM3309359,X021618_42,8.85,Yes,Yes,Yes,Yes,Female,A>A,Unknown,C57BL6
X021618_43,GSM3309360,X021618_43,8.85,Yes,Yes,No,Yes,Female,A>A,Unknown,C57BL6
X021618_44,GSM3309361,X021618_44,8.85,Yes,Yes,No,Yes,Female,A>A,Unknown,C57BL6
X021618_45,GSM3309362,X021618_45,8.85,Yes,Yes,No,Yes,Female,A>A,Unknown,C57BL6
X021618_46,GSM3309363,X021618_46,8.85,Yes,Yes,Yes,Yes,Female,A>A,Unknown,C57BL6
X021618_47,GSM3309364,X021618_47,8.85,Yes,Yes,Yes,Yes,Female,A>A,Unknown,C57BL6
X021618_48,GSM3309365,X021618_48,8.85,Yes,Yes,Yes,Yes,Female,A>A,Unknown,C57BL6
X021618_49,GSM3309366,X021618_49,8.85,Yes,Yes,No,Yes,Female,A>A,Unknown,C57BL6
X021618_50,GSM3309367,X021618_50,8.85,Yes,Yes,No,Yes,Female,A>A,Unknown,C57BL6
X021618_51,GSM3309368,X021618_51,8.85,Yes,Yes,No,Yes,Female,A>A,Unknown,C57BL6
X021618_52,GSM3309369,X021618_52,8.85,Yes,Yes,Yes,Yes,Female,A>A,Unknown,C57BL6
X021618_53,GSM3309370,X021618_53,8.85,Yes,Yes,Yes,Yes,Female,A>A,Unknown,C57BL6
X021618_54,GSM3309371,X021618_54,8.85,Yes,Yes,Yes,Yes,Female,A>A,Unknown,C57BL6
X021618_55,GSM3309372,X021618_55,8.85,Yes,Yes,No,Yes,Female,A>A,Unknown,C57BL6
X021618_56,GSM3309373,X021618_56,8.85,Yes,Yes,No,Yes,Female,A>A,Unknown,C57BL6
X021618_57,GSM3309374,X021618_57,8.85,Yes,Yes,No,Yes,Female,A>A,Unknown,C57BL6
X021618_58,GSM3309375,X021618_58,8.85,Yes,Yes,Yes,Yes,Female,A>A,Unknown,C57BL6
X021618_59,GSM3309376,X021618_59,8.85,Yes,Yes,Yes,Yes,Female,A>A,Unknown,C57BL6
X021618_60,GSM3309377,X021618_60,8.85,Yes,Yes,Yes,Yes,Female,A>A,Unknown,C57BL6
X021618_61,GSM3309378,X021618_61,8.85,Yes,Yes,No,Yes,Female,A>A,Unknown,C57BL6
X021618_62,GSM3309379,X021618_62,8.85,Yes,Yes,No,Yes,Female,A>A,Unknown,C57BL6
X021618_63,GSM3309380,X021618_63,8.85,Yes,Yes,No,Yes,Female,A>A,Unknown,C57BL6
X021618_64,GSM3309381,X021618_64,8.85,Yes,Yes,Yes,Yes,Female,A>A,Unknown,C57BL6
X021618_65,GSM3309382,X021618_65,8.85,Yes,Yes,Yes,Yes,Female,A>A,Unknown,C57BL6
X021618_66,GSM3309383,X021618_66,8.85,Yes,Yes,Yes,Yes,Female,A>A,Unknown,C57BL6
X021618_67,GSM3309384,X021618_67,8.85,Yes,Yes,No,Yes,Female,A>A,Unknown,C57BL6
X021618_68,GSM3309385,X021618_68,8.85,Yes,Yes,No,Yes,Female,A>A,Unknown,C57BL6
X021618_69,GSM3309386,X021618_69,8.85,Yes,Yes,No,Yes,Female,A>A,Unknown,C57BL6
X021618_70,GSM3309387,X021618_70,8.85,Yes,Yes,Yes,Yes,Female,A>A,Unknown,C57BL6
X021618_71,GSM3309388,X021618_71,8.85,Yes,Yes,Yes,Yes,Female,A>A,Unknown,C57BL6
X021618_72,GSM3309389,X021618_72,8.85,Yes,Yes,Yes,Yes,Female,A>A,Unknown,C57BL6
X021618_73,GSM3309390,X021618_73,8.85,Yes,Yes,No,Yes,Female,A>A,Unknown,C57BL6
X021618_74,GSM3309391,X021618_74,8.85,Yes,Yes,No,Yes,Female,A>A,Unknown,C57BL6
X021618_75,GSM3309392,X021618_75,8.85,Yes,Yes,No,Yes,Female,A>A,Unknown,C57BL6
X021618_76,GSM3309393,X021618_76,8.85,Yes,Yes,Yes,Yes,Female,A>A,Unknown,C57BL6
X021618_77,GSM3309394,X021618_77,8.85,Yes,Yes,Yes,Yes,Female,A>A,Unknown,C57BL6
X021618_78,GSM3309395,X021618_78,8.85,Yes,Yes,Yes,Yes,Female,A>A,Unknown,C57BL6
X021618_79,GSM3309396,X021618_79,8.85,Yes,Yes,No,Yes,Female,A>A,Unknown,C57BL6
X021618_80,GSM3309397,X021618_80,8.85,Yes,Yes,No,Yes,Female,A>A,Unknown,C57BL6
X021618_81,GSM3309398,X021618_81,8.85,Yes,Yes,No,Yes,Female,A>A,Unknown,C57BL6
X021618_82,GSM3309399,X021618_82,8.85,Yes,Yes,Yes,Yes,Female,A>A,Unknown,C57BL6
X021618_83,GSM3309400,X021618_83,8.85,Yes,Yes,Yes,Yes,Female,A>A,Unknown,C57BL6
X021618_84,GSM3309401,X021618_84,8.85,Yes,Yes,Yes,Yes,Female,A>A,Unknown,C57BL6
X021618_85,GSM3309402,X021618_85,8.85,Yes,Yes,No,Yes,Female,A>A,Unknown,C57BL6
X021618_86,GSM3309403,X021618_86,8.85,Yes,Yes,No,Yes,Female,A>A,Unknown,C57BL6
X021618_87,GSM3309404,X021618_87,8.85,Yes,Yes,No,Yes,Female,A>A,Unknown,C57BL6
X021618_88,GSM3309405,X021618_88,8.85,Yes,Yes,Yes,Yes,Female,A>A,Unknown,C57BL6
X021618_89,GSM3309406,X021618_89,8.85,Yes,Yes,Yes,Yes,Female,A>A,Unknown,C57BL6
X021618_90,GSM3309407,X021618_90,8.85,Yes,Yes,Yes,Yes,Female,A>A,Unknown,C57BL6
X021618_91,GSM3309408,X021618_91,8.85,Yes,Yes,No,Yes,Female,A>A,Unknown,C57BL6
X021618_92,GSM3309409,X021618_92,8.85,Yes,Yes,No,Yes,Female,A>A,Unknown,C57BL6
X021618_93,GSM3309410,X021618_93,8.85,Yes,Yes,No,Yes,Female,A>A,Unknown,C57BL6
X021618_94,GSM3309411,X021618_94,8.85,Yes,Yes,Yes,Yes,Female,A>A,Unknown,C57BL6
X021618_95,GSM3309412,X021618_95,8.85,Yes,Yes,Yes,Yes,Female,A>A,Unknown,C57BL6
X021618_96,GSM3309413,X021618_96,8.85,Yes,Yes,Yes,Yes,Female,A>A,Unknown,C57BL6
