Gene name,baseMean,log2FoldChange,lfcSE (standard error),Wald stat,P value,Adj. P value
Atf3,425.4603889,9.389240116,0.697154207,13.46795304,2.41E-41,2.50E-37
Blnk,260.1593142,8.492880539,0.753906881,11.26515854,1.95E-29,1.01E-25
Sorcs3,1183.925764,7.411638157,0.690749753,10.72984554,7.37E-27,2.55E-23
Pappa,125.7494865,6.492490456,0.695714011,9.332125494,1.04E-20,2.69E-17
Arc,3356.827486,6.790121865,0.754518027,8.999283816,2.27E-19,4.71E-16
Lphn3,794.9679255,4.42934399,0.493486853,8.975606876,2.82E-19,4.87E-16
Sorcs1,111.5024455,7.778429639,0.878261918,8.856617232,8.25E-19,1.22E-15
Inhba,774.7292527,6.465464094,0.761034729,8.495622924,1.97E-17,2.55E-14
Acan,287.9734077,6.389578572,0.760839375,8.398065055,4.54E-17,5.23E-14
Sidt1,266.1810512,-5.002597727,0.61128888,-8.183688414,2.75E-16,2.85E-13
Plk2,2919.126589,2.539274334,0.312561041,8.124090993,4.51E-16,4.25E-13
Scg2,4051.831078,2.87573047,0.358970773,8.011043481,1.14E-15,9.82E-13
Penk,2010.125367,5.664470059,0.708312518,7.997133919,1.27E-15,1.02E-12
Cdkn1a,104.0524665,7.431622814,0.956335946,7.770933267,7.79E-15,5.77E-12
AI414108,180.2586563,5.642563801,0.728882371,7.741391512,9.83E-15,6.79E-12
Slc29a4,408.8480432,-4.952833005,0.642749141,-7.705701476,1.30E-14,8.43E-12
Bdnf,2268.778433,2.500193846,0.32507638,7.691096622,1.46E-14,8.89E-12
Megf6,106.0840719,7.45028462,0.971789958,7.666558562,1.77E-14,1.02E-11
Psmc4,2092.52575,2.208544393,0.296729975,7.442943344,9.85E-14,5.23E-11
Svil,167.0854413,6.298551845,0.846620649,7.439638814,1.01E-13,5.23E-11
Gpnmb,245.9688767,5.937858923,0.811793057,7.314498288,2.58E-13,1.27E-10
Mapk4,787.438865,4.505714736,0.619564618,7.272388712,3.53E-13,1.66E-10
Tiam2,215.5615371,-5.294810211,0.746922312,-7.088836582,1.35E-12,6.09E-10
Blvrb,662.604254,5.161198619,0.73636289,7.009042263,2.40E-12,1.04E-09
Kcnq3,93.32703346,-6.169850677,0.884777004,-6.973339775,3.10E-12,1.28E-09
Appl2,112.6916727,-4.573981992,0.658275438,-6.948431812,3.69E-12,1.47E-09
Col4a1,456.9705119,4.243044638,0.618966383,6.855048602,7.13E-12,2.74E-09
Camkv,1887.45271,-3.205218752,0.474401941,-6.756335656,1.42E-11,5.24E-09
Inf2,303.4806409,-4.234967201,0.62892298,-6.733681762,1.65E-11,5.91E-09
Npy2r,226.8599869,-4.61484989,0.695475038,-6.63553634,3.23E-11,1.12E-08
Il20rb,104.6143543,-5.757381265,0.878938573,-6.550379563,5.74E-11,1.92E-08
Airn,121.2451236,5.001544239,0.76471608,6.540393713,6.14E-11,1.99E-08
Jph4,891.2986645,-2.512137257,0.385178534,-6.522007415,6.94E-11,2.18E-08
Arpp21,2810.265262,2.188811252,0.337464655,6.486045938,8.81E-11,2.69E-08
Brd9,489.2811283,-2.236997185,0.347064642,-6.445477051,1.15E-10,3.41E-08
Pcdh8,1136.731659,2.324097588,0.361353194,6.431650881,1.26E-10,3.63E-08
Ehbp1l1,152.6170109,-2.941149017,0.459482134,-6.401008433,1.54E-10,4.32E-08
Itm2c,2149.844876,-2.503102906,0.392154029,-6.382958528,1.74E-10,4.74E-08
Asb11,77.33355478,6.227653239,0.977154794,6.373251485,1.85E-10,4.92E-08
Rab3a,1755.09298,-2.086628915,0.327850406,-6.364576276,1.96E-10,5.07E-08
Npas4,54.010195,5.9492519,0.935474992,6.359605499,2.02E-10,5.11E-08
B3galt5,140.8973535,-4.903208132,0.771518803,-6.355267186,2.08E-10,5.13E-08
Esd,1516.462764,2.85901817,0.453116733,6.309672451,2.80E-10,6.74E-08
Hgsnat,142.9635847,-3.456195655,0.548563481,-6.300447945,2.97E-10,6.99E-08
Nhsl2,452.7457978,-2.728600188,0.436954835,-6.244581748,4.25E-10,9.79E-08
Nptx2,290.9612112,4.931179185,0.793715296,6.212780843,5.21E-10,1.17E-07
Gadd45b,253.6617882,4.619921822,0.75417547,6.125791684,9.02E-10,1.99E-07
Glt8d2,95.35575113,-5.66879608,0.932477523,-6.079284423,1.21E-09,2.61E-07
Ncald,3243.945746,-2.414392766,0.39981785,-6.03873181,1.55E-09,3.28E-07
Tmem191c,681.5717824,-3.971245268,0.657970643,-6.035596435,1.58E-09,3.28E-07
1190002N15Rik,156.644073,4.099968109,0.684845016,5.986709422,2.14E-09,4.35E-07
Lpin1,113.1398067,-4.656914863,0.790656434,-5.889934822,3.86E-09,7.41E-07
Sipa1l2,386.1868794,-3.434794027,0.58258386,-5.895793317,3.73E-09,7.41E-07
Mir22hg,420.8364463,3.338623855,0.56658276,5.89256167,3.80E-09,7.41E-07
Sdc3,326.1481493,-3.774599725,0.641672491,-5.882439686,4.04E-09,7.62E-07
Calb1,1468.780164,-2.828895297,0.481874193,-5.87060967,4.34E-09,8.03E-07
Nrxn3,963.2006668,2.662146677,0.454269244,5.860283771,4.62E-09,8.40E-07
Syne1,6283.942608,1.40952004,0.241483666,5.836916702,5.32E-09,9.34E-07
Tppp,825.3237234,-2.205655879,0.377846407,-5.837440393,5.30E-09,9.34E-07
Eaf1,138.2117007,4.411047129,0.759664354,5.806573791,6.38E-09,1.08E-06
Gm13889,104.7441018,-4.445487004,0.765348299,-5.808449575,6.31E-09,1.08E-06
Igfbp5,614.9929073,-2.944737334,0.510464804,-5.768737262,7.99E-09,1.32E-06
Prrt3,169.2293067,-4.327255879,0.750159596,-5.768447007,8.00E-09,1.32E-06
Matk,1596.561439,-3.091911049,0.536799038,-5.75990423,8.42E-09,1.36E-06
Faim2,1484.223501,-3.256428235,0.569082409,-5.722243709,1.05E-08,1.68E-06
Ptprz1,2243.583214,3.094642292,0.54222151,5.707339589,1.15E-08,1.75E-06
Wscd1,231.6361579,-4.488437961,0.786105164,-5.709716924,1.13E-08,1.75E-06
Tspan18,303.4076267,-3.486685073,0.610897332,-5.707481255,1.15E-08,1.75E-06
Me1,112.3449927,5.493475011,0.965507137,5.689730091,1.27E-08,1.91E-06
Bhlhe40,199.3938418,-4.144279982,0.728725066,-5.687028173,1.29E-08,1.91E-06
Sema5a,1252.013253,-2.18073573,0.385704877,-5.653897218,1.57E-08,2.29E-06
Mgll,392.3223471,-3.145600686,0.557075682,-5.646630765,1.64E-08,2.36E-06
Phf15,75.08632081,-4.425388772,0.784735733,-5.639336384,1.71E-08,2.42E-06
Vcp,2366.786129,1.451561194,0.258188997,5.622087734,1.89E-08,2.64E-06
Mycl1,161.7316349,-4.43134614,0.789205171,-5.614948183,1.97E-08,2.72E-06
Rgs2,611.0052703,3.43588633,0.61273437,5.607464668,2.05E-08,2.76E-06
Elfn2,91.97770283,-4.213321721,0.751245313,-5.608449928,2.04E-08,2.76E-06
Skil,212.9240076,-3.108246253,0.561574491,-5.534877921,3.11E-08,4.14E-06
Nsg2,1551.324882,-2.406370608,0.435393878,-5.526882044,3.26E-08,4.28E-06
Hlf,488.2901405,-3.099875861,0.561952093,-5.516263574,3.46E-08,4.49E-06
Golm1,278.5438504,-3.63487467,0.659416204,-5.512261678,3.54E-08,4.53E-06
Rtn1,4909.025396,-2.148985461,0.390488818,-5.503321383,3.73E-08,4.71E-06
Lrrc16a,182.9748361,-4.077901278,0.741835375,-5.497043432,3.86E-08,4.82E-06
Ctso,49.72842597,-5.084678727,0.926186487,-5.489908133,4.02E-08,4.96E-06
Cygb,413.4157297,-3.108894693,0.566641468,-5.486528731,4.10E-08,5.00E-06
Sowaha,471.8958615,-2.903417062,0.530223873,-5.475832395,4.35E-08,5.25E-06
Pcdh7,50.2413672,4.021249705,0.736345313,5.461092279,4.73E-08,5.64E-06
Gpd1l,89.41428751,-3.823349382,0.700761283,-5.455994034,4.87E-08,5.70E-06
Rab27b,100.6790935,-3.509482456,0.643357203,-5.454951685,4.90E-08,5.70E-06
Map4k3,151.7548123,-3.551837108,0.651482044,-5.451934004,4.98E-08,5.74E-06
Ptk2b,2479.157748,-1.678542926,0.309916376,-5.416115619,6.09E-08,6.94E-06
Frmd5,210.9149428,-4.051309273,0.749669061,-5.404130281,6.51E-08,7.34E-06
Hrk,173.9820097,-3.396508606,0.628752097,-5.401983741,6.59E-08,7.34E-06
Slc16a11,153.5455894,-3.827858066,0.709661826,-5.393918523,6.89E-08,7.60E-06
Scn3b,1161.254302,-2.998907212,0.556442913,-5.389424757,7.07E-08,7.71E-06
Igsf10,91.2541925,5.306740176,0.985158583,5.386686231,7.18E-08,7.75E-06
Rfwd2,574.18455,2.976417638,0.552771358,5.38453665,7.26E-08,7.76E-06
Fam163b,2006.206305,-2.226855466,0.414336067,-5.374515141,7.68E-08,8.12E-06
Lgi3,321.4577788,-3.963034465,0.740032302,-5.355218215,8.55E-08,8.86E-06
Dclk3,135.2884948,-4.443852143,0.829766684,-5.355544188,8.53E-08,8.86E-06
Tcf4,2310.250477,-1.421142905,0.265588827,-5.350913747,8.75E-08,8.98E-06
Ccdc88c,67.7189246,4.901209346,0.921222487,5.320331859,1.04E-07,1.05E-05
Sncb,239.8609249,-2.183648945,0.411978142,-5.300400002,1.16E-07,1.16E-05
Cplx2,4895.902221,-1.769241531,0.336225999,-5.262060446,1.42E-07,1.42E-05
Pbld1,64.36966983,2.391963486,0.455384039,5.252629171,1.50E-07,1.48E-05
Frzb,173.5282415,-4.044318451,0.770424731,-5.249466027,1.53E-07,1.49E-05
Lrrc4b,86.29311506,-3.903605089,0.747128433,-5.22481131,1.74E-07,1.69E-05
Lrrtm2,156.5432397,-3.94744774,0.756319727,-5.219284384,1.80E-07,1.72E-05
Ubc,1714.124315,1.781072821,0.341756396,5.211527398,1.87E-07,1.78E-05
Spry2,661.0568625,2.58316812,0.496186781,5.206039779,1.93E-07,1.82E-05
Hars,1002.754132,1.908600638,0.368410426,5.18063688,2.21E-07,2.06E-05
Rab26,347.6639476,-3.908625305,0.756995966,-5.163337032,2.43E-07,2.24E-05
L1cam,70.1827868,-3.336299981,0.647310767,-5.154093134,2.55E-07,2.34E-05
Nav1,834.247022,-2.150412422,0.417635475,-5.149017631,2.62E-07,2.38E-05
Slc27a3,118.9373694,-4.589630665,0.891925011,-5.14575845,2.66E-07,2.40E-05
Rad23b,476.5365904,1.788117335,0.34918584,5.120818579,3.04E-07,2.72E-05
Creg2,348.9611745,-2.494509305,0.48942275,-5.09683971,3.45E-07,3.06E-05
Faah,821.5533803,-2.546603456,0.501814924,-5.074786207,3.88E-07,3.41E-05
Fam126b,1540.198601,1.638499381,0.324244946,5.053276542,4.34E-07,3.78E-05
Cdk14,688.4778508,-1.77027145,0.350615845,-5.049034364,4.44E-07,3.80E-05
Lamp5,154.5050641,-3.984173155,0.788889824,-5.05035435,4.41E-07,3.80E-05
Tub,998.2920658,-2.220587481,0.4407534,-5.038163016,4.70E-07,3.99E-05
Cntn3,107.5327793,3.553809314,0.708532314,5.015733569,5.28E-07,4.42E-05
St6galnac6,115.383335,-4.182770457,0.833762315,-5.016742043,5.26E-07,4.42E-05
Uchl1,2359.552118,1.523646055,0.30404278,5.011288399,5.41E-07,4.48E-05
Kif26b,74.0452087,-4.189649926,0.836561763,-5.008177654,5.49E-07,4.48E-05
Macrod1,31.71502417,-4.061366653,0.810803639,-5.009063178,5.47E-07,4.48E-05
Sh3rf3,162.6945676,-3.535994615,0.706339544,-5.006083331,5.55E-07,4.50E-05
R3hdm1,2136.163861,1.733195138,0.347291469,4.99060672,6.02E-07,4.84E-05
Ryr1,347.1561362,-3.595586511,0.721438058,-4.983915766,6.23E-07,4.97E-05
Adcy8,602.3358572,3.587875885,0.72089694,4.976960903,6.46E-07,5.11E-05
Tbc1d9,297.9212315,3.446797065,0.694374053,4.963890929,6.91E-07,5.42E-05
Tprgl,313.6933391,-3.364818402,0.678442829,-4.959619672,7.06E-07,5.46E-05
Frmd4b,165.5422345,-2.965844745,0.597926398,-4.960217104,7.04E-07,5.46E-05
Cntnap1,141.0252668,-2.55855936,0.517655562,-4.942590304,7.71E-07,5.87E-05
Gm3893,267.5195343,-2.630689748,0.532246628,-4.942614214,7.71E-07,5.87E-05
Grm2,442.5820577,-2.534841737,0.513120022,-4.940056178,7.81E-07,5.91E-05
Ttll7,573.4028013,1.78649684,0.362085688,4.933906247,8.06E-07,6.05E-05
Scn2b,803.0550548,-2.502212177,0.507335136,-4.93206955,8.14E-07,6.07E-05
Baz1a,37.33613226,4.597988662,0.932527592,4.930673045,8.19E-07,6.07E-05
Prdm5,156.6477065,-3.849608053,0.782172657,-4.921685793,8.58E-07,6.31E-05
Rph3a,1036.489553,-1.946332117,0.395799221,-4.917473335,8.77E-07,6.40E-05
Fxyd6,174.535007,-3.410236867,0.696275577,-4.897826352,9.69E-07,7.02E-05
Cdh10,230.4224579,3.745770219,0.76551972,4.893107416,9.93E-07,7.05E-05
6330403A02Rik,122.3929343,-2.751251976,0.562237625,-4.893397119,9.91E-07,7.05E-05
Wscd2,172.9013714,-3.230088819,0.660044669,-4.893742757,9.89E-07,7.05E-05
Dbp,34.31799451,-4.523528965,0.925902175,-4.885536601,1.03E-06,7.27E-05
F730043M19Rik,124.110204,-3.628141771,0.7428592,-4.884023478,1.04E-06,7.28E-05
Chn1,4638.630269,-1.569058262,0.321460345,-4.881032091,1.06E-06,7.34E-05
Csf1r,163.567646,4.0488486,0.829922939,4.878583796,1.07E-06,7.38E-05
Nptx1,3428.620276,-1.778448205,0.364647542,-4.87717042,1.08E-06,7.39E-05
Dusp1,148.886072,4.2924685,0.880903153,4.872804104,1.10E-06,7.50E-05
Fahd1,97.67095366,-3.665937392,0.752694507,-4.870418684,1.11E-06,7.52E-05
Tnik,845.0864741,-2.031067983,0.417087738,-4.869642037,1.12E-06,7.52E-05
Pgap1,183.0393774,4.285055668,0.880818964,4.864854008,1.15E-06,7.66E-05
Src,203.2819107,-2.8064347,0.578941394,-4.847528146,1.25E-06,8.30E-05
Psmd1,1667.291799,1.841675422,0.381110616,4.832390761,1.35E-06,8.90E-05
Wdr6,318.0365646,-3.223059908,0.667928446,-4.825456872,1.40E-06,9.10E-05
Gse1,296.0672002,-3.753039009,0.77763407,-4.826227596,1.39E-06,9.10E-05
Npy,399.5963609,3.929830832,0.815683934,4.817835278,1.45E-06,9.40E-05
Satb1,113.3671203,-3.104827509,0.646394444,-4.803301663,1.56E-06,0.000100457
D430041D05Rik,693.8165412,-2.529214924,0.527053626,-4.798780993,1.60E-06,0.000102117
Aif1,279.1186243,3.297380914,0.688800344,4.787135984,1.69E-06,0.000106902
Nudcd3,492.6366161,-2.174195147,0.454164112,-4.787245597,1.69E-06,0.000106902
Ak5,1124.280943,-1.775590351,0.371694494,-4.777015484,1.78E-06,0.000110659
Psmb4,1479.223187,1.674306898,0.350614484,4.775350061,1.79E-06,0.000110659
Hsf2,357.5712226,1.577729996,0.330325718,4.776285675,1.79E-06,0.000110659
Prrt2,706.4867988,-2.460246426,0.51509737,-4.776274486,1.79E-06,0.000110659
Pianp,183.8206089,-3.54728467,0.743247041,-4.772685895,1.82E-06,0.00011147
Mcee,113.923854,-3.586692724,0.752576924,-4.765881881,1.88E-06,0.000114621
Hsph1,2927.080864,2.160305939,0.453460846,4.76404073,1.90E-06,0.000114995
Psmb3,1348.381271,1.835772101,0.385758007,4.758869727,1.95E-06,0.000117295
E130309F12Rik,106.9657067,-4.110905546,0.864342242,-4.75610857,1.97E-06,0.000118222
Slc16a2,383.6724229,-3.338441085,0.702101192,-4.754928669,1.99E-06,0.000118231
Rnf4,762.8439798,1.887421182,0.397536613,4.747792082,2.06E-06,0.00012178
Rnd3,147.3268232,3.902820208,0.823454169,4.739571861,2.14E-06,0.000125641
Sox8,46.4578905,-4.132726979,0.872035965,-4.739170336,2.15E-06,0.000125641
Fam101b,63.4849138,-3.668078993,0.774520791,-4.73593354,2.18E-06,0.000126946
Ankrd6,293.6176654,-3.269391548,0.690933617,-4.731846108,2.22E-06,0.000128523
Efna5,95.41166366,3.48968484,0.737595656,4.731162407,2.23E-06,0.000128523
Vstm2b,142.0545144,-3.269682839,0.691765858,-4.726574463,2.28E-06,0.000130734
Dnm1,1182.126149,-1.303660008,0.276604293,-4.713086679,2.44E-06,0.000138928
Unc13b,303.5472651,3.476681882,0.739689036,4.700193885,2.60E-06,0.000147063
Hsp90aa1,10797.59236,1.58907002,0.338153914,4.699250715,2.61E-06,0.000147063
Grb14,248.6132871,-2.729711482,0.582011791,-4.690130899,2.73E-06,0.000152941
Ppap2a,292.389337,3.502555653,0.747271094,4.687128512,2.77E-06,0.000154367
Gpr12,145.2027978,-4.190198692,0.896651082,-4.673165265,2.97E-06,0.000163489
Fam98a,331.8940816,3.240567467,0.693357977,4.673729262,2.96E-06,0.000163489
Slc37a4,214.8059026,-3.494924543,0.748866367,-4.66695354,3.06E-06,0.000167617
Ccdc85a,918.7586939,-2.626713234,0.563176163,-4.664105849,3.10E-06,0.00016906
Grcc10,550.6955309,-1.525165871,0.327268908,-4.66028344,3.16E-06,0.000171328
Pdf,238.5979816,-3.283338896,0.705827675,-4.651757097,3.29E-06,0.000177089
Nefm,1548.654351,1.783015484,0.383335032,4.651324135,3.30E-06,0.000177089
Srxn1,1022.59885,2.970806363,0.639330343,4.646747015,3.37E-06,0.000178291
Rbfox3,1379.992789,-1.84560189,0.397110889,-4.647573108,3.36E-06,0.000178291
Gm13315,33.24240895,-3.860684322,0.830767416,-4.647130166,3.37E-06,0.000178291
Rhbdl1,43.32071472,-3.663770096,0.788911421,-4.64408297,3.42E-06,0.00017969
Pkd1l3,67.23795744,-4.480396596,0.964995563,-4.642919375,3.44E-06,0.000179793
Mgat5b,72.48022022,-3.774422578,0.814614578,-4.633384525,3.60E-06,0.000187334
Mpp2,473.5005159,-2.29834288,0.497285301,-4.621779238,3.80E-06,0.000197137
Vwa3a,111.3607869,-3.691059379,0.799584785,-4.616220129,3.91E-06,0.000201482
Slc26a10,308.9814921,-3.339719891,0.725156399,-4.605516676,4.11E-06,0.000210039
Plec,373.9637128,-2.500666167,0.542893659,-4.606180465,4.10E-06,0.000210039
Zfp13,91.74244922,-4.161745279,0.904175112,-4.602808927,4.17E-06,0.000211746
Slc6a15,270.3913547,-3.210073076,0.697998874,-4.598965979,4.25E-06,0.000214637
Prkag2,318.7392209,-2.335493744,0.50856406,-4.592329518,4.38E-06,0.000220503
Fam35a,69.03669931,-3.368448042,0.734671019,-4.584974711,4.54E-06,0.000227306
Sema4f,247.781531,-3.204497766,0.69918414,-4.583195733,4.58E-06,0.000227417
Doc2b,246.9341075,-3.000520876,0.654726335,-4.582862663,4.59E-06,0.000227417
Rcan3,108.6749197,-4.553160824,0.995594057,-4.57331057,4.80E-06,0.000236907
Adamts1,49.39413171,-3.689331019,0.807192226,-4.570573034,4.86E-06,0.000238886
Snrnp48,306.7203042,2.525458097,0.553012279,4.566730601,4.95E-06,0.000241923
Slc6a1,434.6972014,-2.403310008,0.526355249,-4.565946695,4.97E-06,0.000241923
Fkbp1b,48.5887883,-4.849927856,1.062652149,-4.563984426,5.02E-06,0.000243055
Ckmt1,536.4934193,-2.471102418,0.542553341,-4.554579669,5.25E-06,0.000253004
AI854703,222.6526204,-4.004868312,0.879560628,-4.553260101,5.28E-06,0.000253418
Mrps33,407.1766272,-1.888242309,0.414954452,-4.550480907,5.35E-06,0.000255605
Acvr1c,382.6926826,2.5143741,0.552737576,4.548947292,5.39E-06,0.000256183
Lmnb2,80.4748088,-3.858988473,0.848488291,-4.548075104,5.41E-06,0.000256183
Ift74,191.7155386,-2.792488881,0.614539454,-4.54403515,5.52E-06,0.000259958
Klf13,1491.334942,-1.462910272,0.323226106,-4.525965712,6.01E-06,0.000276901
Hebp1,52.13163234,-3.369288835,0.744196149,-4.527420411,5.97E-06,0.000276901
Gstm6,59.86901251,-4.255205767,0.940136932,-4.526155309,6.01E-06,0.000276901
Pnck,837.1103248,-2.924878734,0.646203728,-4.526248626,6.00E-06,0.000276901
Psmd12,1101.376015,1.861777023,0.411327923,4.526259751,6.00E-06,0.000276901
Hpca,2409.22435,-1.828024521,0.404504606,-4.519168619,6.21E-06,0.000282866
Htatip2,116.4893313,3.738704097,0.827393463,4.518653171,6.22E-06,0.000282866
Glcci1,909.4843309,1.806265716,0.399702995,4.519019721,6.21E-06,0.000282866
Nat14,437.9379007,-1.65256765,0.366206227,-4.512669439,6.40E-06,0.000289697
Zfp3,87.98021178,-4.243881474,0.9406566,-4.511616116,6.43E-06,0.000289874
Map7,364.0191985,-2.410414405,0.535079323,-4.504779578,6.64E-06,0.000298068
Bcl11b,1028.806294,-1.90804322,0.423729788,-4.502971644,6.70E-06,0.00029932
1700011J10Rik,66.53473575,-3.266332513,0.725770061,-4.500505997,6.78E-06,0.000301514
2210408F21Rik,121.814333,3.862186277,0.859367311,4.494220607,6.98E-06,0.00030923
Kcnk1,959.9130284,1.66294665,0.370230325,4.491654356,7.07E-06,0.000311649
Shisa6,322.0857751,-1.87251467,0.417090551,-4.489467975,7.14E-06,0.00031353
Rab35,106.1449224,-2.78316811,0.620724673,-4.483740103,7.33E-06,0.000320711
Bcl11a,251.392307,-2.617461902,0.585984236,-4.466778701,7.94E-06,0.000345751
Lin7b,187.1343841,-2.756097239,0.617313142,-4.464666392,8.02E-06,0.000347718
Ptgs2,183.3357304,3.816249766,0.856228459,4.457046161,8.31E-06,0.000358805
Arrdc1,196.3276589,4.15472273,0.933093303,4.452633749,8.48E-06,0.00036474
Arhgef25,1061.836821,-2.287576682,0.514134653,-4.449372688,8.61E-06,0.000368792
Atf4,963.8544915,2.519290571,0.567513303,4.439174481,9.03E-06,0.000385114
Traip,78.6386797,-4.317952447,0.973199956,-4.436860503,9.13E-06,0.00038768
Dusp14,274.1372219,-3.023738509,0.681687126,-4.435669081,9.18E-06,0.000388239
Bag3,122.4092927,4.002496011,0.903910476,4.427978342,9.51E-06,0.000400705
Ogn,65.04608223,-4.144494331,0.936425597,-4.425866126,9.61E-06,0.000403008
Rala,520.9913931,1.661730598,0.375955945,4.420014151,9.87E-06,0.000412407
5730409E04Rik,120.5165376,-2.593653484,0.587817353,-4.412345896,1.02E-05,0.000425576
Rsph9,80.1378366,-3.77737001,0.856955947,-4.407892873,1.04E-05,0.000432681
Wasf1,1363.642598,-1.562262034,0.354581246,-4.405935316,1.05E-05,0.000434868
Fam57b,60.38378329,-3.069436594,0.697528585,-4.400445602,1.08E-05,0.000444247
Ltk,68.37834392,-4.273065542,0.972172557,-4.395377665,1.11E-05,0.000452942
Zfp280c,681.2725075,2.561182743,0.582939977,4.393561675,1.12E-05,0.000454946
Dpysl5,38.81212452,-4.031573483,0.918015352,-4.391618805,1.13E-05,0.000455372
Zfhx3,52.09981295,3.203275538,0.729311851,4.392189068,1.12E-05,0.000455372
0610009L18Rik,44.04675258,-4.276484353,0.973963407,-4.39080598,1.13E-05,0.000455372
Sh3bp5,552.6879978,-2.359853653,0.538984024,-4.378336923,1.20E-05,0.000480347
Tln2,213.4695343,-2.4010186,0.548615614,-4.376504312,1.21E-05,0.000482531
Olfm1,6700.140193,-1.301166454,0.297913137,-4.367603483,1.26E-05,0.000498385
Adcyap1r1,844.3316586,-2.435241614,0.557761174,-4.366100994,1.26E-05,0.000498385
Adcy1,2032.089537,-1.586724194,0.363376573,-4.366611146,1.26E-05,0.000498385
Fam193b,246.5382938,-2.237804132,0.512411793,-4.367198728,1.26E-05,0.000498385
Ccl25,87.68620399,-3.558240503,0.816202413,-4.359507455,1.30E-05,0.000511695
Sh3glb2,841.4077752,-1.977770015,0.454225831,-4.354155753,1.34E-05,0.000522376
2210408I21Rik,62.16444447,3.732481726,0.857645716,4.352008827,1.35E-05,0.000525536
Shd,64.57840557,-4.537670616,1.045993142,-4.338145667,1.44E-05,0.0005577
5730455P16Rik,475.2996316,-1.732481808,0.399627206,-4.335244907,1.46E-05,0.000562997
Nr2f1,155.3361,-2.645203318,0.610675729,-4.331600538,1.48E-05,0.000570271
Lrrcc1,134.3686001,-2.955430985,0.682639457,-4.32941717,1.50E-05,0.00057382
Camk2b,5398.51776,-1.635794062,0.378166088,-4.325596915,1.52E-05,0.000581702
Psmd4,1759.995676,1.656033458,0.383141328,4.322252222,1.54E-05,0.000588422
Serinc2,67.75273387,3.821617284,0.886535286,4.310733417,1.63E-05,0.000617657
Itpka,684.9049596,-2.854615925,0.663304692,-4.303626912,1.68E-05,0.000635488
Caly,1216.183919,-1.951913959,0.453685315,-4.302352085,1.69E-05,0.000636833
Dusp22,72.95900868,-3.806495336,0.885010456,-4.301073857,1.70E-05,0.000637467
Trpc4,56.02478112,-3.495139576,0.812723696,-4.300526234,1.70E-05,0.000637467
Epb4.1l2,95.21916765,3.483208988,0.810929191,4.295330625,1.74E-05,0.000647904
Pdzd2,526.9941152,1.918115517,0.446503884,4.295854044,1.74E-05,0.000647904
Aaas,114.5016247,-3.704792185,0.863067421,-4.292587227,1.77E-05,0.000653621
Ptprn,1711.467077,1.571545915,0.366203193,4.291458801,1.78E-05,0.000654614
4933412O06Rik,89.86832832,-3.75889335,0.876815137,-4.286985011,1.81E-05,0.000665564
Ptchd2,236.063253,-2.75377794,0.643323077,-4.280552086,1.86E-05,0.000682677
Mapk6,143.5438244,3.210328646,0.751849772,4.269907055,1.96E-05,0.000711063
Mxi1,118.2120782,-3.193191759,0.747831323,-4.269935829,1.96E-05,0.000711063
Abcg2,80.95581759,-3.766712126,0.882380569,-4.268806748,1.97E-05,0.000712081
Ankrd46,1437.059966,-1.764006809,0.414290512,-4.257898157,2.06E-05,0.000743821
Cpne6,4480.608506,-1.528742386,0.359069613,-4.257509768,2.07E-05,0.000743821
Bcl9l,66.74977383,-2.99813597,0.704603791,-4.255066475,2.09E-05,0.000749388
Prtg,69.03031908,-3.912621568,0.920561436,-4.250255781,2.14E-05,0.000763026
Psmc5,2932.408212,1.47207286,0.347240684,4.239344427,2.24E-05,0.00079832
Sept9,196.4509363,-3.333038573,0.786685005,-4.236814671,2.27E-05,0.000804599
Dscaml1,316.6375779,-2.935276768,0.693203155,-4.234367293,2.29E-05,0.000810634
Zfp948,256.9827813,3.428857409,0.811013022,4.227869734,2.36E-05,0.000831558
Chga,292.0341924,-3.070718898,0.726544997,-4.226467609,2.37E-05,0.000833917
Fam219a,167.4970667,2.900431358,0.686974672,4.22203536,2.42E-05,0.000847617
Ahcyl2,1113.7887,-2.163989417,0.512924825,-4.218921201,2.45E-05,0.000851624
Stk32c,121.3113618,-3.496864684,0.828896451,-4.218699066,2.46E-05,0.000851624
Ostf1,88.92542155,3.424376342,0.811515842,4.219728272,2.45E-05,0.000851624
Diras1,172.9192902,-2.357979124,0.559486303,-4.214543073,2.50E-05,0.000864566
Stard13,60.08367803,-3.814686646,0.90565815,-4.2120602,2.53E-05,0.000871222
Klc4,116.3108691,-3.538546555,0.842314846,-4.200978498,2.66E-05,0.000911957
Pdk2,261.2162725,-3.125245474,0.744325378,-4.198762484,2.68E-05,0.000917035
Dgkz,509.0116812,-2.82014825,0.671747499,-4.198226643,2.69E-05,0.000917035
Acap2,1376.688519,1.386932277,0.33106442,4.189312394,2.80E-05,0.000950681
Smc2,176.1013379,-3.063172857,0.731854462,-4.185494545,2.85E-05,0.000963644
Sgk1,521.1298473,2.575281384,0.616624073,4.176420441,2.96E-05,0.000999615
A230077H06Rik,83.55468451,-2.56178613,0.613855439,-4.173272678,3.00E-05,0.001010242
Miat,1329.101466,-2.202496183,0.528219201,-4.169663234,3.05E-05,0.001023053
Pde10a,212.6760467,-2.399114863,0.575667875,-4.167532997,3.08E-05,0.001027999
Malat1,192311.7508,1.52643937,0.366307983,4.167092836,3.09E-05,0.001027999
Nrxn1,1345.999679,-1.45638503,0.350105359,-4.159847866,3.18E-05,0.001057756
Suv420h2,72.46146634,-3.760439764,0.904450899,-4.15770471,3.21E-05,0.001064314
Alad,151.8819851,-3.08103834,0.741983686,-4.152434076,3.29E-05,0.001082218
Ssb,819.8627382,1.46117035,0.35188178,4.152446742,3.29E-05,0.001082218
Tmem62,160.3813268,-3.801193011,0.919975864,-4.13183993,3.60E-05,0.001180172
Tmem109,201.8680869,-3.037440196,0.735337681,-4.13067394,3.62E-05,0.001182432
Abcc8,236.6589726,-2.3417471,0.56701699,-4.129941676,3.63E-05,0.001182475
Snrpa1,306.5243849,1.965801233,0.476531009,4.125232555,3.70E-05,0.001203149
Eef2k,145.5582577,-2.261280364,0.548568256,-4.122149501,3.75E-05,0.001211772
Ncbp1,600.4383525,1.706758797,0.413982791,4.122777164,3.74E-05,0.001211772
Cacna1h,392.7962077,-2.556650606,0.620549683,-4.119977295,3.79E-05,0.001219454
Klf6,150.1318919,3.377015775,0.82010495,4.117784892,3.83E-05,0.001227298
Epha10,537.0106714,2.854249387,0.693376351,4.116450441,3.85E-05,0.001230613
Gm1976,109.9292585,-2.104100081,0.511524219,-4.113392881,3.90E-05,0.001243196
Rogdi,2705.936291,-2.185833696,0.531679762,-4.111184688,3.94E-05,0.001251298
Trappc2l,255.2954058,-3.198882308,0.780844918,-4.096693513,4.19E-05,0.001328154
Tmem59l,1457.804109,-1.510979564,0.369354623,-4.090864095,4.30E-05,0.001357834
Celsr2,424.8277709,-1.862070759,0.456217781,-4.081539202,4.47E-05,0.001404922
Nrg1,111.1521849,4.201656367,1.029409019,4.081619928,4.47E-05,0.001404922
2900060B14Rik,350.7878801,2.236114627,0.548314171,4.078163111,4.54E-05,0.001416888
Slc39a13,43.18055485,-3.604814083,0.883810304,-4.07871923,4.53E-05,0.001416888
Cstad,41.46735485,-4.151060831,1.018528201,-4.075548255,4.59E-05,0.001428602
Ascc1,91.91749008,-3.365601942,0.826106391,-4.074053872,4.62E-05,0.0014335
Zfp692,305.7026999,-2.879542968,0.707547662,-4.069751231,4.71E-05,0.001455874
Pdcd6,791.899907,2.043705628,0.502665617,4.065735865,4.79E-05,0.001476763
Ddit3,493.2855287,2.650287825,0.652045135,4.064577257,4.81E-05,0.001479713
Cck,809.5447345,-2.445053403,0.601923109,-4.062069335,4.86E-05,0.001489543
Epha7,2407.422547,1.654937771,0.407454374,4.061651755,4.87E-05,0.001489543
6330403K07Rik,504.7200483,-2.631534876,0.648232562,-4.059553667,4.92E-05,0.001498569
Gfra2,310.1452942,-2.133940147,0.526073493,-4.056353672,4.98E-05,0.001505951
Ylpm1,677.7984197,-1.945212116,0.479452623,-4.057151889,4.97E-05,0.001505951
Mkx,146.396671,-3.233602547,0.797053633,-4.056944742,4.97E-05,0.001505951
Vgf,66.60419445,2.718776133,0.670471034,4.055023998,5.01E-05,0.001510141
Atp2b4,242.2585382,-2.376641661,0.586416985,-4.052818596,5.06E-05,0.001520034
Aars,1473.506415,2.083719089,0.514514603,4.049873566,5.12E-05,0.001534842
Spon1,639.5714735,-1.877870217,0.464644639,-4.041519176,5.31E-05,0.00158333
Trim9,3429.4037,1.475916977,0.365335578,4.039893907,5.35E-05,0.00158333
Lrrc4c,754.6725686,1.830689997,0.453080814,4.040537447,5.33E-05,0.00158333
A830018L16Rik,515.5340271,-1.713150709,0.423940418,-4.041017646,5.32E-05,0.00158333
Csgalnact1,105.336643,-3.187035013,0.789656072,-4.035978608,5.44E-05,0.001605384
Eif5,2049.6785,1.416394603,0.351382998,4.03091388,5.56E-05,0.001635717
Ubald1,331.9705659,-1.479140486,0.367287987,-4.02719538,5.64E-05,0.001657086
Btbd9,1510.893225,-1.295243333,0.321786126,-4.025168357,5.69E-05,0.001666703
Svip,81.62582004,-2.177532904,0.541831788,-4.018835648,5.85E-05,0.00170731
Slc24a3,137.9970452,-2.562580687,0.637808515,-4.017790023,5.87E-05,0.001710084
Gsg1l,496.1640933,2.460326696,0.612465286,4.017087581,5.89E-05,0.001710384
Tbk1,358.6808745,2.488604174,0.620106461,4.013188589,5.99E-05,0.001729207
Ubr3,523.1831003,1.63740031,0.4079745,4.0134869,5.98E-05,0.001729207
Aldh2,56.03294071,-3.380876153,0.843254374,-4.009319439,6.09E-05,0.001752901
Tmem167,638.9269246,1.590489494,0.397172977,4.004525951,6.21E-05,0.00178387
Rai2,253.5023304,2.473645575,0.617942727,4.003033723,6.25E-05,0.001785273
Tmem2,441.9541915,1.811157918,0.452441407,4.003077284,6.25E-05,0.001785273
Tmem14a,80.63249272,-3.192663523,0.799109825,-3.995275019,6.46E-05,0.001839694
Csf1,50.05855487,-3.685643236,0.92361702,-3.990445344,6.59E-05,0.001872419
Eif2s2,851.5957011,1.412086332,0.354121268,3.987578433,6.68E-05,0.001890006
Emp2,186.2250555,2.878953818,0.722417016,3.98516889,6.74E-05,0.001893765
Lepre1,228.5854914,3.218473922,0.807429332,3.986075056,6.72E-05,0.001893765
Pla2g4e,77.77489914,-3.765388158,0.944778286,-3.985472798,6.73E-05,0.001893765
Akap1,97.32657724,-2.747300206,0.689556402,-3.984155899,6.77E-05,0.00189672
Btg1,346.6319782,-1.976872765,0.496833672,-3.978942805,6.92E-05,0.001932389
Rasd1,72.98606435,3.805570504,0.956700268,3.977808546,6.96E-05,0.001932389
A430005L14Rik,185.0799095,-2.986333366,0.75069162,-3.97810937,6.95E-05,0.001932389
Pdcd2l,349.2220426,2.634907804,0.664586,3.964735647,7.35E-05,0.002035951
Shroom2,423.7498334,-2.965353698,0.748625651,-3.961063442,7.46E-05,0.002056524
Slc1a3,585.8661295,-2.942254556,0.742758948,-3.961250905,7.46E-05,0.002056524
Slc7a3,145.4315224,3.80121959,0.960514621,3.95748228,7.57E-05,0.002082053
Dock9,581.7842969,-2.480156316,0.627309951,-3.953637772,7.70E-05,0.002110211
Fbln1,112.9806669,-3.479593933,0.881487126,-3.947413218,7.90E-05,0.002160101
Sfmbt2,87.3113527,3.127490475,0.793140962,3.943171046,8.04E-05,0.0021929
Cpsf2,553.5527142,1.572758335,0.399124497,3.940520685,8.13E-05,0.002211452
Ppp1r9b,455.2442337,-1.556507306,0.395989838,-3.930674871,8.47E-05,0.002297975
Stim2,377.3087648,-1.924171954,0.489857303,-3.928025454,8.56E-05,0.002317366
Psmc6,875.0915679,1.911180628,0.48721256,3.92268341,8.76E-05,0.002363201
Mcf2l,371.9561733,-2.527372657,0.646306243,-3.910487764,9.21E-05,0.002479312
Llph,437.1400333,1.662952799,0.425775603,3.90570241,9.40E-05,0.002522346
Fbxo31,322.170288,-2.445781882,0.626631065,-3.903065164,9.50E-05,0.00254341
Scnn1a,32.46075557,-3.760098811,0.963903292,-3.900908776,9.58E-05,0.002559561
Tubgcp2,364.9655198,-1.732264866,0.444301382,-3.898850953,9.67E-05,0.002574772
Hsd17b12,257.6289785,1.753340281,0.449838567,3.89771,9.71E-05,0.002580297
Abhd8,464.2052001,-1.964286743,0.504170546,-3.896075956,9.78E-05,0.002584504
Zfand1,120.8911009,-3.298183974,0.846490518,-3.896303506,9.77E-05,0.002584504
Sec1,85.80862898,-3.771866288,0.968515348,-3.894482721,9.84E-05,0.00259493
Rgs14,403.225177,-2.926766754,0.751909217,-3.892446972,9.92E-05,0.002610166
Timp2,323.7088797,-2.494056413,0.641433443,-3.888254409,0.000100968,0.002648934
Trpm3,442.4456523,-1.967824586,0.506378684,-3.886073105,0.000101879,0.002652689
Rnf157,287.9294502,-2.392048832,0.615483818,-3.886452843,0.00010172,0.002652689
C1qc,425.1278045,3.16763436,0.8148848,3.887217381,0.0001014,0.002652689
Islr2,58.46993547,-3.139252847,0.808704606,-3.881828819,0.000103674,0.002692662
Upp1,60.23423436,-4.092119932,1.054664153,-3.880021824,0.000104447,0.002705963
Caskin1,178.0020286,-2.520116755,0.649613488,-3.879409531,0.00010471,0.002706018
Dusp28,51.89816257,-3.646311274,0.940964147,-3.875079923,0.00010659,0.002747734
Zfp275,397.5559988,3.268475293,0.843951281,3.872824613,0.000107581,0.002766413
Fibcd1,48.63061389,-3.58209365,0.926260249,-3.867264795,0.000110063,0.002823222
Clpx,269.404139,2.139737136,0.553777696,3.863891866,0.000111595,0.002855445
Galnt16,404.806726,-2.329204813,0.603579117,-3.858988405,0.000113857,0.002906167
Mctp1,236.6111348,-1.920540969,0.497787819,-3.858151801,0.000114248,0.002908965
Ubtf,647.880565,-1.535597628,0.398227498,-3.856081349,0.000115219,0.00292651
Pacs1,155.2192483,-2.823085663,0.732435459,-3.854381474,0.000116023,0.002939711
Plcxd1,89.15448207,3.074300263,0.798996052,3.847703945,0.00011923,0.003010066
Nupl2,92.44808434,-3.411017771,0.886578416,-3.847395457,0.00011938,0.003010066
Ppm1k,298.6904299,-2.059083626,0.535453914,-3.84549178,0.000120311,0.00302617
Syt13,753.706619,-2.278294441,0.59270206,-3.843911798,0.000121089,0.003038355
Ptges3,1219.928228,1.197029172,0.311962857,3.837088763,0.000124501,0.003116446
Slit3,266.6114745,-2.378726062,0.620739994,-3.832081205,0.000127064,0.00317292
Rasa1,474.249708,-2.085820902,0.544402422,-3.831395341,0.000127419,0.003174131
Arhgef28,197.9592363,-3.05730276,0.798591833,-3.828367176,0.000128996,0.003205726
Itga8,249.2264202,-2.935949428,0.767769268,-3.82399967,0.000131304,0.003255273
Pcdh19,577.2551879,-2.424065297,0.634143601,-3.82258103,0.000132062,0.003266251
Acsf3,79.65904888,-3.048606388,0.797667054,-3.821903352,0.000132426,0.003267444
Plk1s1,82.2821371,-3.448216501,0.90282892,-3.819346529,0.000133806,0.003293654
Camta2,988.6988248,-1.139735118,0.298583158,-3.817144694,0.000135005,0.003315301
Irf2bp1,110.5892286,-2.202529924,0.577137309,-3.816301405,0.000135467,0.003318782
Itgav,334.4192037,2.389000868,0.626360286,3.814100158,0.00013668,0.003332742
Cdh8,392.1587043,-2.063614772,0.541019719,-3.814306019,0.000136566,0.003332742
Neurod2,531.8313935,-1.87748734,0.492478952,-3.812319961,0.000137669,0.003348964
Zfp804a,155.0156475,2.577997359,0.676707385,3.80961907,0.000139181,0.003369938
Olfml3,96.3539995,3.897620127,1.023032989,3.809867493,0.000139041,0.003369938
Osbpl3,50.99118023,-3.503135174,0.920358772,-3.806271296,0.000141078,0.003392082
Dcakd,249.7276316,-2.915453105,0.765847039,-3.806834731,0.000140757,0.003392082
Ift140,165.3784577,-2.916565658,0.766035508,-3.807350477,0.000140464,0.003392082
Tars,435.1420566,2.235085772,0.587539191,3.80414755,0.000142293,0.003413393
Fastkd1,57.39199618,-3.313164229,0.872455208,-3.797517854,0.000146152,0.003497866
2610301B20Rik,327.1590735,2.042637785,0.539066219,3.789214966,0.000151124,0.003608523
Fuz,40.84399663,-3.703260603,0.977659591,-3.787883469,0.000151936,0.003619571
Arr3,171.6216221,3.338620502,0.881683131,3.786644414,0.000152695,0.003621012
Lins,104.9575797,3.187594939,0.841773951,3.786758828,0.000152625,0.003621012
Bcan,100.9390176,-3.404295561,0.900362169,-3.7810291,0.000156181,0.003686806
Prps2,123.4318421,-2.496044377,0.660115657,-3.781222808,0.00015606,0.003686806
Capn3,254.9721868,-3.221322082,0.852428012,-3.778996038,0.000157462,0.003700177
Fam43b,48.11927399,-3.563439164,0.94293828,-3.779079965,0.000157409,0.003700177
Gm11744,99.03938981,-3.711663219,0.982755485,-3.77679217,0.000158861,0.003724612
Ramp1,528.0305987,-2.017053212,0.534629531,-3.772805456,0.000161422,0.003776112
Ppp2r2b,201.3057411,2.78975502,0.739575436,3.772103407,0.000161877,0.003778227
Dnajc2,414.6619514,1.946816889,0.516279516,3.770858284,0.000162687,0.003788597
Cys1,48.99887491,-3.598399252,0.95495744,-3.76812526,0.000164478,0.00382172
Avl9,256.2626249,2.704392199,0.718548061,3.763690064,0.000167424,0.003881474
Icam5,879.9533355,-2.020468251,0.537295336,-3.760442563,0.000169613,0.003914699
Orai2,770.4457069,-1.765128856,0.469386495,-3.760502008,0.000169573,0.003914699
Prss36,35.81949349,-3.525376207,0.937988897,-3.758441296,0.000170975,0.003928637
Arid5b,389.5294471,1.892469666,0.503491512,3.758692291,0.000170804,0.003928637
Tubb4b,985.2336712,1.558543138,0.414779614,3.757521071,0.000171605,0.003934384
Il1rap,740.641965,-2.115002108,0.56296264,-3.756913795,0.000172022,0.003935234
Kcnip2,593.575489,-2.393678292,0.637506169,-3.754753145,0.000173512,0.003957791
Ndufv3,365.9860253,-1.30716032,0.348220502,-3.75382929,0.000174153,0.003957791
BC005537,318.1931222,2.221505365,0.59176913,3.754006848,0.00017403,0.003957791
Siglech,133.0809146,2.51383902,0.670170122,3.751046095,0.000176098,0.003993232
Rapgefl1,615.078986,-1.895728776,0.505601993,-3.749448779,0.000177224,0.004009976
Pcdh11x,159.0330316,3.221618891,0.859800702,3.746936801,0.000179007,0.004041506
Nelfcd,340.3273667,-2.632771106,0.702978212,-3.745167434,0.000180274,0.004061249
Grasp,388.2263557,1.617350944,0.432091425,3.743075768,0.000181781,0.004086335
Mypop,33.27670541,-2.904525886,0.777324249,-3.73656925,0.000186548,0.004184411
Megf11,341.7403529,2.491893084,0.667282898,3.734387756,0.000188172,0.004211729
Psmd3,1111.357352,1.544315614,0.413643115,3.733449336,0.000188875,0.004218348
Lrrc8d,219.1490263,2.756267398,0.738387724,3.732818556,0.000189349,0.004219836
Ctsd,1845.530396,1.65028184,0.442316028,3.731001672,0.00019072,0.004241268
Pqlc2,124.6766786,3.199662074,0.858416096,3.727402236,0.000193464,0.004275269
Chst9,67.38747656,-3.562783493,0.955592678,-3.728349509,0.000192738,0.004275269
Ube2k,866.3048911,1.269332618,0.340543559,3.727372269,0.000193487,0.004275269
Rgs7,1199.302307,1.764789599,0.473677582,3.725719066,0.000194759,0.004294234
Luc7l,1320.316855,1.41063044,0.378904569,3.722917469,0.000196934,0.004332964
Ankrd27,125.3089104,-3.094878058,0.831905473,-3.720228028,0.000199043,0.004360851
Il33,96.99086066,-3.398906163,0.9135973,-3.720354868,0.000198943,0.004360851
Plekha6,153.9380882,-2.810307186,0.756050669,-3.717088418,0.000201532,0.00439865
Popdc3,45.83776001,3.488225755,0.938456574,3.716981533,0.000201617,0.00439865
Gtf3c2,429.4523697,-1.885134596,0.507583124,-3.713942619,0.000204055,0.004442485
Uqcr11,894.7445464,-1.431048235,0.385385529,-3.713290009,0.000204582,0.004444624
Akap13,450.2594187,2.92308913,0.787593977,3.711416307,0.000206103,0.004468292
B3gat1,276.98646,-2.385514323,0.643333854,-3.708050348,0.000208861,0.004518639
Setd6,166.3184655,-2.777509841,0.750551992,-3.700622834,0.000215071,0.004643292
Snph,553.7691177,-1.928374409,0.521862102,-3.695180012,0.000219731,0.00471945
Tyrobp,188.1661535,3.221061259,0.871756358,3.69490997,0.000219965,0.00471945
Zfp87,109.2423952,-3.190326787,0.863194797,-3.695952289,0.000219064,0.00471945
Cwc27,206.3529568,2.192952264,0.59449417,3.688770007,0.000225341,0.004824807
Ctage5,212.6008883,2.589651081,0.70263685,3.685618085,0.000228148,0.004874846
Trpm2,55.69521129,-2.812793881,0.763371988,-3.684696223,0.000228976,0.004882456
Ctxn1,1890.995676,-1.445106596,0.392711199,-3.679820188,0.000233398,0.004966547
Nars,1934.909429,1.566650162,0.426177696,3.676049161,0.000236874,0.005030172
Tmod2,1883.110622,-1.128780367,0.307245851,-3.673866917,0.000238907,0.005062976
Utp6,110.0203561,-2.447061164,0.666590491,-3.671011209,0.000241593,0.00510944
Cryz,49.77633192,-3.73922327,1.019277287,-3.668504457,0.000243973,0.005149281
Ywhah,4464.708909,-1.077933611,0.294371427,-3.661814675,0.000250435,0.005264215
Mtdh,438.1787798,1.122377168,0.306467698,3.662301685,0.000249959,0.005264215
Nell2,1509.911888,-1.405466344,0.383930658,-3.660729655,0.000251498,0.005274131
Prrt1,40.2665658,-2.821077051,0.771158443,-3.658232722,0.00025396,0.005274131
Pitpnc1,545.8534719,-1.722967195,0.470935771,-3.658603362,0.000253593,0.005274131
Cisd3,85.85309342,-2.569696327,0.702438848,-3.658249161,0.000253944,0.005274131
Trip11,348.1696794,1.75314844,0.479162231,3.658778437,0.00025342,0.005274131
Tacc1,1206.130975,1.553080265,0.424340949,3.659982069,0.000252233,0.005274131
Atp6v1g2,2294.802583,-1.499392956,0.410255024,-3.654782676,0.0002574,0.005334871
Clcn2,80.6378318,-2.867733575,0.784797898,-3.654104559,0.000258081,0.005338312
D10Jhu81e,74.71386462,-3.063197652,0.838641971,-3.652568984,0.00025963,0.005359649
Akt3,362.0644593,-2.361770516,0.646702074,-3.652022486,0.000260183,0.005360392
Golga7b,170.7760314,-1.966946181,0.538933532,-3.64970087,0.000262546,0.005388316
Tmem198,532.834591,1.890294692,0.517935918,3.649669056,0.000262578,0.005388316
Prosc,383.4065024,2.039045143,0.559041253,3.64739656,0.000264911,0.005425438
Adcy9,365.5718263,-2.037309989,0.558724985,-3.646355618,0.000265986,0.005432851
Chd3,690.3877148,-1.474097921,0.40430203,-3.646031463,0.000266321,0.005432851
B930059L03Rik,48.60748939,-3.168183073,0.869089496,-3.645404861,0.000266971,0.005435407
Mapk1ip1,213.3399129,-2.536825549,0.696271574,-3.643442652,0.000269016,0.005466292
Nol3,153.2495344,2.747834869,0.754555151,3.641662064,0.000270884,0.005493475
Fez1,1234.851297,-1.767355329,0.485559733,-3.639830922,0.000272817,0.005511119
Rnf217,113.5338291,3.214143206,0.882971405,3.640144162,0.000272485,0.005511119
Hspa8,13298.07389,1.185808146,0.325841728,3.639215132,0.00027347,0.005513565
Gpr19,223.5839512,3.120054547,0.857474607,3.638655329,0.000274065,0.005514833
Negr1,791.6825049,-1.266700553,0.348246515,-3.637367495,0.000275439,0.005531729
Tenm1,161.221235,-2.469831656,0.67977326,-3.633316876,0.000279801,0.005608469
Pnma2,254.0396933,-2.318576757,0.638269372,-3.632599118,0.000280581,0.00561324
Lrrn2,538.9792942,-1.859001772,0.511846253,-3.631953467,0.000281284,0.005616463
Smap2,919.7987782,0.957064995,0.263635611,3.630256888,0.000283139,0.005642413
Agrn,380.7786892,-2.589067221,0.713286594,-3.62977132,0.000283672,0.005642413
Dapk1,589.5563054,-1.815071016,0.500278675,-3.6281199,0.000285493,0.005667741
Nlgn3,304.4908935,-2.040189549,0.562647168,-3.626054953,0.000287784,0.005690671
Adora1,455.1013332,-1.540456839,0.424883683,-3.625596609,0.000288295,0.005690671
Efnb3,537.7747679,-2.501518414,0.689928859,-3.625762832,0.00028811,0.005690671
Neurod1,383.937533,-2.258866599,0.623119316,-3.62509481,0.000288855,0.005690892
Sfxn1,396.1929272,-2.333160408,0.643891258,-3.623531737,0.000290608,0.005714546
Tpt1,2463.203184,1.201343853,0.332031298,3.618164499,0.0002967,0.005795149
Cwc22,102.1407713,-2.294744581,0.634170758,-3.618496364,0.00029632,0.005795149
Trim39,143.8244277,2.022849451,0.558903606,3.619317231,0.000295381,0.005795149
1500009C09Rik,80.03823007,-3.044995285,0.84163505,-3.617952086,0.000296943,0.005795149
Ssbp2,562.1150452,-2.091384875,0.578650496,-3.614245367,0.000301224,0.005867634
Htr1a,164.6619975,-2.902014107,0.803233255,-3.612915785,0.000302773,0.005886749
Pik3ip1,236.4523099,-2.871247712,0.79757079,-3.599991057,0.000318228,0.006175652
Nipal3,160.5426373,-2.693034827,0.748673278,-3.597076196,0.000321814,0.006233572
Arhgap32,492.3016363,1.598647043,0.444631057,3.595446197,0.000323836,0.006249372
Dvl2,115.1012624,-2.972458473,0.826692691,-3.595602703,0.000323641,0.006249372
Enc1,1659.872718,-1.454474434,0.404914435,-3.592053799,0.000328082,0.006319544
Ubr4,1678.232028,1.389626072,0.387326728,3.587736065,0.000333562,0.006401296
Camta1,1005.289076,-1.378514859,0.384192219,-3.588086352,0.000333114,0.006401296
Mtx3,96.40607029,-2.616728486,0.730352134,-3.5828313,0.00033989,0.006510687
AI597479,111.0324706,-2.760445526,0.771056366,-3.580082658,0.000343486,0.006555323
Ajap1,91.78026285,-3.017665638,0.842831577,-3.580389869,0.000343082,0.006555323
Cpne4,402.8985973,-2.105353682,0.588463334,-3.577714292,0.000346612,0.006602832
Mki67ip,575.3281057,1.531152058,0.428415082,3.57399196,0.00035158,0.006685176
Cep290,152.1312681,2.185297888,0.611676564,3.572636287,0.000353405,0.006707584
Spcs1,686.272054,1.091798613,0.305707204,3.5713866,0.000355096,0.006727354
Lingo1,867.6159642,1.823477103,0.51073324,3.570312168,0.000356556,0.006742683
Dom3z,52.6808045,-2.974353005,0.833315613,-3.569299506,0.000357937,0.006756469
Hcn1,131.3802699,3.184239329,0.892404548,3.568156769,0.000359501,0.00677366
Dgkh,637.2661975,-1.900817972,0.533297079,-3.564275984,0.000364862,0.006862185
Dpysl2,2774.706164,-1.280848105,0.359615951,-3.561711048,0.000368446,0.006913231
Rab3b,168.3699884,-3.11900247,0.875784715,-3.561380343,0.00036891,0.006913231
Mob4,482.0050791,1.33618289,0.375281371,3.560482864,0.000370173,0.006924382
Hmox1,96.54291472,3.101274381,0.871524075,3.558449468,0.000373051,0.006965627
Abhd4,165.7640195,-3.202234989,0.900138197,-3.557492614,0.000374412,0.006973932
Kcnt2,77.64306357,-3.011001047,0.846517175,-3.556928476,0.000375216,0.006973932
Pnmal2,2331.458062,-1.186865335,0.333739927,-3.556258144,0.000376174,0.006973932
D630045J12Rik,345.3763014,-1.665272466,0.468266523,-3.556249239,0.000376187,0.006973932
Atp6v0e2,2071.342307,-1.124732644,0.316355749,-3.555278027,0.00037758,0.006987245
Vimp,622.0240139,2.005092047,0.564230215,3.553677192,0.000379885,0.00701738
Lxn,66.623152,-3.436666877,0.967549741,-3.551927857,0.00038242,0.007051629
Akt1,251.7085218,-1.796346826,0.506623514,-3.545723357,0.000391537,0.007206924
Rgl1,271.6122546,-2.172611637,0.612831715,-3.545201046,0.000392314,0.007208417
Zfp697,78.67099077,2.559395543,0.722229124,3.543744578,0.000394487,0.007235524
Aff3,193.6191208,2.603593515,0.735164203,3.54151291,0.000397839,0.007271269
Slc50a1,182.3534039,-3.024613858,0.853982436,-3.541775253,0.000397444,0.007271269
Nr1d1,267.4143956,-2.221206194,0.627322287,-3.540773605,0.000398956,0.007278835
Mink1,426.5813325,-1.541105834,0.435535922,-3.538412689,0.00040254,0.007331329
Pgm2l1,1112.083704,-1.697290089,0.480259518,-3.534110257,0.00040915,0.007431251
Elac1,178.9946544,-3.129848416,0.885661695,-3.533909655,0.000409461,0.007431251
Pon2,149.7751075,-2.592925416,0.73430969,-3.531106088,0.000413826,0.007466623
Cdk11b,705.6043194,1.453834831,0.41166435,3.53160246,0.00041305,0.007466623
Cdc16,391.4088414,1.572892257,0.445448584,3.531029875,0.000413945,0.007466623
Tuba1a,1488.07358,-1.207677056,0.342039835,-3.530808201,0.000414292,0.007466623
Kcnn3,59.71917517,-3.037179226,0.861115173,-3.527030206,0.000420249,0.007560831
Zfp668,182.6690886,-2.14171157,0.608157562,-3.521639299,0.000428887,0.007702875
Ttyh1,735.2409032,1.655975637,0.470676997,3.518284617,0.000434346,0.007787422
Isoc1,86.54078958,-2.422578443,0.688914302,-3.516516401,0.00043725,0.007806646
Pde1b,628.6367542,-2.006801378,0.570721036,-3.516256193,0.000437678,0.007806646
Rfx3,1249.692953,-1.453251133,0.413235475,-3.516762769,0.000436844,0.007806646
Hrsp12,150.8776606,-3.122946439,0.888497181,-3.514863643,0.00043998,0.007834211
Sac3d1,139.4691468,-2.447086061,0.696522355,-3.513291487,0.000442592,0.007867199
Nkain4,51.90496887,-3.429509462,0.977279048,-3.509242799,0.000449384,0.007974266
Psrc1,78.23685297,-3.331216216,0.950965633,-3.502982758,0.000460079,0.008150088
Snap91,1798.129301,1.125513761,0.321444405,3.501425888,0.000462776,0.008169922
Yipf5,538.8691549,1.440737577,0.411434867,3.501739142,0.000462232,0.008169922
Patz1,79.09749921,-2.637837399,0.753931784,-3.498774631,0.000467401,0.008237553
Impact,1333.400972,1.543813581,0.441502397,3.49672752,0.000471003,0.008282282
0610011F06Rik,166.057279,-2.458650912,0.703190035,-3.496424566,0.000471538,0.008282282
Lmo3,445.0042184,-1.783329458,0.51026734,-3.494892418,0.000474253,0.008287829
Zbtb40,104.7209258,-3.34607233,0.957366163,-3.495081044,0.000473918,0.008287829
Glt25d1,461.4839229,-2.336272337,0.668346222,-3.49560192,0.000472994,0.008287829
Arhgap39,331.3306953,-1.702160887,0.48729365,-3.493090636,0.000477464,0.008315906
Mafg,192.9115126,2.355757219,0.674396309,3.493134804,0.000477385,0.008315906
Ncdn,10408.10643,-1.247231194,0.35733657,-3.490354186,0.000482381,0.008387436
Spock2,135.6244567,-1.220293691,0.349846323,-3.488084943,0.000486493,0.008435553
Magee2,122.3193649,-2.562663974,0.73472352,-3.487929683,0.000486776,0.008435553
Prdm8,253.6261412,-1.98607132,0.569554334,-3.487062076,0.000488358,0.008448838
Mtrr,92.89294874,-2.543900456,0.729898463,-3.48527992,0.000491622,0.008487371
Lmo7,1173.019426,1.460719987,0.419150541,3.484953122,0.000492223,0.008487371
Ncrna00086,133.6718411,-2.753632841,0.790763451,-3.482245971,0.000497227,0.008559403
Gprin1,387.2003226,-1.71660324,0.493520452,-3.478281868,0.000504639,0.008672593
Rps6ka6,35.17484842,3.926162814,1.12895332,3.477701641,0.000505733,0.008676997
Lrrn3,170.1842897,-2.330959861,0.670722409,-3.475297425,0.000510287,0.008740672
Cdk5r1,434.1108586,-1.785639573,0.514452798,-3.470949288,0.000518622,0.008868777
Plcg1,223.6204074,-2.30543443,0.664515842,-3.469344574,0.00052173,0.008907226
Msn,54.67088947,3.608963678,1.040611997,3.468116539,0.00052412,0.008933314
Dync2li1,72.27813748,-2.700534001,0.779074208,-3.466337318,0.000527601,0.008977879
Eif4g2,2438.165623,0.932208026,0.269473701,3.459365511,0.00054145,0.00919843
Aatk,205.0220911,-1.878308425,0.543290837,-3.457279783,0.000545658,0.009254753
Myh10,501.5662154,1.397548683,0.404343504,3.456340136,0.000547564,0.009271903
Olfml2b,97.29905173,-3.101744128,0.898719952,-3.451291052,0.000557912,0.009416348
Pde1a,106.8085594,-2.076236462,0.601561017,-3.451414577,0.000557656,0.009416348
Bcas2,531.0974137,1.183812037,0.343222893,3.449105703,0.000562446,0.009477452
Hap1,617.2157194,-2.112349371,0.612560497,-3.448393069,0.000563933,0.009487069
Pkia,1352.534832,-1.313225714,0.381196752,-3.445007618,0.000571043,0.009591121
Psmd2,2238.607052,1.522467632,0.442316136,3.442035026,0.000577355,0.009666831
2610019F03Rik,120.2745213,3.077968717,0.894236784,3.442006381,0.000577417,0.009666831
Dgcr2,568.1814391,-1.587866749,0.461644375,-3.43958864,0.000582599,0.009719345
Cabyr,70.80294281,-3.390249743,0.985757788,-3.439232013,0.000583367,0.009719345
Atp1b2,835.7221447,-1.923455237,0.559239148,-3.439414505,0.000582974,0.009719345
Mcm2,53.60640213,3.293651404,0.958454529,3.436419051,0.000589458,0.009805069
Ntn5,38.76310882,-2.74952671,0.800386779,-3.435247537,0.000592013,0.009831777
Ptpmt1,112.6994463,-2.367856224,0.68973973,-3.432970612,0.000597007,0.009884034
Car4,219.1869167,-2.575675211,0.750376501,-3.432510488,0.000598021,0.009884034
Pgam2,108.3430195,-3.500454927,1.019732778,-3.432717867,0.000597564,0.009884034
Igsf8,745.140536,-2.117759857,0.617135333,-3.431597162,0.000600038,0.009885843
1110059E24Rik,142.4196179,-2.558360888,0.745447838,-3.431978413,0.000599195,0.009885843
Caml,210.4640019,2.253495726,0.65700815,3.429935725,0.000603724,0.009930785
Sec14l1,563.3991493,-2.309025017,0.673473747,-3.428530106,0.000606859,0.009966533
Mmd2,818.5579068,-1.878332093,0.547934875,-3.428020696,0.000607999,0.009969454
Cyb5r1,232.2495432,2.065686278,0.602742553,3.427145253,0.000609963,0.009971776
Zfp369,53.58868975,-3.113130862,0.908386454,-3.427099609,0.000610065,0.009971776
Txnl1,742.7093061,1.589815269,0.463976904,3.426496565,0.000611421,0.009978206
Them4,150.420392,-2.375854928,0.693734377,-3.424732876,0.000615404,0.010027411
Ggh,39.05095039,-3.233401805,0.945414219,-3.420090093,0.000626004,0.010173516
Grm5,1173.318627,-1.191559536,0.348414664,-3.419946574,0.000626334,0.010173516
Rhobtb2,219.3465257,-2.236969681,0.654200693,-3.419393629,0.000627609,0.01017826
Zcchc18,1297.603945,-1.573290898,0.460530688,-3.416256376,0.000634884,0.010280168
Adprh,381.0459863,-2.001150989,0.586097539,-3.414365113,0.000639308,0.010335652
Cir1,169.6034343,-1.639593746,0.480460336,-3.412547557,0.000643587,0.01037246
Fzd3,884.7611963,1.333117006,0.390604766,3.41295632,0.000642622,0.01037246
BC049635,54.34526604,-2.928964071,0.858664821,-3.411067974,0.00064709,0.010406025
Csmd3,478.9891159,-2.071999244,0.607628705,-3.409975905,0.000649686,0.010406025
Fam126a,102.2694263,-2.970711301,0.871047751,-3.410503381,0.000648431,0.010406025
Rasgrf2,484.827827,-1.969499408,0.577516875,-3.410288933,0.000648941,0.010406025
Ccdc177,34.01782488,-3.45444651,1.01422642,-3.405991445,0.000659242,0.01052601
Chac1,58.79784896,3.421592769,1.004707393,3.405561455,0.000660282,0.01052601
Mtus2,156.5288974,-2.351233909,0.690490396,-3.40516526,0.00066124,0.01052601
Wwc1,74.22059038,-2.263559605,0.664688308,-3.405445196,0.000660563,0.01052601
Dgat2l6,43.36367364,3.528153606,1.036780703,3.402989268,0.000666529,0.010593926
Grem2,167.0986354,2.758400646,0.810802071,3.402064137,0.000668789,0.010613575
Edem1,134.1215715,2.710914777,0.796956399,3.401584807,0.000669963,0.010615949
Htatsf1,513.7026056,-1.723220479,0.506754879,-3.40050101,0.000672625,0.010630439
Stxbp6,1257.60641,-1.308147262,0.384753635,-3.399960763,0.000673955,0.010630439
Zfand5,1950.379663,1.071134977,0.315036441,3.400035165,0.000673772,0.010630439
Pfkm,710.0824133,-1.535069868,0.451658401,-3.398740872,0.000676968,0.010661735
Pts,105.349345,-1.946480082,0.573659297,-3.393094286,0.000691078,0.010867445
Mgst3,106.629636,-2.570598428,0.758422743,-3.389400504,0.000700456,0.010998224
Zc3h6,44.99744899,-2.206147627,0.651422866,-3.38665979,0.000707491,0.011091869
Snapc5,42.57814481,-3.261659898,0.964185148,-3.382814914,0.00071747,0.011231327
Ppap2b,120.7004277,-2.702804447,0.79926028,-3.381632387,0.000720565,0.011245806
Ifrd1,531.4551646,2.278850384,0.673817197,3.382000923,0.000719599,0.011245806
Ddn,1545.748567,-1.163326862,0.3443601,-3.378227801,0.000729546,0.011368853
Tceal3,314.7214969,-1.39325419,0.413353596,-3.370611029,0.000750017,0.011670306
Kcnh3,151.6587808,-2.183098322,0.648223786,-3.367815821,0.000757662,0.01177159
Adam11,421.0391295,-2.005698789,0.595833171,-3.366208677,0.00076209,0.011804996
Pcdh17,1530.505852,1.327255445,0.394270933,3.366353775,0.00076169,0.011804996
Asb6,161.4704768,2.491802585,0.740896966,3.363224171,0.000770378,0.011818668
Dtd1,590.3661333,-2.076434461,0.617514799,-3.362566315,0.000772216,0.011818668
Fundc2,122.045779,-1.975162276,0.587461034,-3.36220134,0.000773237,0.011818668
Hs6st1,229.8930065,2.446838167,0.727628573,3.362757126,0.000771682,0.011818668
P4ha2,38.87483032,3.405416746,1.012829692,3.362279732,0.000773018,0.011818668
Pck2,29.96667374,-3.405798646,1.012369349,-3.364185856,0.000767698,0.011818668
Pus1,72.08714484,-2.324227513,0.690723432,-3.364917717,0.000765665,0.011818668
Snhg11,7716.742582,1.549267685,0.46061447,3.363480276,0.000769663,0.011818668
Ube2l6,105.696058,-2.254816688,0.670319965,-3.363791633,0.000768796,0.011818668
Selm,469.4018973,-1.8352518,0.546021318,-3.361135797,0.000776227,0.011846886
Elmo1,312.8524821,2.784857779,0.828694712,3.360535235,0.000777916,0.011855212
Camk2a,6728.913039,-1.090482133,0.324597196,-3.359493391,0.000780855,0.011882529
Tcf7l2,44.29954696,2.778005965,0.827437318,3.357361222,0.000786902,0.011956993
Socs7,307.9955708,-1.664953117,0.496347094,-3.354412945,0.000795336,0.012067444
Rtn4rl1,1257.615678,1.27120107,0.379027829,3.353846265,0.000796966,0.012074505
Nmnat2,512.5667407,-2.123174031,0.633196179,-3.353106197,0.0007991,0.012089164
Slc9a8,186.2709241,-3.053665199,0.911255791,-3.351051625,0.000805053,0.012161463
4932415G12Rik,149.5278297,-2.274782309,0.679251258,-3.348955608,0.000811168,0.012236002
Gucy1a3,133.8147978,-2.513076532,0.75102469,-3.346196957,0.000819282,0.012340432
Fam214b,181.5977226,2.489763734,0.745040658,3.341782366,0.000832423,0.012520174
Ndrg3,1707.915907,-1.735114511,0.519303039,-3.341236967,0.00083406,0.012526615
A930005H10Rik,95.57679893,-2.632432249,0.788105346,-3.340203517,0.00083717,0.012555129
Slc44a5,129.3586895,-2.557245245,0.766041319,-3.338260198,0.000843048,0.012615124
Clns1a,534.554051,-1.758831427,0.526899678,-3.338076491,0.000843605,0.012615124
Zcchc5,54.64104065,-3.374528437,1.011259044,-3.336957485,0.000847009,0.012647773
Aamdc,99.48289968,-2.676068175,0.803375219,-3.331031517,0.000865248,0.012901533
Adal,59.21414447,-2.708470292,0.813250042,-3.330427486,0.000867127,0.01291098
Acyp1,70.55243365,-2.145468172,0.644732837,-3.327685592,0.000875706,0.012964207
C1ql2,1592.579737,-1.85810723,0.558330661,-3.327969178,0.000874815,0.012964207
Prkra,43.488017,3.124269852,0.93874842,3.328122621,0.000874334,0.012964207
Samd4b,170.9856813,1.655263262,0.497390309,3.327896087,0.000875045,0.012964207
Lasp1,66.21701632,-2.766896824,0.83196189,-3.325749482,0.000881811,0.013027013
Nlk,343.13775,1.736218894,0.522085736,3.325543629,0.000882463,0.013027013
Pstpip2,63.52415848,-2.604515752,0.783807148,-3.3229038,0.000890856,0.01313221
Zfp334,75.36016792,3.385844972,1.019074934,3.322469092,0.000892246,0.013134007
Ppp1r12b,428.9722726,1.27389158,0.38347964,3.321927551,0.000893979,0.013140858
Twf1,558.7282319,-1.420610823,0.427882995,-3.320091796,0.000899879,0.01320884
Efr3a,840.5367192,1.585344567,0.478145532,3.315610959,0.00091443,0.013328047
Hipk2,280.781894,2.761751185,0.832852777,3.316013662,0.000913114,0.013328047
Mmp17,573.744808,-2.158725702,0.651052676,-3.315746606,0.000913987,0.013328047
Rapgef1,426.7543025,2.148649282,0.647952486,3.316059941,0.000912962,0.013328047
Vegfa,58.93986905,2.186602985,0.659359313,3.316254041,0.000912329,0.013328047
Med8,286.0848506,2.274796994,0.68626543,3.314748049,0.000917258,0.013331754
Siae,35.06683209,-3.296940676,0.994582048,-3.31490065,0.000916757,0.013331754
Tmbim4,232.1186784,2.035638754,0.614242068,3.314066002,0.000919498,0.013345599
Rftn1,45.58357954,-3.001327309,0.905958635,-3.312874552,0.000923424,0.013365142
Slc27a1,184.2192812,-1.502109625,0.453381073,-3.313128215,0.000922587,0.013365142
Actl6b,346.4734745,-2.056351625,0.621020676,-3.311245029,0.000928818,0.013405773
Epor,96.94255036,-3.03374903,0.916100486,-3.311589804,0.000927675,0.013405773
Tppp3,57.82433338,-2.992988133,0.905591127,-3.305010445,0.000949729,0.013688508
9330159M07Rik,81.57716548,1.669487797,0.505342872,3.303673383,0.000954269,0.013734852
Mast3,1493.266543,-1.062439789,0.321744135,-3.302126355,0.000959548,0.013791678
Eif3c,1652.736079,1.330131222,0.403170118,3.299181069,0.000969673,0.013917903
4930444A02Rik,207.8156413,-1.958627721,0.593935617,-3.297710501,0.000974766,0.013971643
Park7,1150.074772,-1.078979849,0.327295351,-3.296654982,0.000978436,0.013985564
Tada3,147.3622514,-2.544504514,0.7718279,-3.296725231,0.000978191,0.013985564
Usp16,393.4848873,1.833338395,0.556302788,3.295576501,0.0009822,0.01402002
Stmn3,1711.074407,-1.177197655,0.35727132,-3.294968246,0.000984328,0.014031075
Aqp7,82.34775303,1.846601587,0.560594205,3.294007626,0.000987698,0.014040489
Cep44,54.38447702,-2.754419083,0.836101091,-3.294361305,0.000986456,0.014040489
Psmd14,1232.727826,1.341329044,0.407335016,3.292938221,0.000991463,0.014074694
Mmd,744.1577677,-1.389652484,0.422207922,-3.291393676,0.000996923,0.014132849
1110038B12Rik,132.8038374,2.423443362,0.736891744,3.288737294,0.001006379,0.014247413
Cds2,869.0619307,-1.393000905,0.423664365,-3.287982234,0.001009082,0.014258835
Map3k5,78.53463895,-3.050839657,0.927943303,-3.2877436,0.001009938,0.014258835
Chl1,657.0404536,-1.264164197,0.384605333,-3.286912817,0.001012922,0.014262105
Ppp2r3d,49.09366134,2.020234641,0.61460892,3.287024604,0.00101252,0.014262105
Apcdd1,67.13660859,-3.02314204,0.920318687,-3.284886075,0.001020236,0.014298251
B3galt1,196.5520293,-2.288221933,0.696636147,-3.284672986,0.001021008,0.014298251
Rnf123,88.95832888,-2.460212089,0.748894971,-3.285122995,0.001019379,0.014298251
Sgk3,73.53559732,1.810796125,0.551131886,3.285594919,0.001017672,0.014298251
Add2,1429.495258,-1.347890245,0.410538906,-3.283221703,0.001026279,0.014314039
Il16,72.81712151,-2.763437946,0.841667649,-3.283288776,0.001026035,0.014314039
Thra,585.0293158,-1.647855147,0.501868878,-3.283437608,0.001025493,0.014314039
4833424O15Rik,180.6516947,-2.109844971,0.642767662,-3.282437956,0.001029136,0.014334596
Dhx37,55.4585137,-2.356739343,0.718860989,-3.278435441,0.001043842,0.014519918
Ier3ip1,610.1234011,1.072512801,0.327298058,3.276868821,0.001049651,0.01457602
Rtl1,105.1712386,2.755080975,0.840837912,3.27658986,0.001050689,0.01457602
Daglb,360.4114589,1.722301134,0.525727956,3.276031097,0.00105277,0.014585364
Pea15a,2836.254402,-1.056110843,0.322428027,-3.275493301,0.001054776,0.014593652
Slc26a2,41.11029632,3.494855693,1.067259945,3.27460588,0.001058095,0.014600581
Urod,312.5461108,-2.285755992,0.697995199,-3.274744575,0.001057575,0.014600581
Cln6,59.53359799,-2.871511034,0.878294289,-3.269417858,0.00107769,0.014831479
Otof,71.5598641,-3.295824306,1.008012223,-3.269627324,0.001076893,0.014831479
Zcchc2,58.07122842,-2.747318318,0.840531795,-3.268547765,0.001081009,0.014857426
Celf5,427.987352,-1.372853912,0.420077644,-3.268095632,0.001082738,0.014861472
Dkk3,103.114359,-2.6688533,0.816860583,-3.267207838,0.001086139,0.014888438
Mfge8,106.5854917,-3.14594642,0.963111789,-3.266439531,0.001089091,0.014909176
Rsbn1l,80.26738276,-2.162531084,0.662397064,-3.264705118,0.001095781,0.014980973
Cul3,461.5381314,1.739920555,0.533168781,3.263357905,0.001101004,0.015032546
Kcnb2,64.94047177,-3.103350081,0.951334169,-3.262103036,0.001105889,0.015079384
Ctc1,188.0567867,-2.399492232,0.736257786,-3.259038176,0.001117906,0.015223209
Kcnc2,141.5812476,-3.102358766,0.95211441,-3.258388627,0.001120468,0.015238077
Dpf1,350.4974675,-1.294971403,0.397555367,-3.257335985,0.001124632,0.015274659
Ubxn1,473.8015087,1.383924514,0.425595974,3.251733099,0.001147037,0.015558563
Vars2,73.10639146,-3.002284627,0.923513734,-3.250936633,0.001150255,0.015581819
B230118H07Rik,140.2708016,-2.749820879,0.845976608,-3.250469167,0.001152148,0.015584804
Emc1,721.0261109,1.479283115,0.455195536,3.249775092,0.001154963,0.015584804
Slc17a5,161.672878,-1.66236714,0.511592164,-3.249399148,0.001156491,0.015584804
Tef,902.6355445,-1.365813443,0.420304558,-3.249580374,0.001155754,0.015584804
Slain1,37.72689659,-2.910989464,0.896816083,-3.245915766,0.001170735,0.015756265
Kdm6b,168.435153,-2.11042896,0.650272638,-3.245452504,0.001172641,0.015761454
Ubfd1,456.7935371,1.909345137,0.588876441,3.242352732,0.001185472,0.015913272
Anxa6,582.630803,-1.64562047,0.507703618,-3.241301444,0.001189853,0.015951417
Kcna4,690.7233379,1.517771129,0.469208345,3.234748794,0.001217498,0.016279912
Lmo1,155.2738556,-2.753891612,0.851281135,-3.23499664,0.001216442,0.016279912
Prex2,72.11601139,-1.850434072,0.572392076,-3.23280868,0.001225796,0.016369751
Ifngr2,260.0328007,-1.965213481,0.608481566,-3.229700935,0.001239198,0.01652742
March1,152.7626433,-1.957296618,0.606505476,-3.227170563,0.001250209,0.01665285
Ldha,821.3307116,-1.553166353,0.481759546,-3.223945151,0.001264376,0.016819936
Camk2n1,1978.046669,-1.309961285,0.406919876,-3.219211841,0.001285435,0.017078155
St3gal1,64.20937998,-2.479439186,0.77033335,-3.218657464,0.001287922,0.017089295
Lgi1,1417.378528,-1.255145902,0.390093996,-3.217547345,0.001292917,0.017133628
Plk5,360.2829204,-2.853930251,0.887558243,-3.215485039,0.001302243,0.017219388
Riok3,383.5750872,1.211315802,0.376725346,3.215381746,0.001302712,0.017219388
Limd2,1091.057081,-1.836494422,0.571446052,-3.213766926,0.00131006,0.017294457
Mapt,1275.262904,-1.113116069,0.346502449,-3.212433482,0.001316156,0.017350796
Mettl22,137.4910921,-2.850367758,0.88738396,-3.212101961,0.001317676,0.017350796
Srsf9,282.0847658,-1.560664035,0.486346436,-3.208955429,0.001332181,0.017519538
Col25a1,202.3535875,-2.421586907,0.75542431,-3.205598331,0.00134782,0.017702734
Map6,355.3651617,-1.726395059,0.538685535,-3.204829065,0.001351427,0.017727645
Dtymk,259.9925158,-1.551089822,0.484103912,-3.204043147,0.001355122,0.017753636
Deaf1,432.7777181,-2.136691395,0.667553415,-3.200779661,0.001370563,0.017896553
Psmd6,1246.002126,1.436251093,0.448682755,3.201039213,0.001369329,0.017896553
Zbtb18,917.9762177,-1.620188441,0.506207113,-3.200643371,0.001371211,0.017896553
Id2,892.209661,1.519397344,0.475048847,3.198402338,0.001381913,0.018013544
Atp9a,593.3828674,-1.766354638,0.552941291,-3.194470489,0.001400876,0.018237787
Exoc4,311.9102972,-1.890543552,0.59222204,-3.192288404,0.001411503,0.018353084
Lrrc42,168.2209212,-2.026452587,0.634881539,-3.191859368,0.001413601,0.018357333
Shisa4,740.6001713,1.359800395,0.426292578,3.189828923,0.00142357,0.018463654
Btbd2,219.3210228,-2.535083181,0.794988173,-3.188831314,0.001428492,0.018504329
Lrrc57,233.0839485,-2.06679751,0.64916835,-3.18376198,0.001453745,0.018807939
Ccdc85b,439.86143,-1.560577331,0.490247965,-3.183240815,0.001456364,0.018818334
Rpn1,800.5696011,1.090201378,0.342555212,3.182556679,0.001459809,0.018839358
1700086O06Rik,49.97438879,-2.267061026,0.712999332,-3.179611709,0.001474725,0.018954788
Bbs2,35.76155875,-2.99057464,0.940386903,-3.180153437,0.001471971,0.018954788
Chst1,741.1827534,-1.381920721,0.434737182,-3.178749777,0.001479117,0.018954788
Mal2,413.8372694,-1.485084207,0.467201571,-3.178679821,0.001479474,0.018954788
Scpep1,56.69547125,2.276689295,0.716222653,3.178745166,0.001479141,0.018954788
Sema3e,98.09577352,2.007002619,0.631404908,3.178630056,0.001479728,0.018954788
Dync1h1,2063.050605,1.018674161,0.320640059,3.177002163,0.001488059,0.019037973
Trappc12,342.6389453,-2.038727149,0.641837285,-3.176392519,0.00149119,0.019054508
Slc38a2,625.4190203,2.203053118,0.693944809,3.174680593,0.001500015,0.019143667
Tmem48,56.60010856,3.022802529,0.952311007,3.174175774,0.001502627,0.019153407
Cct8,1473.048651,1.238612823,0.390464979,3.172148307,0.001513157,0.019240303
Slc38a9,289.5092812,2.30522037,0.726629643,3.172483247,0.001511413,0.019240303
Ptprg,64.02748296,-2.061550561,0.650054543,-3.171350135,0.001517321,0.019269609
Gad1,950.6661664,-1.976309061,0.623278341,-3.170829037,0.001520046,0.01928058
Arsb,561.3641121,-1.792427089,0.565663582,-3.168715729,0.001531141,0.019350258
Med12,152.5644705,-2.238470554,0.706301033,-3.169286817,0.001528135,0.019350258
Nudt10,85.87723228,-2.415818039,0.762336797,-3.168964227,0.001529832,0.019350258
Slc25a23,691.0490367,-1.481962938,0.468391931,-3.163937806,0.001556501,0.019646791
Ctnna2,195.8435857,-1.483689152,0.469038652,-3.163255622,0.001560153,0.019668933
Gmps,385.1252976,1.171935226,0.370741067,3.16106126,0.001571954,0.019793637
Nr3c2,367.0729441,-1.854693939,0.586918578,-3.160053214,0.001577403,0.019838143
Bc1,1889.184541,1.575620618,0.498913955,3.158100913,0.001588006,0.019938258
Sv2c,82.66437807,2.359975053,0.747412499,3.157526878,0.001591136,0.019938258
Ube3a,759.0895395,1.007382476,0.319025859,3.157682825,0.001590285,0.019938258
Kcnj9,440.3700585,-1.511511779,0.478850024,-3.156545271,0.001596501,0.019981329
C1qtnf4,199.1891338,-1.596666249,0.506026624,-3.155300874,0.001603327,0.020029421
Zfand2a,295.7686001,1.804320213,0.571866862,3.155140353,0.001604209,0.020029421
4930506M07Rik,149.0823436,-1.632543695,0.517485769,-3.154760564,0.001606299,0.020031376
Ccnt2,950.9353784,1.897121917,0.601472416,3.154129542,0.001609776,0.020050613
Nphp1,48.97114051,-2.464754095,0.781633388,-3.153337783,0.001614149,0.020056867
Pcnxl2,73.82308104,-2.433166797,0.771550753,-3.153605626,0.001612669,0.020056867
Ldhb,1847.53916,-1.115185504,0.353865626,-3.151437783,0.001624688,0.020163639
Cntn2,34.59599742,-2.825915063,0.897056665,-3.150207979,0.001631543,0.020224494
Racgap1,1871.278453,1.145562977,0.36377598,3.149089107,0.001637802,0.020227908
2610017I09Rik,81.83031721,-2.685039709,0.852728169,-3.148763938,0.001639626,0.020227908
Nsf,6068.057881,-0.873277637,0.277308108,-3.149124066,0.001637607,0.020227908
Slc22a17,1300.614072,-1.21359858,0.385297019,-3.14977412,0.001633967,0.020227908
6330415B21Rik,105.4251505,-2.094508752,0.665617358,-3.146715944,0.001651153,0.020345894
Lrrc17,2995.273401,1.574842751,0.50156803,3.139838779,0.001690408,0.020804871
Cby1,139.9637557,-2.563008547,0.816625353,-3.138536587,0.001697937,0.020842967
Adck1,160.7253606,-2.014372467,0.641875476,-3.138260522,0.001699537,0.020842967
Eprs,1457.079681,1.395674755,0.444647364,3.138835103,0.001696209,0.020842967
Psmb6,1624.539129,1.436821158,0.458871857,3.131203484,0.001740915,0.021325179
Rpl22l1,403.822153,1.084231084,0.346379935,3.130178673,0.001747,0.021374453
Nudt18,179.9023859,-2.252186687,0.719966849,-3.128181095,0.001758918,0.021494887
Zfp282,144.8501549,2.762208827,0.883427395,3.126695915,0.001767827,0.021578314
Abr,3338.997544,0.852123928,0.272617751,3.125709621,0.001773766,0.021616983
Glrb,328.1899443,-1.651666996,0.528452698,-3.125477461,0.001775167,0.021616983
Inpp5k,320.9931096,-2.354605925,0.753468655,-3.125021738,0.001777919,0.02162509
C77080,29.62147918,-3.295265802,1.054657345,-3.124489503,0.001781139,0.021638852
Mgrn1,642.2245916,-1.402299649,0.448890742,-3.123921965,0.001784578,0.021655245
Cbx4,186.1670715,-1.826348483,0.584760198,-3.123243492,0.001788697,0.021669404
Uhrf1bp1l,899.6841698,1.611812835,0.516103602,3.123041243,0.001789927,0.021669404
Gpr22,1265.252597,1.191592779,0.382203795,3.117689556,0.001822747,0.022040987
Krba1,329.8380537,-1.939532067,0.622407236,-3.116178532,0.001832113,0.022128425
Gpr37,156.5899405,-2.106437396,0.676616334,-3.113193236,0.001850748,0.022327475
Tcta,276.7966866,2.302993953,0.740187793,3.111364407,0.00186225,0.02244011
Gemin4,47.23380628,-3.143184762,1.011241922,-3.108242147,0.001882038,0.022652218
Mfsd2a,75.32012264,3.014090027,0.970217093,3.106614023,0.001892433,0.02275091
B3gnt1,317.0159154,-2.014521116,0.648651132,-3.105708161,0.00189824,0.022794272
Endod1,122.135722,-2.732034379,0.88031736,-3.1034653,0.001912687,0.022941171
Phactr1,696.2595345,-1.581101739,0.509550659,-3.102933364,0.001916128,0.022955876
Psmd13,825.579688,1.55295024,0.50114335,3.098814419,0.001942967,0.023250537
Adam8,136.8397986,-2.841440554,0.917259196,-3.097750958,0.001949952,0.023254687
Cnp,126.5761188,2.420224428,0.78128796,3.097736753,0.001950046,0.023254687
Eml1,60.16850945,-2.786257984,0.899277384,-3.098329876,0.001946147,0.023254687
Wnt7b,133.9267061,-2.358312992,0.761395617,-3.09735562,0.001952555,0.023257846
Elovl2,122.982209,2.753886688,0.8893516,3.096510635,0.001958128,0.023297456
Tma16,120.2304017,2.358572568,0.762366683,3.093750841,0.001976434,0.023488286
Phf23,217.6531154,2.628036896,0.849860961,3.092313939,0.001986027,0.023575254
Nbea,1457.603781,-0.964922662,0.312375665,-3.088981541,0.002008439,0.023814022
Dhrs7b,141.4575957,-2.823489253,0.914653215,-3.08695056,0.002022212,0.023949927
Psma2,1524.82991,1.311178406,0.424874774,3.08603496,0.00202845,0.023996375
Paip2,700.4232778,-1.057295763,0.342903389,-3.083363414,0.00204675,0.024185262
Usp14,747.1485424,1.293587971,0.419695436,3.082206428,0.002054723,0.024251815
Nudt17,52.50880882,-2.989924405,0.970287416,-3.081483234,0.002059721,0.024258071
Pxdn,666.5844724,1.980749774,0.642868018,3.081114191,0.002062275,0.024258071
Txndc15,478.5966839,1.870906219,0.607152169,3.081445333,0.002059983,0.024258071
Psmd7,1130.16421,1.118227646,0.363266348,3.078258284,0.002082144,0.024464008
Ccdc90a,107.4579285,2.624061871,0.853571964,3.074212816,0.002110588,0.02474211
Ttn,60.48439593,3.158252259,1.027240911,3.074500075,0.002108557,0.02474211
Fam171b,876.1216865,-1.35737976,0.441867314,-3.071917105,0.002126888,0.024905015
Shisa7,482.3139978,-2.082501664,0.678203369,-3.070615333,0.002136182,0.02498561
Magi1,390.4328923,-1.922278406,0.626181866,-3.069840425,0.002141732,0.025000781
Sobp,391.283644,-1.578781017,0.514301012,-3.069760667,0.002142304,0.025000781
Gstm7,361.9929522,-1.765393277,0.575383378,-3.068203469,0.002153499,0.025103165
Usp45,282.2106151,1.654515569,0.539716906,3.065524817,0.002172883,0.025300664
Gnb2,540.11879,-1.400106815,0.45708839,-3.063098615,0.002190579,0.025478076
Tspan7,4932.651197,-0.708783969,0.231541603,-3.061151689,0.002204874,0.025615589
Adck2,68.54922425,-2.828128436,0.924924971,-3.057684162,0.002230545,0.025773335
Epn2,615.4768488,-1.69901758,0.55552261,-3.058413015,0.002225127,0.025773335
Naa16,188.9658524,2.080114764,0.680257518,3.05783429,0.002229428,0.025773335
Rhog,55.56070605,3.089420862,1.010345873,3.057785403,0.002229792,0.025773335
Sacm1l,289.9397483,1.937556969,0.633677629,3.057638268,0.002230887,0.025773335
Gmpr,207.6855292,-2.699386189,0.882937352,-3.057279414,0.00223356,0.025775478
Gss,186.6632123,-2.291338076,0.749781115,-3.056009319,0.002243043,0.025827392
Krt12,69.32706981,-3.030061868,0.991506596,-3.056017864,0.002242979,0.025827392
Adrm1,820.4826433,1.177491507,0.385423157,3.05506165,0.002250143,0.025859528
Sms,397.6428313,-1.643136644,0.537856746,-3.054970783,0.002250824,0.025859528
Cops5,674.1419239,1.238574157,0.405589069,3.053766122,0.002259882,0.025934835
Zfp191,161.3374914,-1.752483402,0.574322581,-3.051392125,0.002277829,0.026111881
Phf1,123.8595506,2.82269718,0.925348029,3.050416808,0.00228524,0.02616789
Apaf1,158.5278437,-2.061899313,0.676406558,-3.048313603,0.002301296,0.026235791
Fancm,84.92350405,2.602986179,0.853800238,3.048706316,0.00229829,0.026235791
Spag5,168.9670503,-2.752569676,0.902925961,-3.048499871,0.00229987,0.026235791
Tanc1,996.1463055,1.347996416,0.442191268,3.048446488,0.002300279,0.026235791
Mirg,126.6471583,2.688611822,0.882186608,3.047667915,0.002306246,0.026242868
Slc5a6,88.43209715,-3.02663274,0.993129168,-3.047572095,0.002306982,0.026242868
Ccdc59,316.5581281,1.339152058,0.439728763,3.045404735,0.002323674,0.026374843
Evc2,75.78540263,-3.097595416,1.017066766,-3.045616592,0.002322037,0.026374843
Topbp1,93.22126127,2.650960532,0.8706158,3.044925825,0.002327377,0.026387974
Rab28,378.1168452,-2.081040255,0.683689659,-3.043837549,0.002335812,0.02642579
Jup,111.7955731,2.554371146,0.839184598,3.043872771,0.002335539,0.02642579
Glo1,772.5548501,-1.726144879,0.567183137,-3.043364242,0.00233949,0.02643853
Zfp532,195.2955326,-2.286516151,0.751542815,-3.042429661,0.002346767,0.026491876
P2rx4,65.1105248,-3.07883683,1.012103707,-3.042017147,0.002349985,0.026499342
Mzt2,89.67897498,-2.400786499,0.789455082,-3.041067888,0.002357407,0.026554137
Add1,1723.141995,-0.918362031,0.30216038,-3.039319815,0.00237113,0.026679717
Sec61a1,631.4610871,1.357106033,0.446658555,3.03835227,0.002378757,0.026736507
Afg3l2,622.1898639,1.368110911,0.450763959,3.03509383,0.002404609,0.026997789
Wdr41,146.7898894,-1.831452543,0.603770627,-3.033358136,0.002418484,0.027124187
Syt17,444.3865874,-2.406255627,0.793421559,-3.032758057,0.002423298,0.027148797
Map3k4,386.4254251,-1.72065633,0.567539236,-3.031783923,0.002431132,0.027207146
Lars2,367861.4322,1.560801656,0.514938935,3.031042225,0.002437112,0.027215289
Ppil4,917.9125178,1.402660689,0.462723909,3.031312324,0.002434932,0.027215289
Fip1l1,331.9340427,1.213284706,0.40076472,3.027423933,0.002466478,0.027483989
Tusc2,367.3437808,-1.865326735,0.616136571,-3.027456613,0.002466211,0.027483989
Smarcb1,555.5828045,-1.340721013,0.442906507,-3.027097124,0.002469146,0.027484169
8430429K09Rik,51.9357125,-2.428575595,0.802525257,-3.02616718,0.002476753,0.027509746
Ptprs,1050.54785,-1.46087976,0.48269798,-3.02648824,0.002474124,0.027509746
Mia3,743.9714762,1.172147783,0.388016365,3.020872031,0.002520479,0.027965439
Psmd11,1333.71456,1.418154982,0.469677265,3.019424375,0.002532555,0.028069378
Bend6,153.4241285,-2.162792548,0.716709756,-3.017668631,0.002547273,0.028141076
Elp3,278.0427584,-2.276806716,0.754569673,-3.017357835,0.002549886,0.028141076
Gabra5,490.5664557,-1.559415583,0.516656395,-3.018283718,0.002542108,0.028141076
Kndc1,220.6833623,-2.25428675,0.747062832,-3.017533003,0.002548413,0.028141076
Actg1,5218.061612,-0.863190374,0.286191191,-3.016131878,0.002560219,0.028202999
Rbm34,392.0374677,1.206371805,0.399984488,3.016046473,0.00256094,0.028202999
Nckap5,41.05068056,-2.838464462,0.942012027,-3.013193442,0.002585141,0.028409134
Susd1,86.77813263,-2.82102666,0.936221075,-3.013205678,0.002585037,0.028409134
Pdcd4,474.0997676,-1.277362076,0.423982526,-3.012770571,0.002588745,0.028418612
Sorcs2,41.08093224,-2.714263737,0.901369042,-3.011267983,0.002601591,0.028529409
Phf10,69.85613345,2.405227991,0.798979245,3.010376057,0.002609244,0.028552901
Ppfibp1,101.4532441,-2.456387559,0.815915307,-3.010591342,0.002607395,0.028552901
Csrnp3,439.1687508,-1.385607048,0.460873643,-3.006479255,0.002642921,0.028890917
Ccnd2,533.1934326,-1.614577312,0.538424807,-2.99870528,0.002711294,0.029575941
Elk1,411.6192926,-1.521803851,0.507481671,-2.998736581,0.002711016,0.029575941
Nln,151.2344305,-2.459319433,0.820603722,-2.996963537,0.002726833,0.029714167
Trnp1,115.6144695,1.817343165,0.606526391,2.996313418,0.002732654,0.029746318
Astn1,651.3858803,-1.815979441,0.607245799,-2.990517916,0.002785048,0.030261217
Chrm1,1330.488912,-1.087002701,0.363648484,-2.989157796,0.002797476,0.030261217
Eif2c4,103.2554268,-2.372043012,0.793395437,-2.98973614,0.002792185,0.030261217
Ggact,57.68816631,-2.452160032,0.82012292,-2.989990855,0.002789858,0.030261217
Phyhip,2375.175365,-1.150578212,0.384895615,-2.989325337,0.002795943,0.030261217
Ubxn8,143.582048,1.902064971,0.636291036,2.989300281,0.002796172,0.030261217
Slc15a2,47.2392604,-3.18446542,1.065544436,-2.988580592,0.002802766,0.030286821
Ypel5,1700.826134,1.090045113,0.364840774,2.987728318,0.002810593,0.030339763
Zmat1,82.67616687,-2.717253128,0.909577669,-2.987378892,0.002813808,0.030342859
Syp,2322.453097,-0.973454197,0.326076471,-2.985355531,0.002832489,0.030512561
Nat8l,571.7719941,-1.570994335,0.526425849,-2.984265191,0.002842603,0.030589713
Nit1,120.8689726,-2.305641908,0.77293379,-2.982974658,0.002854616,0.030687125
Camkk2,343.8043738,-1.802764771,0.604669889,-2.981403247,0.002869307,0.030781189
Polr2e,780.6719929,-1.5674082,0.525679883,-2.981678108,0.002866732,0.030781189
Stra13,68.80658873,-2.466121122,0.827374955,-2.980657207,0.002876306,0.030824359
Acot3,101.9766497,-2.513257953,0.843645667,-2.979044463,0.002891488,0.030923108
Slc12a5,1057.357746,-1.290998424,0.433341947,-2.979167911,0.002890323,0.030923108
Sirt5,56.16835145,-2.865843381,0.963334159,-2.974921374,0.002930637,0.03130947
Kif2a,430.3029887,1.406208708,0.473176172,2.971850211,0.002960111,0.031559286
Zswim5,82.27210316,-2.766856195,0.931010162,-2.971886139,0.002959764,0.031559286
Fhad1,69.37644767,-2.51311403,0.845738423,-2.971502726,0.002963462,0.03156255
Rhot2,227.9210787,-1.943379495,0.654250565,-2.970390246,0.002974217,0.031612109
Ebpl,45.98194554,-2.701571425,0.909409092,-2.970688824,0.002971327,0.031612109
Syt16,281.66222,-2.272690339,0.765232223,-2.96993549,0.002978623,0.031626505
Trmt6,549.4869689,1.427759901,0.480796319,2.969573279,0.002982137,0.031631406
Klhdc5,58.65294807,-2.664370452,0.897414761,-2.968939856,0.002988291,0.031664271
Elac2,138.5930326,2.525600752,0.851514911,2.966008837,0.003016918,0.031887303
Fus,336.3682948,-1.088087078,0.366950607,-2.965214006,0.003024724,0.031887303
Rnf182,239.2039506,-1.862354117,0.627846127,-2.966258827,0.003014467,0.031887303
Tmc7,43.26562558,-3.08856889,1.041440994,-2.965668633,0.003020257,0.031887303
Tmem106c,82.23171477,-2.828714289,0.953916933,-2.965367519,0.003023215,0.031887303
Slc6a8,290.4861313,1.841386085,0.621332545,2.963607974,0.003040554,0.031989094
Thap3,108.4735147,-2.456288929,0.828738192,-2.963890108,0.003037767,0.031989094
Crmp1,953.931814,-1.057630837,0.357090742,-2.961798536,0.003058478,0.032145042
Cx3cr1,337.4333572,1.969944217,0.665239771,2.961254427,0.003063887,0.032169263
Fyttd1,857.7579018,1.182689965,0.399440133,2.960869142,0.003067723,0.032176932
Gtf3c5,176.3266807,-2.380842159,0.804212955,-2.960462329,0.003071777,0.032186879
Tpi1,3221.060438,-0.991377715,0.335381562,-2.955969636,0.003116878,0.032626469
Tgfa,59.94319452,-2.255691069,0.763196979,-2.955581757,0.0031208,0.032634559
AU040320,345.152589,-1.679409321,0.568571229,-2.953736022,0.003139524,0.032768298
Itpripl1,70.8688343,1.938128454,0.656170193,2.953697799,0.003139913,0.032768298
Dcaf17,220.7670399,-1.259991679,0.426732445,-2.952650296,0.003150587,0.032815093
Pde4a,425.8831542,-1.099844541,0.372495784,-2.952636215,0.00315073,0.032815093
Gria4,231.9792184,2.426158267,0.822471807,2.949837607,0.00317941,0.033080548
Chst2,250.4357265,-1.822022131,0.61885701,-2.944173052,0.003238189,0.033658326
Cnpy3,332.8830053,-1.935077386,0.657446053,-2.943324973,0.003247074,0.033716859
Paqr7,100.9018521,-2.311192552,0.785320626,-2.942992295,0.003250565,0.033719325
Zbtb5,56.77861113,-2.877825919,0.978114072,-2.942219114,0.003258693,0.033769832
Aes,458.7671867,-1.53565984,0.522217036,-2.940654428,0.003275197,0.033906959
Opcml,490.2092418,-1.699639954,0.578128388,-2.93990053,0.003283176,0.033955644
Vstm2a,888.406211,-1.636985292,0.557141405,-2.93818639,0.003301385,0.034109921
Cacybp,932.2299735,1.287565725,0.438278364,2.937780715,0.003305707,0.034120565
Sqstm1,4244.524214,1.005726276,0.342393534,2.937340153,0.003310408,0.034135081
Syt10,67.65022048,-2.555601887,0.870212308,-2.936756771,0.003316641,0.034165361
Gorasp1,90.59113575,-2.480271279,0.84491197,-2.935538099,0.003329697,0.034231798
Rapgef2,298.5538628,-1.659205589,0.565185515,-2.935683145,0.003328141,0.034231798
Elmod1,684.7992478,-1.271245058,0.433374482,-2.933363892,0.003353106,0.034438297
Larp4,206.6017081,1.536906133,0.524106293,2.932432129,0.003363184,0.034483937
Rock2,1272.508665,0.908297864,0.309752119,2.93233786,0.003364205,0.034483937
Kcnab2,829.3847535,-1.156528168,0.39496174,-2.928203039,0.003409273,0.034911363
Tmtc1,394.153167,1.323361389,0.452092259,2.927193207,0.003420363,0.03499035
Fam19a2,276.7886595,-2.125649101,0.726430385,-2.926156651,0.003431781,0.035045337
Tbc1d7,94.38386798,-2.629814986,0.898746731,-2.926091295,0.003432502,0.035045337
Dcc,254.9480385,-1.580766472,0.540459273,-2.924857713,0.003446138,0.035115362
Mc1r,75.48284606,1.444896867,0.4939967,2.924911982,0.003445537,0.035115362
Zfr2,147.1087641,-1.933018556,0.660972064,-2.924508707,0.003450004,0.03512023
Lrrn1,355.1672715,-2.143504537,0.733180651,-2.923569428,0.00346043,0.035191797
Tspyl5,700.1926793,1.357208968,0.464454426,2.922157464,0.003476157,0.035317078
Cry1,128.9883653,2.196690403,0.751894431,2.921540994,0.003483044,0.035352388
Extl2,406.5965142,-2.224141227,0.762575146,-2.916619088,0.003538476,0.035756237
Agap2,177.4535114,-1.385462205,0.474965482,-2.916974512,0.003534447,0.035756237
Fbxw17,84.79807733,-2.633546346,0.903082911,-2.91617338,0.003543535,0.035756237
Hint1,1205.221225,1.024809981,0.351279259,2.91736547,0.003530019,0.035756237
Pim2,201.8268578,-2.207707269,0.756810739,-2.917119375,0.003532805,0.035756237
Pus7l,33.25928475,3.246528335,1.113224604,2.916328227,0.003541777,0.035756237
4933431E20Rik,210.4389336,-1.67127449,0.573718895,-2.913054639,0.00357912,0.036080173
Atp5g2,379.9734708,-1.299568233,0.44646792,-2.910776282,0.003605321,0.036174653
Hspd1,1183.869659,1.023431335,0.351607367,2.910722104,0.003605946,0.036174653
Rbm6,424.0392703,1.617888114,0.555611238,2.91190675,0.003592299,0.036174653
Spink10,252.9451739,2.387909491,0.820354634,2.910825869,0.003604749,0.036174653
Tmem132a,551.6792645,-1.374894721,0.472343947,-2.910791449,0.003605146,0.036174653
Ankrd26,78.19872576,-2.115960614,0.727090204,-2.91017621,0.00361225,0.036202853
Ablim3,366.1115848,-1.866514717,0.641617977,-2.909074845,0.003625001,0.036295538
Cenpv,69.0963562,-2.182791045,0.750687782,-2.907721556,0.003640723,0.036417777
Cst3,5443.423727,1.196792425,0.4116762,2.907120751,0.003647724,0.036439123
Pak6,863.1420078,1.381282308,0.475211589,2.906667976,0.003653007,0.036439123
Tmem47,711.5586856,1.688919859,0.581056981,2.906633799,0.003653406,0.036439123
Ccnd3,43.3224138,-2.71107145,0.933102835,-2.905436946,0.003667407,0.036492667
Ppapdc1a,228.9794918,2.246983786,0.773415936,2.905272157,0.003669339,0.036492667
Sept3,1503.88523,-1.027939645,0.353774961,-2.905631426,0.003665129,0.036492667
2900011O08Rik,936.5795862,-1.512547783,0.520676486,-2.904966567,0.003672923,0.036493293
Gm15800,1181.990032,-1.08987962,0.375328664,-2.90380065,0.003686628,0.036532278
Nt5dc2,51.15755856,-2.527231203,0.870253964,-2.904015731,0.003684096,0.036532278
Ubash3b,220.2098399,-1.834949142,0.631927604,-2.903733165,0.003687423,0.036532278
Tmem101,85.39961534,-2.159346762,0.74401069,-2.902306097,0.003704264,0.036664076
Adipor2,49.7626155,2.356381881,0.812229995,2.901126398,0.003718239,0.036767278
D830030K20Rik,713.1596865,1.549666758,0.534343843,2.900130281,0.003730076,0.036839038
Kctd13,593.8369325,-1.854641689,0.639549746,-2.899917794,0.003732605,0.036839038
Bicd1,539.9716175,1.458709183,0.503308611,2.89824007,0.003752632,0.037001454
Lin54,59.99238821,2.205177146,0.760984441,2.897795313,0.003757958,0.03701874
Pax6,31.29401205,-2.392798589,0.826029447,-2.896747322,0.003770533,0.037107345
Asnsd1,45.86683376,-2.32931136,0.804324108,-2.895986005,0.003779693,0.037162195
Zbtb20,1374.808965,-1.442324987,0.498215518,-2.894982064,0.003791802,0.037245918
Ano10,83.48273936,2.532594084,0.8764164,2.889715532,0.003855906,0.037839727
Lonp1,400.3222765,1.920987493,0.665047125,2.888498304,0.003870861,0.037950553
Wnk2,166.74753,-1.854909157,0.642248739,-2.888147605,0.00387518,0.037956983
2410006H16Rik,122.8717774,1.728855936,0.598777819,2.887307915,0.003885538,0.0380225
Foxk1,190.0377768,-1.824863348,0.632300577,-2.886069401,0.003900861,0.038100495
Tpp1,323.8322772,-2.005641217,0.69489481,-2.886251544,0.003898604,0.038100495
Fam160b2,193.8271541,-1.324497304,0.459218405,-2.88424264,0.003923563,0.038286144
Rbm45,63.78523494,1.370424292,0.475341832,2.883029013,0.003938712,0.038397807
Esyt3,58.59402242,-2.675219831,0.9283725,-2.881623304,0.003956324,0.038437728
Fbxo2,132.4504595,2.598467339,0.901676222,2.881818633,0.003953872,0.038437728
Haghl,259.1336978,-2.087432214,0.724358083,-2.881768374,0.003954503,0.038437728
Inpp5f,389.8336124,1.780451973,0.61795007,2.88122303,0.003961352,0.038437728
Rorb,464.2647391,1.919427347,0.666166722,2.881301759,0.003960363,0.038437728
Ddo,54.98395148,-2.609313685,0.905935371,-2.880242642,0.003973692,0.038494321
Tm7sf3,167.1268934,-2.278421565,0.791072032,-2.880169532,0.003974614,0.038494321
Sp1,106.5212693,2.593899231,0.900951608,2.879066097,0.003988547,0.038593199
Tbc1d8b,73.14923417,-1.726625978,0.599950754,-2.877946176,0.004002734,0.038694343
Dhx8,199.4031611,1.688804403,0.586995676,2.877030397,0.004014369,0.038770651
Kcng2,147.8972011,-2.262024395,0.786343052,-2.876638115,0.004019363,0.038782732
Atl1,552.8122439,1.312787395,0.456506083,2.875728155,0.004030967,0.038822409
Pcdhb9,83.84112863,-2.905323844,1.010252088,-2.875840474,0.004029533,0.038822409
Rab3gap1,418.7311608,1.422093492,0.494674271,2.874807876,0.004042734,0.038899586
Nedd4,1742.326379,-1.100811589,0.383221393,-2.872521239,0.004072107,0.039145868
3110035E14Rik,173.8690965,-1.764000901,0.614944594,-2.868552579,0.004123547,0.039499874
Lcmt2,348.6938286,1.110134334,0.386946185,2.868963122,0.004118198,0.039499874
Rps12,450.1756411,0.998317799,0.348027323,2.868504085,0.004124179,0.039499874
Sox5,33.88520479,-2.551489469,0.889443256,-2.868636591,0.004122452,0.039499874
Cx3cl1,2584.970173,-0.738580956,0.25762043,-2.866934718,0.004144685,0.039623035
Grik3,136.2661145,-1.671431655,0.582990784,-2.866994988,0.004143896,0.039623035
Nrip3,487.1285874,1.906114156,0.665210654,2.865429385,0.004164441,0.039775213
Hspe1,541.6021872,1.324959402,0.462908122,2.862251364,0.004206432,0.040028696
Marf1,338.5755204,-1.37009514,0.478627769,-2.862548367,0.004202491,0.040028696
Plcb1,883.4139471,-1.065677288,0.372284549,-2.862534294,0.004202678,0.040028696
Sema6b,56.19361638,-2.54415261,0.888698826,-2.862783808,0.00419937,0.040028696
Sorl1,580.5334855,-1.394750483,0.487495089,-2.861055452,0.004222332,0.040143143
Dlg3,496.7732072,-1.259770885,0.44044189,-2.860243121,0.004233163,0.040209233
Rsrc1,294.1406838,-1.785612749,0.624373931,-2.859845136,0.004238479,0.040222858
Gabrb3,1036.907938,-1.211054971,0.42358337,-2.859071099,0.004248835,0.040284247
Gna13,89.97844604,-2.221897739,0.777335766,-2.858350068,0.004258503,0.040339001
Nfia,1169.54749,-1.078790044,0.377478586,-2.85788409,0.004264761,0.040361391
Dscam,376.9421614,-1.971333114,0.689956973,-2.857182683,0.004274198,0.040413786
Rad17,127.427821,2.447321022,0.856689864,2.856717612,0.004280465,0.04043615
Ptpro,437.6312381,1.015629729,0.355731648,2.855044621,0.004303078,0.040575796
Vps37a,529.9983025,1.265136975,0.443115427,2.855095754,0.004302386,0.040575796
Lypd1,103.7313897,-2.058269013,0.721237581,-2.85380167,0.004319949,0.040641764
Prkdc,362.8633209,-2.337214187,0.818924606,-2.854004106,0.004317197,0.040641764
Cyp51,207.9624712,1.990388307,0.697485493,2.853662661,0.00432184,0.040641764
Ctsf,204.4694891,-2.177228649,0.763223239,-2.852676043,0.004335279,0.040671111
Nagpa,96.90895171,2.810470449,0.985241747,2.852569391,0.004336734,0.040671111
Zbtb14,99.890821,-2.544978619,0.892101858,-2.852789283,0.004333735,0.040671111
Tmem150c,193.9367192,-2.147605461,0.752951118,-2.852250844,0.004341083,0.040675083
Dzip3,786.3965773,1.241658143,0.435497602,2.851125096,0.004356483,0.040745695
R3hdm4,1441.787604,-0.740622173,0.259760712,-2.851170858,0.004355856,0.040745695
Rab14,1712.984209,0.998602083,0.350293577,2.850757615,0.00436152,0.040756028
AI314180,673.5856932,1.375209232,0.482608297,2.849535,0.004378319,0.040802624
Calm3,2816.177334,-0.86251425,0.302639027,-2.849976943,0.00437224,0.040802624
Dnase2a,62.73642593,1.68037858,0.589701754,2.849539737,0.004378254,0.040802624
Abhd12,897.818111,-1.261073036,0.442792424,-2.848000476,0.004399486,0.040929353
Elovl5,82.27556069,-2.058209263,0.722691785,-2.847976557,0.004399817,0.040929353
Map2k7,243.6162436,-1.533606122,0.538663008,-2.847060406,0.004412499,0.041010516
Cltb,1648.455777,1.330884718,0.467938505,2.844144485,0.004453085,0.041286599
Crlf1,141.5639634,-2.23132255,0.784401854,-2.844616621,0.004446491,0.041286599
Ufd1l,939.5320747,1.481816682,0.521020154,2.844067873,0.004454156,0.041286599
Pofut1,69.55919728,-2.618655272,0.920961845,-2.843391706,0.004463618,0.041337327
Kcnq2,591.6069303,-1.373546814,0.483786051,-2.839161675,0.004523223,0.041851931
Acadvl,396.3378099,2.384346281,0.840128589,2.838073021,0.00453868,0.041948811
Slc24a2,987.0543824,-0.826189298,0.291131673,-2.83785439,0.00454179,0.041948811
Ocln,81.34402157,-2.211389934,0.779454736,-2.837098593,0.004552555,0.042010801
Nrsn2,52.97288027,-2.626725745,0.926880738,-2.833941453,0.004597775,0.042364715
Psme4,376.3714895,1.702769484,0.600867781,2.833850538,0.004599084,0.042364715
Zfp846,81.51055799,-2.53934307,0.896301806,-2.833133942,0.004609407,0.042422098
Plekhb1,376.2502635,-1.934940474,0.683178694,-2.832261149,0.004622008,0.042490248
Saal1,107.8509509,-2.687880519,0.949092448,-2.832053427,0.004625012,0.042490248
Prss23,53.40184891,2.929182445,1.035266331,2.829399893,0.004663539,0.042806246
Rbfox1,2315.155779,-0.862980657,0.305138807,-2.828157671,0.004681674,0.042934681
Iqcb1,213.3343989,1.90432021,0.673733655,2.826517862,0.004705712,0.04311697
Nicn1,410.6042579,-1.439221386,0.509378881,-2.825443771,0.004721517,0.043147341
Rbbp7,1586.1535,1.250649359,0.442609883,2.825624563,0.004718854,0.043147341
Scg3,311.932351,-1.44796589,0.512461486,-2.825511636,0.004720517,0.043147341
Bdp1,555.890314,1.475982221,0.52261429,2.82422859,0.004739457,0.043259273
Fam173a,346.7137147,-1.86761005,0.661323548,-2.824048918,0.004742115,0.043259273
Npas2,38.54029362,2.825309348,1.000798243,2.823055863,0.004756828,0.043355331
Sod1,2102.272935,0.873082208,0.30945037,2.821396553,0.004781506,0.043541953
Nedd4l,1413.428978,-0.919587743,0.326085789,-2.820079181,0.00480118,0.04368273
Chst12,65.54075791,-2.485965377,0.88181491,-2.819146453,0.004815154,0.043771442
Cct2,765.6255256,1.298823904,0.460833495,2.818423394,0.004826013,0.043793795
Psma3,1757.575901,1.031680529,0.366049265,2.81841989,0.004826065,0.043793795
Abcg1,361.7726223,-1.936619292,0.688255319,-2.813809407,0.004895825,0.044254917
Olfm2,29.30659596,-2.672270746,0.949530469,-2.814307526,0.004888244,0.044254917
Park2,73.35489681,-2.679356211,0.952125643,-2.814078405,0.00489173,0.044254917
Phf21a,225.5164184,-1.389831536,0.493960123,-2.81365129,0.004898233,0.044254917
Sort1,911.6608095,-1.602391017,0.569415168,-2.814099637,0.004891406,0.044254917
Dixdc1,322.9868637,-1.760623855,0.625845276,-2.813193489,0.004905213,0.044279371
Rab3d,156.6077936,-2.000346821,0.711183763,-2.812700352,0.004912741,0.044308732
Scrn3,89.19948363,-2.302660125,0.819041873,-2.811407085,0.004932533,0.04444856
Trmt2a,342.6342865,-1.931613789,0.68725169,-2.810635199,0.004944381,0.044516613
Emc10,498.1635231,-1.255236804,0.446897655,-2.808779123,0.004972975,0.044716656
Tax1bp1,930.0893396,1.363383201,0.485425865,2.808633201,0.00497523,0.044716656
Trim46,494.6973648,-1.604502624,0.571414093,-2.807950737,0.004985785,0.044772698
Rab27a,152.2534196,-1.636889729,0.583084435,-2.807294502,0.004995954,0.044825174
Rrp1b,126.5778723,1.829361983,0.652527651,2.803501094,0.005055106,0.045316665
Gal3st3,359.3614224,-1.32450153,0.473554451,-2.796936077,0.005158974,0.046207819
